{
    "country_name": "Honduras",
    "country_id": "HN",
    "provinces": [
        {
            "province_name": "Departamento de Yoro",
            "cities": [
                {
                    "city_name": "Yoro"
                },
                {
                    "city_name": "Yorito"
                },
                {
                    "city_name": "Victoria"
                },
                {
                    "city_name": "Sulaco"
                },
                {
                    "city_name": "Santa Rita"
                },
                {
                    "city_name": "Olanchito"
                },
                {
                    "city_name": "Morazan"
                },
                {
                    "city_name": "Jocon"
                },
                {
                    "city_name": "El Progreso"
                },
                {
                    "city_name": "El Negrito"
                },
                {
                    "city_name": "Arenal"
                }
            ]
        },
        {
            "province_name": "Departamento de Valle",
            "cities": [
                {
                    "city_name": "San Lorenzo"
                },
                {
                    "city_name": "San Francisco de Coray"
                },
                {
                    "city_name": "Nacaome"
                },
                {
                    "city_name": "Langue"
                },
                {
                    "city_name": "Goascoran"
                },
                {
                    "city_name": "Caridad"
                },
                {
                    "city_name": "Aramecina"
                },
                {
                    "city_name": "Amapala"
                },
                {
                    "city_name": "Alianza"
                }
            ]
        },
        {
            "province_name": "Departamento de Santa Barbara",
            "cities": [
                {
                    "city_name": "Trinidad"
                },
                {
                    "city_name": "San Vicente Centenario"
                },
                {
                    "city_name": "Santa Rita"
                },
                {
                    "city_name": "Santa Barbara"
                },
                {
                    "city_name": "San Pedro Zacapa"
                },
                {
                    "city_name": "San Nicolas"
                },
                {
                    "city_name": "San Marcos"
                },
                {
                    "city_name": "San Luis"
                },
                {
                    "city_name": "San Jose de Colinas"
                },
                {
                    "city_name": "San Francisco de Ojuera"
                },
                {
                    "city_name": "Quimistan"
                },
                {
                    "city_name": "Proteccion"
                },
                {
                    "city_name": "Petoa"
                },
                {
                    "city_name": "Nuevo Celilac"
                },
                {
                    "city_name": "Naranjito"
                },
                {
                    "city_name": "Macuelizo"
                },
                {
                    "city_name": "Ilama"
                },
                {
                    "city_name": "Gualala"
                },
                {
                    "city_name": "El Nispero"
                },
                {
                    "city_name": "Concepcion del Sur"
                },
                {
                    "city_name": "Concepcion del Norte"
                },
                {
                    "city_name": "Chinda"
                },
                {
                    "city_name": "Ceguaca"
                },
                {
                    "city_name": "Azacualpa"
                },
                {
                    "city_name": "Atima"
                },
                {
                    "city_name": "Arada"
                },
                {
                    "city_name": "Nueva Frontera"
                },
                {
                    "city_name": "Las Vegas"
                }
            ]
        },
        {
            "province_name": "Departamento de Olancho",
            "cities": [
                {
                    "city_name": "Yocon"
                },
                {
                    "city_name": "Silca"
                },
                {
                    "city_name": "Santa Maria del Real"
                },
                {
                    "city_name": "San Francisco de la Paz"
                },
                {
                    "city_name": "San Francisco de Becerra"
                },
                {
                    "city_name": "San Esteban"
                },
                {
                    "city_name": "Salama"
                },
                {
                    "city_name": "Manto"
                },
                {
                    "city_name": "Mangulile"
                },
                {
                    "city_name": "La Union"
                },
                {
                    "city_name": "La Guata"
                },
                {
                    "city_name": "Juticalpa"
                },
                {
                    "city_name": "Jano"
                },
                {
                    "city_name": "Guayape"
                },
                {
                    "city_name": "Guarizama"
                },
                {
                    "city_name": "Gualaco"
                },
                {
                    "city_name": "Esquipulas del Norte"
                },
                {
                    "city_name": "El Rosario"
                },
                {
                    "city_name": "Dulce Nombre de Culmi"
                },
                {
                    "city_name": "Concordia"
                },
                {
                    "city_name": "Catacamas"
                },
                {
                    "city_name": "Campamento"
                },
                {
                    "city_name": "Patuca"
                }
            ]
        },
        {
            "province_name": "Departamento de Ocotepeque",
            "cities": [
                {
                    "city_name": "Sinuapa"
                },
                {
                    "city_name": "Sensenti"
                },
                {
                    "city_name": "Santa Fe"
                },
                {
                    "city_name": "San Marcos"
                },
                {
                    "city_name": "San Jorge"
                },
                {
                    "city_name": "San Francisco del Valle"
                },
                {
                    "city_name": "San Fernando"
                },
                {
                    "city_name": "Nueva Ocotepeque"
                },
                {
                    "city_name": "Mercedes"
                },
                {
                    "city_name": "Lucerna"
                },
                {
                    "city_name": "La Labor"
                },
                {
                    "city_name": "La Encarnacion"
                },
                {
                    "city_name": "Fraternidad"
                },
                {
                    "city_name": "Dolores Merendon"
                },
                {
                    "city_name": "Concepcion"
                },
                {
                    "city_name": "Belen Gualcho"
                }
            ]
        },
        {
            "province_name": "Departamento de Lempira",
            "cities": [
                {
                    "city_name": "Virginia"
                },
                {
                    "city_name": "Valladolid"
                },
                {
                    "city_name": "Tomala"
                },
                {
                    "city_name": "Tambla"
                },
                {
                    "city_name": "Talgua"
                },
                {
                    "city_name": "Santa Cruz"
                },
                {
                    "city_name": "San Sebastian"
                },
                {
                    "city_name": "San Rafael"
                },
                {
                    "city_name": "San Manuel de Colohete"
                },
                {
                    "city_name": "San Juan Guarita"
                },
                {
                    "city_name": "San Francisco"
                },
                {
                    "city_name": "San Andres"
                },
                {
                    "city_name": "Piraera"
                },
                {
                    "city_name": "Mapulaca"
                },
                {
                    "city_name": "Lepaera"
                },
                {
                    "city_name": "La Virtud"
                },
                {
                    "city_name": "La Union"
                },
                {
                    "city_name": "Las Flores"
                },
                {
                    "city_name": "La Iguala"
                },
                {
                    "city_name": "La Campa"
                },
                {
                    "city_name": "Guarita"
                },
                {
                    "city_name": "Gualcince"
                },
                {
                    "city_name": "Gracias"
                },
                {
                    "city_name": "Erandique"
                },
                {
                    "city_name": "Cololaca"
                },
                {
                    "city_name": "Candelaria"
                },
                {
                    "city_name": "Belen"
                },
                {
                    "city_name": "San Marcos de Caiquin"
                }
            ]
        },
        {
            "province_name": "Departamento de La Paz",
            "cities": [
                {
                    "city_name": "Yarula"
                },
                {
                    "city_name": "Santiago Puringla"
                },
                {
                    "city_name": "Santa Maria"
                },
                {
                    "city_name": "Santa Elena"
                },
                {
                    "city_name": "Santa Ana"
                },
                {
                    "city_name": "San Pedro de Tutule"
                },
                {
                    "city_name": "San Juan"
                },
                {
                    "city_name": "San Jose"
                },
                {
                    "city_name": "San Antonio del Norte"
                },
                {
                    "city_name": "Opatoro"
                },
                {
                    "city_name": "Mercedes de Oriente"
                },
                {
                    "city_name": "Marcala"
                },
                {
                    "city_name": "Lauterique"
                },
                {
                    "city_name": "La Paz"
                },
                {
                    "city_name": "Guajiquiro"
                },
                {
                    "city_name": "Chinacla"
                },
                {
                    "city_name": "Cane"
                },
                {
                    "city_name": "Cabanas"
                },
                {
                    "city_name": "Aguanqueterique"
                }
            ]
        },
        {
            "province_name": "Departamento de Islas de la Bahia",
            "cities": [
                {
                    "city_name": "Utila"
                },
                {
                    "city_name": "Roatan"
                },
                {
                    "city_name": "Jose Santos Guardiola"
                },
                {
                    "city_name": "Guanaja"
                }
            ]
        },
        {
            "province_name": "Departamento de Intibuca",
            "cities": [
                {
                    "city_name": "Yamaranguila"
                },
                {
                    "city_name": "Santa Lucia"
                },
                {
                    "city_name": "San Miguelito"
                },
                {
                    "city_name": "San Marcos de Sierra"
                },
                {
                    "city_name": "San Juan"
                },
                {
                    "city_name": "San Isidro"
                },
                {
                    "city_name": "San Antonio"
                },
                {
                    "city_name": "Masaguara"
                },
                {
                    "city_name": "Magdalena"
                },
                {
                    "city_name": "La Esperanza"
                },
                {
                    "city_name": "Jesus de Otoro"
                },
                {
                    "city_name": "Intibuca"
                },
                {
                    "city_name": "Dolores"
                },
                {
                    "city_name": "Concepcion"
                },
                {
                    "city_name": "Colomoncagua"
                },
                {
                    "city_name": "Camasca"
                },
                {
                    "city_name": "San Francisco de Opalaca"
                }
            ]
        },
        {
            "province_name": "Departamento de Gracias a Dios",
            "cities": [
                {
                    "city_name": "Wampusirpi"
                },
                {
                    "city_name": "Puerto Lempira"
                },
                {
                    "city_name": "Brus Laguna"
                },
                {
                    "city_name": "Juan Francisco Bulnes"
                },
                {
                    "city_name": "Villeda Morales"
                },
                {
                    "city_name": "Ahuas"
                }
            ]
        },
        {
            "province_name": "Departamento de Francisco Morazan",
            "cities": [
                {
                    "city_name": "Villa de San Francisco"
                },
                {
                    "city_name": "Valle de Angeles"
                },
                {
                    "city_name": "Tatumbla"
                },
                {
                    "city_name": "Talanga"
                },
                {
                    "city_name": "Santa Lucia"
                },
                {
                    "city_name": "Santa Ana"
                },
                {
                    "city_name": "San Miguelito"
                },
                {
                    "city_name": "San Juan de Flores"
                },
                {
                    "city_name": "San Ignacio"
                },
                {
                    "city_name": "San Buenaventura"
                },
                {
                    "city_name": "San Antonio de Oriente"
                },
                {
                    "city_name": "Sabanagrande"
                },
                {
                    "city_name": "Reitoca"
                },
                {
                    "city_name": "Orica"
                },
                {
                    "city_name": "Ojojona"
                },
                {
                    "city_name": "Nueva Armenia"
                },
                {
                    "city_name": "Marale"
                },
                {
                    "city_name": "Maraita"
                },
                {
                    "city_name": "Lepaterique"
                },
                {
                    "city_name": "La Venta"
                },
                {
                    "city_name": "La Libertad"
                },
                {
                    "city_name": "Guaimaca"
                },
                {
                    "city_name": "El Porvenir"
                },
                {
                    "city_name": "Curaren"
                },
                {
                    "city_name": "Distrito Central"
                },
                {
                    "city_name": "Cedros"
                },
                {
                    "city_name": "Alubaren"
                },
                {
                    "city_name": "Vallecillo"
                }
            ]
        },
        {
            "province_name": "Departamento de El Paraiso",
            "cities": [
                {
                    "city_name": "Yuscaran"
                },
                {
                    "city_name": "Yauyupe"
                },
                {
                    "city_name": "Vado Ancho"
                },
                {
                    "city_name": "Texiguat"
                },
                {
                    "city_name": "Teupasenti"
                },
                {
                    "city_name": "Soledad"
                },
                {
                    "city_name": "San Matias"
                },
                {
                    "city_name": "San Lucas"
                },
                {
                    "city_name": "San Antonio de Flores"
                },
                {
                    "city_name": "Potrerillos"
                },
                {
                    "city_name": "Oropoli"
                },
                {
                    "city_name": "Moroceli"
                },
                {
                    "city_name": "Liure"
                },
                {
                    "city_name": "Jacaleapa"
                },
                {
                    "city_name": "Guinope"
                },
                {
                    "city_name": "El Paraiso"
                },
                {
                    "city_name": "Danli"
                },
                {
                    "city_name": "Alauca"
                },
                {
                    "city_name": "Trojes"
                }
            ]
        },
        {
            "province_name": "Departamento de Cortes",
            "cities": [
                {
                    "city_name": "Villanueva"
                },
                {
                    "city_name": "Santa Cruz de Yojoa"
                },
                {
                    "city_name": "San Pedro Sula"
                },
                {
                    "city_name": "San Manuel"
                },
                {
                    "city_name": "San Francisco de Yojoa"
                },
                {
                    "city_name": "San Antonio de Cortes"
                },
                {
                    "city_name": "Potrerillos"
                },
                {
                    "city_name": "Pimienta"
                },
                {
                    "city_name": "Omoa"
                },
                {
                    "city_name": "Choloma"
                },
                {
                    "city_name": "La Lima"
                },
                {
                    "city_name": "Puerto Cortes"
                }
            ]
        },
        {
            "province_name": "Departamento de Copan",
            "cities": [
                {
                    "city_name": "Veracruz"
                },
                {
                    "city_name": "Trinidad de Copan"
                },
                {
                    "city_name": "Santa Rosa de Copan"
                },
                {
                    "city_name": "Santa Rita"
                },
                {
                    "city_name": "San Pedro de Copan"
                },
                {
                    "city_name": "San Nicolas"
                },
                {
                    "city_name": "San Juan de Opoa"
                },
                {
                    "city_name": "San Jose de Copan"
                },
                {
                    "city_name": "San Jeronimo"
                },
                {
                    "city_name": "San Antonio"
                },
                {
                    "city_name": "San Agustin"
                },
                {
                    "city_name": "Nueva Arcadia"
                },
                {
                    "city_name": "La Union"
                },
                {
                    "city_name": "La Jigua"
                },
                {
                    "city_name": "Florida"
                },
                {
                    "city_name": "El Paraiso"
                },
                {
                    "city_name": "Dulce Nombre"
                },
                {
                    "city_name": "Dolores"
                },
                {
                    "city_name": "Cucuyagua"
                },
                {
                    "city_name": "Corquin"
                },
                {
                    "city_name": "Copan Ruinas"
                },
                {
                    "city_name": "Concepcion"
                },
                {
                    "city_name": "Cabanas"
                }
            ]
        },
        {
            "province_name": "Departamento de Comayagua",
            "cities": [
                {
                    "city_name": "Villa de San Antonio"
                },
                {
                    "city_name": "Siguatepeque"
                },
                {
                    "city_name": "San Sebastian"
                },
                {
                    "city_name": "San Luis"
                },
                {
                    "city_name": "San Jose del Potrero"
                },
                {
                    "city_name": "San Jose de Comayagua"
                },
                {
                    "city_name": "San Jeronimo"
                },
                {
                    "city_name": "Ojos de Agua"
                },
                {
                    "city_name": "Minas de Oro"
                },
                {
                    "city_name": "Meambar"
                },
                {
                    "city_name": "Lejamani"
                },
                {
                    "city_name": "La Trinidad"
                },
                {
                    "city_name": "Lamani"
                },
                {
                    "city_name": "La Libertad"
                },
                {
                    "city_name": "Humuya"
                },
                {
                    "city_name": "Esquias"
                },
                {
                    "city_name": "El Rosario"
                },
                {
                    "city_name": "Comayagua"
                },
                {
                    "city_name": "Ajuterique"
                },
                {
                    "city_name": "Las Lajas"
                },
                {
                    "city_name": "Taulabe"
                }
            ]
        },
        {
            "province_name": "Departamento de Colon",
            "cities": [
                {
                    "city_name": "Trujillo"
                },
                {
                    "city_name": "Tocoa"
                },
                {
                    "city_name": "Sonaguera"
                },
                {
                    "city_name": "Sava"
                },
                {
                    "city_name": "Santa Rosa de Aguan"
                },
                {
                    "city_name": "Santa Fe"
                },
                {
                    "city_name": "Limon"
                },
                {
                    "city_name": "Iriona"
                },
                {
                    "city_name": "Balfate"
                },
                {
                    "city_name": "Bonito Oriental"
                }
            ]
        },
        {
            "province_name": "Departamento de Choluteca",
            "cities": [
                {
                    "city_name": "Santa Ana de Yusguare"
                },
                {
                    "city_name": "San Marcos de Colon"
                },
                {
                    "city_name": "San Jose"
                },
                {
                    "city_name": "San Isidro"
                },
                {
                    "city_name": "San Antonio de Flores"
                },
                {
                    "city_name": "Pespire"
                },
                {
                    "city_name": "Orocuina"
                },
                {
                    "city_name": "Namasigue"
                },
                {
                    "city_name": "Morolica"
                },
                {
                    "city_name": "Marcovia"
                },
                {
                    "city_name": "El Triunfo"
                },
                {
                    "city_name": "El Corpus"
                },
                {
                    "city_name": "Duyure"
                },
                {
                    "city_name": "Concepcion de Maria"
                },
                {
                    "city_name": "Choluteca"
                },
                {
                    "city_name": "Apacilagua"
                }
            ]
        },
        {
            "province_name": "Departamento de Atlantida",
            "cities": [
                {
                    "city_name": "Tela"
                },
                {
                    "city_name": "San Francisco"
                },
                {
                    "city_name": "La Masica"
                },
                {
                    "city_name": "La Ceiba"
                },
                {
                    "city_name": "Jutiapa"
                },
                {
                    "city_name": "Esparta"
                },
                {
                    "city_name": "El Porvenir"
                },
                {
                    "city_name": "Arizona"
                }
            ]
        }
    ]
}