[
  {
    "code": "ad",
    "countries": "Andorra",
    "languageCode": "ca",
    "languageName": "Catalan"
  },
  {
    "code": "ae",
    "countries": "United Arab Emirates",
    "languageCode": "ar",
    "languageName": "Arabic"
  },
  {
    "code": "af",
    "countries": "Afghanistan",
    "languageCode": "fa",
    "languageName": "Persian"
  },
  {
    "code": "ai",
    "countries": "Anguilla",
    "languageCode": "en",
    "languageName": "English"
  },
  {
    "code": "al",
    "countries": "Albania",
    "languageCode": "sq",
    "languageName": "Albanian"
  },
  {
    "code": "am",
    "countries": "Armenia",
    "languageCode": "hy",
    "languageName": "Armenian"
  },
  {
    "code": "ao",
    "countries": "Angola",
    "languageCode": "pt",
    "languageName": "Portuguese"
  },
  {
    "code": "aq",
    "countries": "Antarctica",
    "languageCode": "en",
    "languageName": "English"
  },
  {
    "code": "ar",
    "countries": "Argentina",
    "languageCode": "es",
    "languageName": "Spanish"
  },
  {
    "code": "as",
    "countries": "American Samoa",
    "languageCode": "en",
    "languageName": "English"
  },
  {
    "code": "at",
    "countries": "Austria",
    "languageCode": "de",
    "languageName": "German"
  },
  {
    "code": "au",
    "countries": "Australia",
    "languageCode": "en",
    "languageName": "English"
  },
  {
    "code": "aw",
    "countries": "Aruba",
    "languageCode": "nl",
    "languageName": "Dutch"
  },
  {
    "code": "ax",
    "countries": "Åland Islands",
    "languageCode": "sv",
    "languageName": "Swedish"
  },
  {
    "code": "az",
    "countries": "Azerbaijan",
    "languageCode": "az",
    "languageName": "Azerbaijani"
  },
  {
    "code": "ba",
    "countries": "Bosnia and Herzegovina",
    "languageCode": "bs",
    "languageName": "Bosnian"
  },
  {
    "code": "bb",
    "countries": "Barbados",
    "languageCode": "en",
    "languageName": "English"
  },
  {
    "code": "bd",
    "countries": "Bangladesh",
    "languageCode": "bn",
    "languageName": "Bengali"
  },
  {
    "code": "be",
    "countries": "Belgium",
    "languageCode": "nl",
    "languageName": "Dutch"
  },
  {
    "code": "bf",
    "countries": "Burkina Faso",
    "languageCode": "fr",
    "languageName": "French"
  },
  {
    "code": "bg",
    "countries": "Bulgaria",
    "languageCode": "bg",
    "languageName": "Bulgarian"
  },
  {
    "code": "bh",
    "countries": "Bahrain",
    "languageCode": "ar",
    "languageName": "Arabic"
  },
  {
    "code": "bi",
    "countries": "Burundi",
    "languageCode": "fr",
    "languageName": "French"
  },
  {
    "code": "bj",
    "countries": "Benin",
    "languageCode": "fr",
    "languageName": "French"
  },
  {
    "code": "bl",
    "countries": "Saint Barthélemy",
    "languageCode": "fr",
    "languageName": "French"
  },
  {
    "code": "bm",
    "countries": "Bermuda",
    "languageCode": "en",
    "languageName": "English"
  },
  {
    "code": "bn",
    "countries": "Brunei",
    "languageCode": "ms",
    "languageName": "Malay"
  },
  {
    "code": "bo",
    "countries": "Bolivia",
    "languageCode": "es",
    "languageName": "Spanish"
  },
  {
    "code": "bq",
    "countries": "Caribbean Netherlands",
    "languageCode": "nl",
    "languageName": "Dutch"
  },
  {
    "code": "br",
    "countries": "Brazil",
    "languageCode": "pt",
    "languageName": "Portuguese"
  },
  {
    "code": "bs",
    "countries": "Bahamas",
    "languageCode": "en",
    "languageName": "English"
  },
  {
    "code": "bt",
    "countries": "Bhutan",
    "languageCode": "dz",
    "languageName": "Dzongkha"
  },
  {
    "code": "bv",
    "countries": "Bouvet Island",
    "languageCode": "no",
    "languageName": "Norwegian"
  },
  {
    "code": "bw",
    "countries": "Botswana",
    "languageCode": "en",
    "languageName": "English"
  },
  {
    "code": "by",
    "countries": "Belarus",
    "languageCode": "be",
    "languageName": "Belarusian"
  },
  {
    "code": "bz",
    "countries": "Belize",
    "languageCode": "en",
    "languageName": "English"
  },
  {
    "code": "ca",
    "countries": "Canada",
    "languageCode": "en",
    "languageName": "English"
  },
  {
    "code": "cc",
    "countries": "Cocos (Keeling) Islands",
    "languageCode": "en",
    "languageName": "English"
  },
  {
    "code": "cd",
    "countries": "DR Congo",
    "languageCode": "fr",
    "languageName": "French"
  },
  {
    "code": "cf",
    "countries": "Central African Republic",
    "languageCode": "fr",
    "languageName": "French"
  },
  {
    "code": "cg",
    "countries": "Republic of the Congo",
    "languageCode": "fr",
    "languageName": "French"
  },
  {
    "code": "ch",
    "countries": "Switzerland",
    "languageCode": "de",
    "languageName": "German"
  },
  {
    "code": "ci",
    "countries": "Côte d'Ivoire (Ivory Coast)",
    "languageCode": "fr",
    "languageName": "French"
  },
  {
    "code": "ck",
    "countries": "Cook Islands",
    "languageCode": "en",
    "languageName": "English"
  },
  {
    "code": "cl",
    "countries": "Chile",
    "languageCode": "es",
    "languageName": "Spanish"
  },
  {
    "code": "cm",
    "countries": "Cameroon",
    "languageCode": "fr",
    "languageName": "French"
  },
  {
    "code": "cn",
    "countries": "China",
    "languageCode": "zh",
    "languageName": "Chinese"
  },
  {
    "code": "co",
    "countries": "Colombia",
    "languageCode": "es",
    "languageName": "Spanish"
  },
  {
    "code": "cr",
    "countries": "Costa Rica",
    "languageCode": "es",
    "languageName": "Spanish"
  },
  {
    "code": "cu",
    "countries": "Cuba",
    "languageCode": "es",
    "languageName": "Spanish"
  },
  {
    "code": "cv",
    "countries": "Cape Verde",
    "languageCode": "pt",
    "languageName": "Portuguese"
  },
  {
    "code": "cw",
    "countries": "Curaçao",
    "languageCode": "nl",
    "languageName": "Dutch"
  },
  {
    "code": "cx",
    "countries": "Christmas Island",
    "languageCode": "en",
    "languageName": "English"
  },
  {
    "code": "cy",
    "countries": "Cyprus",
    "languageCode": "el",
    "languageName": "Greek"
  },
  {
    "code": "cz",
    "countries": "Czechia",
    "languageCode": "cs",
    "languageName": "Czech"
  },
  {
    "code": "de",
    "countries": "Germany",
    "languageCode": "de",
    "languageName": "German"
  },
  {
    "code": "dj",
    "countries": "Djibouti",
    "languageCode": "fr",
    "languageName": "French"
  },
  {
    "code": "dk",
    "countries": "Denmark",
    "languageCode": "da",
    "languageName": "Danish"
  },
  {
    "code": "dm",
    "countries": "Dominica",
    "languageCode": "en",
    "languageName": "English"
  },
  {
    "code": "do",
    "countries": "Dominican Republic",
    "languageCode": "es",
    "languageName": "Spanish"
  },
  {
    "code": "dz",
    "countries": "Algeria",
    "languageCode": "ar",
    "languageName": "Arabic"
  },
  {
    "code": "ec",
    "countries": "Ecuador",
    "languageCode": "es",
    "languageName": "Spanish"
  },
  {
    "code": "ee",
    "countries": "Estonia",
    "languageCode": "et",
    "languageName": "Estonian"
  },
  {
    "code": "eg",
    "countries": "Egypt",
    "languageCode": "ar",
    "languageName": "Arabic"
  },
  {
    "code": "eh",
    "countries": "Western Sahara",
    "languageCode": "ar",
    "languageName": "Arabic"
  },
  {
    "code": "er",
    "countries": "Eritrea",
    "languageCode": "ti",
    "languageName": "Tigrinya"
  },
  {
    "code": "es",
    "countries": "Spain",
    "languageCode": "es",
    "languageName": "Spanish"
  },
  {
    "code": "et",
    "countries": "Ethiopia",
    "languageCode": "am",
    "languageName": "Amharic"
  },
  {
    "code": "eu",
    "countries": "European Union",
    "languageCode": "en",
    "languageName": "English"
  },
  {
    "code": "fi",
    "countries": "Finland",
    "languageCode": "fi",
    "languageName": "Finnish"
  },
  {
    "code": "fj",
    "countries": "Fiji",
    "languageCode": "en",
    "languageName": "English"
  },
  {
    "code": "fk",
    "countries": "Falkland Islands",
    "languageCode": "en",
    "languageName": "English"
  },
  {
    "code": "fm",
    "countries": "Micronesia",
    "languageCode": "en",
    "languageName": "English"
  },
  {
    "code": "fo",
    "countries": "Faroe Islands",
    "languageCode": "fo",
    "languageName": "Faroese"
  },
  {
    "code": "fr",
    "countries": "France",
    "languageCode": "fr",
    "languageName": "French"
  },
  {
    "code": "ga",
    "countries": "Gabon",
    "languageCode": "fr",
    "languageName": "French"
  },
  {
    "code": "gb",
    "countries": "United Kingdom",
    "languageCode": "en",
    "languageName": "English"
  },
  {
    "code": "gd",
    "countries": "Grenada",
    "languageCode": "en",
    "languageName": "English"
  },
  {
    "code": "ge",
    "countries": "Georgia",
    "languageCode": "ka",
    "languageName": "Georgian"
  },
  {
    "code": "gf",
    "countries": "French Guiana",
    "languageCode": "fr",
    "languageName": "French"
  },
  {
    "code": "gg",
    "countries": "Guernsey",
    "languageCode": "en",
    "languageName": "English"
  },
  {
    "code": "gh",
    "countries": "Ghana",
    "languageCode": "en",
    "languageName": "English"
  },
  {
    "code": "gi",
    "countries": "Gibraltar",
    "languageCode": "en",
    "languageName": "English"
  },
  {
    "code": "gl",
    "countries": "Greenland",
    "languageCode": "kl",
    "languageName": "Kalaallisut"
  },
  {
    "code": "gm",
    "countries": "Gambia",
    "languageCode": "en",
    "languageName": "English"
  },
  {
    "code": "gn",
    "countries": "Guinea",
    "languageCode": "fr",
    "languageName": "French"
  },
  {
    "code": "gp",
    "countries": "Guadeloupe",
    "languageCode": "fr",
    "languageName": "French"
  },
  {
    "code": "gq",
    "countries": "Equatorial Guinea",
    "languageCode": "es",
    "languageName": "Spanish"
  },
  {
    "code": "gr",
    "countries": "Greece",
    "languageCode": "el",
    "languageName": "Greek"
  },
  {
    "code": "gs",
    "countries": "South Georgia and the South Sandwich Islands",
    "languageCode": "en",
    "languageName": "English"
  },
  {
    "code": "gt",
    "countries": "Guatemala",
    "languageCode": "es",
    "languageName": "Spanish"
  },
  {
    "code": "gu",
    "countries": "Guam",
    "languageCode": "en",
    "languageName": "English"
  },
  {
    "code": "gw",
    "countries": "Guinea-Bissau",
    "languageCode": "pt",
    "languageName": "Portuguese"
  },
  {
    "code": "gy",
    "countries": "Guyana",
    "languageCode": "en",
    "languageName": "English"
  },
  {
    "code": "hk",
    "countries": "Hong Kong",
    "languageCode": "zh",
    "languageName": "Chinese"
  },
  {
    "code": "hm",
    "countries": "Heard Island and McDonald Islands",
    "languageCode": "en",
    "languageName": "English"
  },
  {
    "code": "hn",
    "countries": "Honduras",
    "languageCode": "es",
    "languageName": "Spanish"
  },
  {
    "code": "hr",
    "countries": "Croatia",
    "languageCode": "hr",
    "languageName": "Croatian"
  },
  {
    "code": "ht",
    "countries": "Haiti",
    "languageCode": "fr",
    "languageName": "French"
  },
  {
    "code": "hu",
    "countries": "Hungary",
    "languageCode": "hu",
    "languageName": "Hungarian"
  },
  {
    "code": "id",
    "countries": "Indonesia",
    "languageCode": "id",
    "languageName": "Indonesian"
  },
  {
    "code": "ie",
    "countries": "Ireland",
    "languageCode": "en",
    "languageName": "English"
  },
  {
    "code": "il",
    "countries": "Israel",
    "languageCode": "he",
    "languageName": "Hebrew"
  },
  {
    "code": "im",
    "countries": "Isle of Man",
    "languageCode": "en",
    "languageName": "English"
  },
  {
    "code": "in",
    "countries": "India",
    "languageCode": "hi",
    "languageName": "Hindi"
  },
  {
    "code": "io",
    "countries": "British Indian Ocean Territory",
    "languageCode": "en",
    "languageName": "English"
  },
  {
    "code": "iq",
    "countries": "Iraq",
    "languageCode": "ar",
    "languageName": "Arabic"
  },
  {
    "code": "ir",
    "countries": "Iran",
    "languageCode": "fa",
    "languageName": "Persian"
  },
  {
    "code": "is",
    "countries": "Iceland",
    "languageCode": "is",
    "languageName": "Icelandic"
  },
  {
    "code": "it",
    "countries": "Italy",
    "languageCode": "it",
    "languageName": "Italian"
  },
  {
    "code": "je",
    "countries": "Jersey",
    "languageCode": "en",
    "languageName": "English"
  },
  {
    "code": "jm",
    "countries": "Jamaica",
    "languageCode": "en",
    "languageName": "English"
  },
  {
    "code": "jo",
    "countries": "Jordan",
    "languageCode": "ar",
    "languageName": "Arabic"
  },
  {
    "code": "jp",
    "countries": "Japan",
    "languageCode": "ja",
    "languageName": "Japanese"
  },
  {
    "code": "ke",
    "countries": "Kenya",
    "languageCode": "en",
    "languageName": "English"
  },
  {
    "code": "kg",
    "countries": "Kyrgyzstan",
    "languageCode": "ky",
    "languageName": "Kyrgyz"
  },
  {
    "code": "kh",
    "countries": "Cambodia",
    "languageCode": "km",
    "languageName": "Khmer"
  },
  {
    "code": "ki",
    "countries": "Kiribati",
    "languageCode": "en",
    "languageName": "English"
  },
  {
    "code": "km",
    "countries": "Comoros",
    "languageCode": "ar",
    "languageName": "Arabic"
  },
  {
    "code": "kn",
    "countries": "Saint Kitts and Nevis",
    "languageCode": "en",
    "languageName": "English"
  },
  {
    "code": "kp",
    "countries": "North Korea",
    "languageCode": "ko",
    "languageName": "Korean"
  },
  {
    "code": "kr",
    "countries": "South Korea",
    "languageCode": "ko",
    "languageName": "Korean"
  },
  {
    "code": "kw",
    "countries": "Kuwait",
    "languageCode": "ar",
    "languageName": "Arabic"
  },
  {
    "code": "ky",
    "countries": "Cayman Islands",
    "languageCode": "en",
    "languageName": "English"
  },
  {
    "code": "kz",
    "countries": "Kazakhstan",
    "languageCode": "kk",
    "languageName": "Kazakh"
  },
  {
    "code": "la",
    "countries": "Laos",
    "languageCode": "lo",
    "languageName": "Lao"
  },
  {
    "code": "lb",
    "countries": "Lebanon",
    "languageCode": "ar",
    "languageName": "Arabic"
  },
  {
    "code": "lc",
    "countries": "Saint Lucia",
    "languageCode": "en",
    "languageName": "English"
  },
  {
    "code": "li",
    "countries": "Liechtenstein",
    "languageCode": "de",
    "languageName": "German"
  },
  {
    "code": "lk",
    "countries": "Sri Lanka",
    "languageCode": "si",
    "languageName": "Sinhala"
  },
  {
    "code": "lr",
    "countries": "Liberia",
    "languageCode": "en",
    "languageName": "English"
  },
  {
    "code": "ls",
    "countries": "Lesotho",
    "languageCode": "en",
    "languageName": "English"
  },
  {
    "code": "lt",
    "countries": "Lithuania",
    "languageCode": "lt",
    "languageName": "Lithuanian"
  },
  {
    "code": "lu",
    "countries": "Luxembourg",
    "languageCode": "fr",
    "languageName": "French"
  },
  {
    "code": "lv",
    "countries": "Latvia",
    "languageCode": "lv",
    "languageName": "Latvian"
  },
  {
    "code": "ly",
    "countries": "Libya",
    "languageCode": "ar",
    "languageName": "Arabic"
  },
  {
    "code": "ma",
    "countries": "Morocco",
    "languageCode": "ar",
    "languageName": "Arabic"
  },
  {
    "code": "mc",
    "countries": "Monaco",
    "languageCode": "fr",
    "languageName": "French"
  },
  {
    "code": "md",
    "countries": "Moldova",
    "languageCode": "ro",
    "languageName": "Romanian"
  },
  {
    "code": "me",
    "countries": "Montenegro",
    "languageCode": "sr",
    "languageName": "Serbian"
  },
  {
    "code": "mf",
    "countries": "Saint Martin",
    "languageCode": "fr",
    "languageName": "French"
  },
  {
    "code": "mg",
    "countries": "Madagascar",
    "languageCode": "fr",
    "languageName": "French"
  },
  {
    "code": "mh",
    "countries": "Marshall Islands",
    "languageCode": "en",
    "languageName": "English"
  },
  {
    "code": "mk",
    "countries": "North Macedonia",
    "languageCode": "mk",
    "languageName": "Macedonian"
  },
  {
    "code": "ml",
    "countries": "Mali",
    "languageCode": "fr",
    "languageName": "French"
  },
  {
    "code": "mm",
    "countries": "Myanmar",
    "languageCode": "my",
    "languageName": "Burmese"
  },
  {
    "code": "mn",
    "countries": "Mongolia",
    "languageCode": "mn",
    "languageName": "Mongolian"
  },
  {
    "code": "mo",
    "countries": "Macau",
    "languageCode": "zh",
    "languageName": "Chinese"
  },
  {
    "code": "mp",
    "countries": "Northern Mariana Islands",
    "languageCode": "en",
    "languageName": "English"
  },
  {
    "code": "mq",
    "countries": "Martinique",
    "languageCode": "fr",
    "languageName": "French"
  },
  {
    "code": "mr",
    "countries": "Mauritania",
    "languageCode": "ar",
    "languageName": "Arabic"
  },
  {
    "code": "ms",
    "countries": "Montserrat",
    "languageCode": "en",
    "languageName": "English"
  },
  {
    "code": "mt",
    "countries": "Malta",
    "languageCode": "mt",
    "languageName": "Maltese"
  },
  {
    "code": "mu",
    "countries": "Mauritius",
    "languageCode": "en",
    "languageName": "English"
  },
  {
    "code": "mv",
    "countries": "Maldives",
    "languageCode": "dv",
    "languageName": "Dhivehi"
  },
  {
    "code": "mw",
    "countries": "Malawi",
    "languageCode": "en",
    "languageName": "English"
  },
  {
    "code": "mx",
    "countries": "Mexico",
    "languageCode": "es",
    "languageName": "Spanish"
  },
  {
    "code": "my",
    "countries": "Malaysia",
    "languageCode": "ms",
    "languageName": "Malay"
  },
  {
    "code": "mz",
    "countries": "Mozambique",
    "languageCode": "pt",
    "languageName": "Portuguese"
  },
  {
    "code": "na",
    "countries": "Namibia",
    "languageCode": "en",
    "languageName": "English"
  },
  {
    "code": "nc",
    "countries": "New Caledonia",
    "languageCode": "fr",
    "languageName": "French"
  },
  {
    "code": "ne",
    "countries": "Niger",
    "languageCode": "fr",
    "languageName": "French"
  },
  {
    "code": "nf",
    "countries": "Norfolk Island",
    "languageCode": "en",
    "languageName": "English"
  },
  {
    "code": "ng",
    "countries": "Nigeria",
    "languageCode": "en",
    "languageName": "English"
  },
  {
    "code": "ni",
    "countries": "Nicaragua",
    "languageCode": "es",
    "languageName": "Spanish"
  },
  {
    "code": "nl",
    "countries": "Netherlands",
    "languageCode": "nl",
    "languageName": "Dutch"
  },
  {
    "code": "no",
    "countries": "Norway",
    "languageCode": "no",
    "languageName": "Norwegian"
  },
  {
    "code": "np",
    "countries": "Nepal",
    "languageCode": "ne",
    "languageName": "Nepali"
  },
  {
    "code": "nr",
    "countries": "Nauru",
    "languageCode": "en",
    "languageName": "English"
  },
  {
    "code": "nu",
    "countries": "Niue",
    "languageCode": "en",
    "languageName": "English"
  },
  {
    "code": "nz",
    "countries": "New Zealand",
    "languageCode": "en",
    "languageName": "English"
  },
  {
    "code": "om",
    "countries": "Oman",
    "languageCode": "ar",
    "languageName": "Arabic"
  },
  {
    "code": "pa",
    "countries": "Panama",
    "languageCode": "es",
    "languageName": "Spanish"
  },
  {
    "code": "pe",
    "countries": "Peru",
    "languageCode": "es",
    "languageName": "Spanish"
  },
  {
    "code": "pf",
    "countries": "French Polynesia",
    "languageCode": "fr",
    "languageName": "French"
  },
  {
    "code": "pg",
    "countries": "Papua New Guinea",
    "languageCode": "en",
    "languageName": "English"
  },
  {
    "code": "ph",
    "countries": "Philippines",
    "languageCode": "en",
    "languageName": "English"
  },
  {
    "code": "pk",
    "countries": "Pakistan",
    "languageCode": "ur",
    "languageName": "Urdu"
  },
  {
    "code": "pl",
    "countries": "Poland",
    "languageCode": "pl",
    "languageName": "Polish"
  },
  {
    "code": "pm",
    "countries": "Saint Pierre and Miquelon",
    "languageCode": "fr",
    "languageName": "French"
  },
  {
    "code": "pn",
    "countries": "Pitcairn",
    "languageCode": "en",
    "languageName": "English"
  },
  {
    "code": "pr",
    "countries": "Puerto Rico",
    "languageCode": "es",
    "languageName": "Spanish"
  },
  {
    "code": "ps",
    "countries": "Palestinian Territory",
    "languageCode": "ar",
    "languageName": "Arabic"
  },
  {
    "code": "pt",
    "countries": "Portugal",
    "languageCode": "pt",
    "languageName": "Portuguese"
  },
  {
    "code": "pw",
    "countries": "Palau",
    "languageCode": "en",
    "languageName": "English"
  },
  {
    "code": "py",
    "countries": "Paraguay",
    "languageCode": "es",
    "languageName": "Spanish"
  },
  {
    "code": "qa",
    "countries": "Qatar",
    "languageCode": "ar",
    "languageName": "Arabic"
  },
  {
    "code": "re",
    "countries": "Reunion",
    "languageCode": "fr",
    "languageName": "French"
  },
  {
    "code": "ro",
    "countries": "Romania",
    "languageCode": "ro",
    "languageName": "Romanian"
  },
  {
    "code": "rs",
    "countries": "Serbia",
    "languageCode": "sr",
    "languageName": "Serbian"
  },
  {
    "code": "ru",
    "countries": "Russia",
    "languageCode": "ru",
    "languageName": "Russian"
  },
  {
    "code": "rw",
    "countries": "Rwanda",
    "languageCode": "en",
    "languageName": "English"
  },
  {
    "code": "sa",
    "countries": "Saudi Arabia",
    "languageCode": "ar",
    "languageName": "Arabic"
  },
  {
    "code": "sb",
    "countries": "Solomon Islands",
    "languageCode": "en",
    "languageName": "English"
  },
  {
    "code": "sc",
    "countries": "Seychelles",
    "languageCode": "en",
    "languageName": "English"
  },
  {
    "code": "sd",
    "countries": "Sudan",
    "languageCode": "ar",
    "languageName": "Arabic"
  },
  {
    "code": "se",
    "countries": "Sweden",
    "languageCode": "sv",
    "languageName": "Swedish"
  },
  {
    "code": "sg",
    "countries": "Singapore",
    "languageCode": "en",
    "languageName": "English"
  },
  {
    "code": "sh",
    "countries": "Saint Helena",
    "languageCode": "en",
    "languageName": "English"
  },
  {
    "code": "si",
    "countries": "Slovenia",
    "languageCode": "sl",
    "languageName": "Slovenian"
  },
  {
    "code": "sj",
    "countries": "Svalbard and Jan Mayen",
    "languageCode": "no",
    "languageName": "Norwegian"
  },
  {
    "code": "sk",
    "countries": "Slovakia",
    "languageCode": "sk",
    "languageName": "Slovak"
  },
  {
    "code": "sl",
    "countries": "Sierra Leone",
    "languageCode": "en",
    "languageName": "English"
  },
  {
    "code": "sm",
    "countries": "San Marino",
    "languageCode": "it",
    "languageName": "Italian"
  },
  {
    "code": "sn",
    "countries": "Senegal",
    "languageCode": "fr",
    "languageName": "French"
  },
  {
    "code": "so",
    "countries": "Somalia",
    "languageCode": "so",
    "languageName": "Somali"
  },
  {
    "code": "sr",
    "countries": "Suriname",
    "languageCode": "nl",
    "languageName": "Dutch"
  },
  {
    "code": "ss",
    "countries": "South Sudan",
    "languageCode": "en",
    "languageName": "English"
  },
  {
    "code": "st",
    "countries": "Sao Tome and Principe",
    "languageCode": "pt",
    "languageName": "Portuguese"
  },
  {
    "code": "sv",
    "countries": "El Salvador",
    "languageCode": "es",
    "languageName": "Spanish"
  },
  {
    "code": "sx",
    "countries": "Sint Maarten",
    "languageCode": "nl",
    "languageName": "Dutch"
  },
  {
    "code": "sy",
    "countries": "Syria",
    "languageCode": "ar",
    "languageName": "Arabic"
  },
  {
    "code": "sz",
    "countries": "Eswatini",
    "languageCode": "en",
    "languageName": "English"
  },
  {
    "code": "tc",
    "countries": "Turks and Caicos Islands",
    "languageCode": "en",
    "languageName": "English"
  },
  {
    "code": "td",
    "countries": "Chad",
    "languageCode": "fr",
    "languageName": "French"
  },
  {
    "code": "tf",
    "countries": "French Southern Territories",
    "languageCode": "fr",
    "languageName": "French"
  },
  {
    "code": "tg",
    "countries": "Togo",
    "languageCode": "fr",
    "languageName": "French"
  },
  {
    "code": "th",
    "countries": "Thailand",
    "languageCode": "th",
    "languageName": "Thai"
  },
  {
    "code": "tj",
    "countries": "Tajikistan",
    "languageCode": "tg",
    "languageName": "Tajik"
  },
  {
    "code": "tk",
    "countries": "Tokelau",
    "languageCode": "en",
    "languageName": "English"
  },
  {
    "code": "tl",
    "countries": "Timor-Leste",
    "languageCode": "pt",
    "languageName": "Portuguese"
  },
  {
    "code": "tm",
    "countries": "Turkmenistan",
    "languageCode": "tk",
    "languageName": "Turkmen"
  },
  {
    "code": "tn",
    "countries": "Tunisia",
    "languageCode": "ar",
    "languageName": "Arabic"
  },
  {
    "code": "to",
    "countries": "Tonga",
    "languageCode": "en",
    "languageName": "English"
  },
  {
    "code": "tr",
    "countries": "Turkey",
    "languageCode": "tr",
    "languageName": "Turkish"
  },
  {
    "code": "tt",
    "countries": "Trinidad and Tobago",
    "languageCode": "en",
    "languageName": "English"
  },
  {
    "code": "tv",
    "countries": "Tuvalu",
    "languageCode": "en",
    "languageName": "English"
  },
  {
    "code": "tz",
    "countries": "Tanzania",
    "languageCode": "en",
    "languageName": "English"
  },
  {
    "code": "ua",
    "countries": "Ukraine",
    "languageCode": "uk",
    "languageName": "Ukrainian"
  },
  {
    "code": "ug",
    "countries": "Uganda",
    "languageCode": "en",
    "languageName": "English"
  },
  {
    "code": "um",
    "countries": "United States Minor Outlying Islands",
    "languageCode": "en",
    "languageName": "English"
  },
  {
    "code": "us",
    "countries": "United States",
    "languageCode": "en",
    "languageName": "English"
  },
  {
    "code": "uy",
    "countries": "Uruguay",
    "languageCode": "es",
    "languageName": "Spanish"
  },
  {
    "code": "uz",
    "countries": "Uzbekistan",
    "languageCode": "uz",
    "languageName": "Uzbek"
  },
  {
    "code": "va",
    "countries": "Vatican",
    "languageCode": "it",
    "languageName": "Italian"
  },
  {
    "code": "vc",
    "countries": "Saint Vincent and the Grenadines",
    "languageCode": "en",
    "languageName": "English"
  },
  {
    "code": "ve",
    "countries": "Venezuela",
    "languageCode": "es",
    "languageName": "Spanish"
  },
  {
    "code": "vg",
    "countries": "Virgin Islands, British",
    "languageCode": "en",
    "languageName": "English"
  },
  {
    "code": "vi",
    "countries": "Virgin Islands, U.S.",
    "languageCode": "en",
    "languageName": "English"
  },
  {
    "code": "vn",
    "countries": "Vietnam",
    "languageCode": "vi",
    "languageName": "Vietnamese"
  },
  {
    "code": "vu",
    "countries": "Vanuatu",
    "languageCode": "fr",
    "languageName": "French"
  },
  {
    "code": "wf",
    "countries": "Wallis and Futuna",
    "languageCode": "fr",
    "languageName": "French"
  },
  {
    "code": "ws",
    "countries": "Samoa",
    "languageCode": "en",
    "languageName": "English"
  },
  {
    "code": "ye",
    "countries": "Yemen",
    "languageCode": "ar",
    "languageName": "Arabic"
  },
  {
    "code": "yt",
    "countries": "Mayotte",
    "languageCode": "fr",
    "languageName": "French"
  },
  {
    "code": "za",
    "countries": "South Africa",
    "languageCode": "en",
    "languageName": "English"
  },
  {
    "code": "zm",
    "countries": "Zambia",
    "languageCode": "en",
    "languageName": "English"
  },
  {
    "code": "zw",
    "countries": "Zimbabwe",
    "languageCode": "en",
    "languageName": "English"
  }
]
