{
  "country_name": "Malaysia",
  "country_id": "MY",
  "provinces": [
    {
      "province_name": "Melaka",
      "cities": [{ "city_name": "Melaka" }]
    },
    {
      "province_name": "Terengganu",
      "cities": [
        { "city_name": "Daerah Setiu" },
        { "city_name": "Daerah Besut" },
        { "city_name": "Kuala Terengganu" },
        { "city_name": "Cukai" }
      ]
    },
    {
      "province_name": "Selangor",
      "cities": [
        { "city_name": "Kuala Selangor" },
        { "city_name": "Klang" },
        { "city_name": "Kuala Langat" },
        { "city_name": "Sepang" },
        { "city_name": "Gombak" },
        { "city_name": "Hulu Selangor" },
        { "city_name": "Petaling" },
        { "city_name": "Hulu Langat" },
        { "city_name": "Sabak Bernam" },
        { "city_name": "Klang" },
        { "city_name": "Petaling Jaya" },
        { "city_name": "Shah Alam" },
        { "city_name": "Kajang" }
      ]
    },
    {
      "province_name": "Sarawak",
      "cities": [
        { "city_name": "Bahagian Kuching" },
        { "city_name": "Bahagian Sarikei" },
        { "city_name": "Bahagian Sri Aman" },
        { "city_name": "Bahagian Sibu" },
        { "city_name": "Bahagian Limbang" },
        { "city_name": "Bahagian Kapit" },
        { "city_name": "Bahagian Miri" },
        { "city_name": "Bahagian Bintulu" },
        { "city_name": "Bahagian Samarahan" },
        { "city_name": "Kuching" },
        { "city_name": "Sibu" },
        { "city_name": "Miri" },
        { "city_name": "Bintulu" },
        { "city_name": "Simanggang" }
      ]
    },
    {
      "province_name": "Sabah",
      "cities": [
        { "city_name": "Bahagian Pantai Barat" },
        { "city_name": "Bahagian Sandakan" },
        { "city_name": "Bahagian Tawau" },
        { "city_name": "Bahagian Pedalaman" },
        { "city_name": "Bahagian Pantai Barat" },
        { "city_name": "Bahagian Kudat" },
        { "city_name": "Kota Kinabalu" },
        { "city_name": "Sandakan" },
        { "city_name": "Lahad Datu" },
        { "city_name": "Keningau" },
        { "city_name": "Tuaran" },
        { "city_name": "Tawau" }
      ]
    },
    {
      "province_name": "Perak",
      "cities": [
        { "city_name": "Larut Matang & Selama" },
        { "city_name": "Daerah Kuala Kangsar" },
        { "city_name": "Daerah Kinta" },
        { "city_name": "Ipoh" },
        { "city_name": "Teluk Intan" },
        { "city_name": "Taiping" },
        { "city_name": "Batu Gajah" }
      ]
    },
    {
      "province_name": "Pahang",
      "cities": [
        { "city_name": "Temerluh" },
        { "city_name": "Bera" },
        { "city_name": "Daerah Jerantut" },
        { "city_name": "Cameron Highlands" },
        { "city_name": "Kuantan" }
      ]
    },
    {
      "province_name": "Kelantan",
      "cities": [
        { "city_name": "Tanah Merah" },
        { "city_name": "Kota Bharu" },
        { "city_name": "Jeli" },
        { "city_name": "Kuala Krai" },
        { "city_name": "Kota Bharu" },
        { "city_name": "Tumpat" }
      ]
    },
    {
      "province_name": "Pulau Pinang",
      "cities": [
        { "city_name": "Selatan" },
        { "city_name": "Daerah Timur Laut" },
        { "city_name": "Daerah Barat Daya" },
        { "city_name": "Utara" },
        { "city_name": "Barat Daya" },
        { "city_name": "Seberang Perai" },
        { "city_name": "George Town" },
        { "city_name": "Seberang Jaya" },
        { "city_name": "Bayan Lepas" },
        { "city_name": "Butterworth" }
      ]
    },
    {
      "province_name": "Kedah",
      "cities": [
        { "city_name": "Langkawi" },
        { "city_name": "Kulim" },
        { "city_name": "Bandar Baharu" },
        { "city_name": "Baling" },
        { "city_name": "Yan" },
        { "city_name": "Kubang Pasu" },
        { "city_name": "Padang Terap" },
        { "city_name": "Pendang" },
        { "city_name": "Daerah Kota Setar" },
        { "city_name": "Kuala Muda" },
        { "city_name": "Naga Lilit" },
        { "city_name": "Bagan Sena" },
        { "city_name": "Bakai" },
        { "city_name": "Mahang" },
        { "city_name": "Sungai Petani" },
        { "city_name": "Alor Setar" }
      ]
    },
    {
      "province_name": "Johor",
      "cities": [
        { "city_name": "Daerah Batu Pahat" },
        { "city_name": "Daerah Pontian" },
        { "city_name": "Daerah Kota Tinggi" },
        { "city_name": "Daerah Johor Baharu" },
        { "city_name": "Daerah Keluang" },
        { "city_name": "Daerah Mersing" },
        { "city_name": "Daerah Segamat" },
        { "city_name": "Daerah Muar" },
        { "city_name": "Daerha Rompin" },
        { "city_name": "Johor Bahru" },
        { "city_name": "Kluang" },
        { "city_name": "Muar" },
        { "city_name": "Pasir Gudang" },
        { "city_name": "Kulai" },
        { "city_name": "Segamat" },
        { "city_name": "Batu Pahat" },
        { "city_name": "Taman Johor Jaya" }
      ]
    },
    {
      "province_name": "Negeri Sembilan",
      "cities": [{ "city_name": "Seremban" }, { "city_name": "Port Dickson" }]
    },
    {
      "province_name": "Perlis",
      "cities": [{ "city_name": "Kangar" }]
    },
    {
      "province_name": "Kuala Lumpur",
      "cities": [{ "city_name": "Kuala Lumpur" }]
    },
    {
      "province_name": "Labuan",
      "cities": [{ "city_name": "Labuan" }]
    },
    {
      "province_name": "Putrajaya",
      "cities": [{ "city_name": "Putrajaya" }]
    }
  ]
}
