{
    "country_name": "Jamaica",
    "country_id": "JM",
    "provinces": [
        {
            "province_name": "Westmoreland",
            "cities": [
                {
                    "city_name": "Negril"
                },
                {
                    "city_name": "Little London"
                },
                {
                    "city_name": "Frome"
                },
                {
                    "city_name": "Bethel Town"
                },
                {
                    "city_name": "Darliston"
                },
                {
                    "city_name": "Water Works"
                },
                {
                    "city_name": "Smithfield"
                },
                {
                    "city_name": "Gooden's River"
                },
                {
                    "city_name": "Chantilly"
                },
                {
                    "city_name": "Russia"
                },
                {
                    "city_name": "Harmony Town"
                },
                {
                    "city_name": "Content"
                },
                {
                    "city_name": "Bluefields"
                },
                {
                    "city_name": "Whitehouse"
                },
                {
                    "city_name": "Three Mile River"
                },
                {
                    "city_name": "Cave"
                },
                {
                    "city_name": "Seaton Crescent"
                },
                {
                    "city_name": "12th Street"
                },
                {
                    "city_name": "New Market Oval"
                },
                {
                    "city_name": "Cornwall Mountian"
                },
                {
                    "city_name": "Big Bridge"
                },
                {
                    "city_name": "St. Leonards"
                },
                {
                    "city_name": "Llandilo"
                },
                {
                    "city_name": "Town Head"
                },
                {
                    "city_name": "Porters Mountain"
                },
                {
                    "city_name": "Bath Mountain"
                },
                {
                    "city_name": "Truro"
                },
                {
                    "city_name": "Grange"
                },
                {
                    "city_name": "Jerusalem"
                },
                {
                    "city_name": "Delveland"
                },
                {
                    "city_name": "Red Hills"
                },
                {
                    "city_name": "Georges Plain"
                },
                {
                    "city_name": "Burnt Savannah"
                },
                {
                    "city_name": "Mackfield"
                },
                {
                    "city_name": "Fort Williams"
                },
                {
                    "city_name": "Fullersfield"
                },
                {
                    "city_name": "Strawberry"
                },
                {
                    "city_name": "Mount Stewart"
                },
                {
                    "city_name": "Roaring River"
                },
                {
                    "city_name": "Shefield"
                },
                {
                    "city_name": "Grange Hill"
                },
                {
                    "city_name": "Haddo"
                },
                {
                    "city_name": "Barneyside"
                },
                {
                    "city_name": "Paul Island"
                },
                {
                    "city_name": "Amity"
                },
                {
                    "city_name": "Hertford"
                },
                {
                    "city_name": "Bath"
                },
                {
                    "city_name": "Lambs River"
                },
                {
                    "city_name": "Struie"
                },
                {
                    "city_name": "Petersfield"
                },
                {
                    "city_name": "Caledonia"
                },
                {
                    "city_name": "Mount Airy"
                },
                {
                    "city_name": "Revival"
                },
                {
                    "city_name": "Ferris"
                },
                {
                    "city_name": "Amity"
                },
                {
                    "city_name": "Shoalin Grotto"
                },
                {
                    "city_name": "Belvedere"
                },
                {
                    "city_name": "Seaford Town"
                },
                {
                    "city_name": "Orange Hill"
                },
                {
                    "city_name": "Savannah-la-mar Business Dist."
                },
                {
                    "city_name": "Ashton"
                },
                {
                    "city_name": "Cairn Curran"
                },
                {
                    "city_name": "Beaufort"
                },
                {
                    "city_name": "Strathbogie"
                },
                {
                    "city_name": "Broughton"
                },
                {
                    "city_name": "Lenox Bigwoods"
                },
                {
                    "city_name": "Leamington"
                },
                {
                    "city_name": "Dundee"
                },
                {
                    "city_name": "Enfield"
                },
                {
                    "city_name": "Berkshire"
                },
                {
                    "city_name": "Beeston Spring"
                },
                {
                    "city_name": "Bog"
                },
                {
                    "city_name": "Carmel"
                },
                {
                    "city_name": "Dillion Bigwoods"
                },
                {
                    "city_name": "Kilmarnoch"
                },
                {
                    "city_name": "Kentucky"
                },
                {
                    "city_name": "Mearnsville"
                },
                {
                    "city_name": "New Roads"
                },
                {
                    "city_name": "New Works"
                },
                {
                    "city_name": "Petersville"
                },
                {
                    "city_name": "Whithorn"
                },
                {
                    "city_name": "Williamsfield"
                }
            ]
        },
        {
            "province_name": "Trelawny",
            "cities": [
                {
                    "city_name": "Troy"
                },
                {
                    "city_name": "Granville"
                },
                {
                    "city_name": "Falmouth"
                },
                {
                    "city_name": "Duncans"
                },
                {
                    "city_name": "Salt Marsh"
                },
                {
                    "city_name": "Jackson Town"
                },
                {
                    "city_name": "Sawyers"
                },
                {
                    "city_name": "St. Vincent"
                },
                {
                    "city_name": "Wilson's Run"
                },
                {
                    "city_name": "Perth Town"
                },
                {
                    "city_name": "Sherwood Content"
                },
                {
                    "city_name": "Bunkers Hill"
                },
                {
                    "city_name": "Hampden"
                },
                {
                    "city_name": "Alps"
                },
                {
                    "city_name": "Bounty Hall"
                },
                {
                    "city_name": "Brampton"
                },
                {
                    "city_name": "Clarks Town"
                },
                {
                    "city_name": "Daniel Town"
                },
                {
                    "city_name": "Deeside"
                },
                {
                    "city_name": "Duanvale"
                },
                {
                    "city_name": "Freemans Hall"
                },
                {
                    "city_name": "Joe Hut"
                },
                {
                    "city_name": "Kinloss"
                },
                {
                    "city_name": "Lorrimers"
                },
                {
                    "city_name": "Martha Brae"
                },
                {
                    "city_name": "Refuge"
                },
                {
                    "city_name": "Rio Bueno"
                },
                {
                    "city_name": "Samuels Prospect"
                },
                {
                    "city_name": "Spicy Hill"
                },
                {
                    "city_name": "Spring Garden"
                },
                {
                    "city_name": "Stettin"
                },
                {
                    "city_name": "Stewart Town"
                },
                {
                    "city_name": "Ulster Spring"
                },
                {
                    "city_name": "Wait-A-Bit"
                },
                {
                    "city_name": "Wakefield"
                },
                {
                    "city_name": "Warsop"
                },
                {
                    "city_name": "Wirefence"
                },
                {
                    "city_name": "Albert Town"
                }
            ]
        },
        {
            "province_name": "Saint Thomas",
            "cities": [
                {
                    "city_name": "Hillside"
                },
                {
                    "city_name": "White Hall"
                },
                {
                    "city_name": "Somerset"
                },
                {
                    "city_name": "Johnson Mountain"
                },
                {
                    "city_name": "Amity Hall"
                },
                {
                    "city_name": "Hayfield"
                },
                {
                    "city_name": "Easington"
                },
                {
                    "city_name": "Duckenfield"
                },
                {
                    "city_name": "Morant Bay"
                },
                {
                    "city_name": "White Horses"
                },
                {
                    "city_name": "Port Morant"
                },
                {
                    "city_name": "Barking Lodge"
                },
                {
                    "city_name": "Yallahs"
                },
                {
                    "city_name": "Wilmington"
                },
                {
                    "city_name": "Hampton Court"
                },
                {
                    "city_name": "Pamphret"
                },
                {
                    "city_name": "Lloyds"
                },
                {
                    "city_name": "Airy Castle"
                },
                {
                    "city_name": "Albion"
                },
                {
                    "city_name": "Middleton"
                },
                {
                    "city_name": "Arcadia"
                },
                {
                    "city_name": "Bath"
                },
                {
                    "city_name": "Bethel"
                },
                {
                    "city_name": "Cedar Valley"
                },
                {
                    "city_name": "Dalvey"
                },
                {
                    "city_name": "Danvers Pen"
                },
                {
                    "city_name": "Duhaney Pen"
                },
                {
                    "city_name": "Eleven Miles"
                },
                {
                    "city_name": "Font Hill"
                },
                {
                    "city_name": "Golden Grove"
                },
                {
                    "city_name": "Hagley Gap"
                },
                {
                    "city_name": "Leith Hall"
                },
                {
                    "city_name": "Johns Town"
                },
                {
                    "city_name": "Jones Pen"
                },
                {
                    "city_name": "Llandewey"
                },
                {
                    "city_name": "Lyssons"
                },
                {
                    "city_name": "New Monkland"
                },
                {
                    "city_name": "Pear Tree"
                },
                {
                    "city_name": "Poormans Corner"
                },
                {
                    "city_name": "Prospect"
                },
                {
                    "city_name": "Ramble"
                },
                {
                    "city_name": "Retreat"
                },
                {
                    "city_name": "Richmond Vale"
                },
                {
                    "city_name": "Seaforth"
                },
                {
                    "city_name": "River Head"
                },
                {
                    "city_name": "Rowlandsfield"
                },
                {
                    "city_name": "Spring Bank"
                },
                {
                    "city_name": "Spring Garden"
                },
                {
                    "city_name": "Sunning Hill"
                },
                {
                    "city_name": "Trinityville"
                },
                {
                    "city_name": "Wheelerfield"
                },
                {
                    "city_name": "Winchester"
                },
                {
                    "city_name": "York"
                },
                {
                    "city_name": "Baptist"
                },
                {
                    "city_name": "Church Corner"
                },
                {
                    "city_name": "Mount Lebanus"
                }
            ]
        },
        {
            "province_name": "Saint Mary",
            "cities": [
                {
                    "city_name": "Woodpark"
                },
                {
                    "city_name": "Bonnygate"
                },
                {
                    "city_name": "Retreat"
                },
                {
                    "city_name": "Islington"
                },
                {
                    "city_name": "Port Maria"
                },
                {
                    "city_name": "Oracabessa"
                },
                {
                    "city_name": "Gayle"
                },
                {
                    "city_name": "Sandside"
                },
                {
                    "city_name": "Carron Hall"
                },
                {
                    "city_name": "Belfield"
                },
                {
                    "city_name": "Castleton"
                },
                {
                    "city_name": "Highgate"
                },
                {
                    "city_name": "Camberwell"
                },
                {
                    "city_name": "Clonmel"
                },
                {
                    "city_name": "Richmond"
                },
                {
                    "city_name": "Guys Hill"
                },
                {
                    "city_name": "Annotto Bay"
                },
                {
                    "city_name": "Amiel Town"
                },
                {
                    "city_name": "Baileys Vale"
                },
                {
                    "city_name": "Baxter Mountain"
                },
                {
                    "city_name": "Broadgate"
                },
                {
                    "city_name": "Charles Town"
                },
                {
                    "city_name": "Devon Pen"
                },
                {
                    "city_name": "Dover"
                },
                {
                    "city_name": "Free Hill"
                },
                {
                    "city_name": "Enfield"
                },
                {
                    "city_name": "Epson"
                },
                {
                    "city_name": "Long Road"
                },
                {
                    "city_name": "Flint River"
                },
                {
                    "city_name": "Friendship Gap"
                },
                {
                    "city_name": "Galina"
                },
                {
                    "city_name": "Hampstead"
                },
                {
                    "city_name": "Jacks River"
                },
                {
                    "city_name": "Jeffery Town"
                },
                {
                    "city_name": "Labyrinth"
                },
                {
                    "city_name": "Lucky Hill"
                },
                {
                    "city_name": "Mango Valley"
                },
                {
                    "city_name": "Martin"
                },
                {
                    "city_name": "Mason Hall"
                },
                {
                    "city_name": "Mile Gully"
                },
                {
                    "city_name": "Robins Bay"
                },
                {
                    "city_name": "Prospect"
                },
                {
                    "city_name": "Scotts Hall"
                },
                {
                    "city_name": "Woodside"
                },
                {
                    "city_name": "Brainerd"
                }
            ]
        },
        {
            "province_name": "Saint James",
            "cities": [
                {
                    "city_name": "Retrieve"
                },
                {
                    "city_name": "Stonehenge"
                },
                {
                    "city_name": "Norwood"
                },
                {
                    "city_name": "Dumfries"
                },
                {
                    "city_name": "Flankers"
                },
                {
                    "city_name": "Flower Hill"
                },
                {
                    "city_name": "Orange"
                },
                {
                    "city_name": "Porto Bello"
                },
                {
                    "city_name": "Mount Salem"
                },
                {
                    "city_name": "Rose Mount Garden"
                },
                {
                    "city_name": "John's Hall"
                },
                {
                    "city_name": "Bogue"
                },
                {
                    "city_name": "Catherine Mount"
                },
                {
                    "city_name": "Sunderland"
                },
                {
                    "city_name": "Mount Horeb"
                },
                {
                    "city_name": "Cambridge"
                },
                {
                    "city_name": "Catadupa"
                },
                {
                    "city_name": "Paradise"
                },
                {
                    "city_name": "Tucker"
                },
                {
                    "city_name": "Tower Hill/Moy Hall"
                },
                {
                    "city_name": "Arcadia"
                },
                {
                    "city_name": "Glendevon"
                },
                {
                    "city_name": "Adelphi"
                },
                {
                    "city_name": "Albion"
                },
                {
                    "city_name": "Anchovy"
                },
                {
                    "city_name": "Barrett Town"
                },
                {
                    "city_name": "Bickersteth"
                },
                {
                    "city_name": "Brandon Hill"
                },
                {
                    "city_name": "Catherine Hall"
                },
                {
                    "city_name": "Canterbury"
                },
                {
                    "city_name": "Comfort Hall"
                },
                {
                    "city_name": "Cornwall"
                },
                {
                    "city_name": "Coral Gardens"
                },
                {
                    "city_name": "Down Town Montego Bay"
                },
                {
                    "city_name": "Lottery"
                },
                {
                    "city_name": "Fairfield"
                },
                {
                    "city_name": "Farm Heights"
                },
                {
                    "city_name": "Flagstaff"
                },
                {
                    "city_name": "Flamstead"
                },
                {
                    "city_name": "Garlands"
                },
                {
                    "city_name": "Friendship"
                },
                {
                    "city_name": "Granville"
                },
                {
                    "city_name": "Goodwill"
                },
                {
                    "city_name": "Green Pond"
                },
                {
                    "city_name": "Greenwood"
                },
                {
                    "city_name": "Hopeton"
                },
                {
                    "city_name": "Ironshore"
                },
                {
                    "city_name": "Irwin"
                },
                {
                    "city_name": "Lilliput"
                },
                {
                    "city_name": "Maldon"
                },
                {
                    "city_name": "Maroon Town"
                },
                {
                    "city_name": "Mocho"
                },
                {
                    "city_name": "Niagara"
                },
                {
                    "city_name": "Montego Hill"
                },
                {
                    "city_name": "Montpelier"
                },
                {
                    "city_name": "Mount Carey"
                },
                {
                    "city_name": "Reading"
                },
                {
                    "city_name": "Retirement"
                },
                {
                    "city_name": "Roehampton"
                },
                {
                    "city_name": "Rose Hall"
                },
                {
                    "city_name": "Rose Heights"
                },
                {
                    "city_name": "Rosemount"
                },
                {
                    "city_name": "Salt Spring"
                },
                {
                    "city_name": "Seven Rivers"
                },
                {
                    "city_name": "Somerton"
                },
                {
                    "city_name": "Spot Valley"
                },
                {
                    "city_name": "Summer Hill"
                },
                {
                    "city_name": "Tangle River"
                },
                {
                    "city_name": "Unity Hall"
                },
                {
                    "city_name": "Vaughnsfield"
                },
                {
                    "city_name": "West Green"
                },
                {
                    "city_name": "Welcome Hall"
                },
                {
                    "city_name": "Pitfour"
                }
            ]
        },
        {
            "province_name": "Saint Elizabeth",
            "cities": [
                {
                    "city_name": "Thornton"
                },
                {
                    "city_name": "Ginger Hill"
                },
                {
                    "city_name": "Potsdam"
                },
                {
                    "city_name": "White Hill"
                },
                {
                    "city_name": "Brighton"
                },
                {
                    "city_name": "Giddy Hall"
                },
                {
                    "city_name": "Newton"
                },
                {
                    "city_name": "Treasure Beach"
                },
                {
                    "city_name": "Holland"
                },
                {
                    "city_name": "Braes River"
                },
                {
                    "city_name": "Slipe"
                },
                {
                    "city_name": "Goshen"
                },
                {
                    "city_name": "Crawford"
                },
                {
                    "city_name": "Santa Cruz"
                },
                {
                    "city_name": "Scholefield"
                },
                {
                    "city_name": "Mountainside"
                },
                {
                    "city_name": "Malvern"
                },
                {
                    "city_name": "Parottee"
                },
                {
                    "city_name": "Bigwoods"
                },
                {
                    "city_name": "Ballards  Valley"
                },
                {
                    "city_name": "Southfield"
                },
                {
                    "city_name": "Aberdeen"
                },
                {
                    "city_name": "Maggotty"
                },
                {
                    "city_name": "Pepper"
                },
                {
                    "city_name": "Black River"
                },
                {
                    "city_name": "Bogue"
                },
                {
                    "city_name": "Lacovia"
                },
                {
                    "city_name": "Merrywood"
                },
                {
                    "city_name": "Accompong"
                },
                {
                    "city_name": "Barbary Hall"
                },
                {
                    "city_name": "Balaclava"
                },
                {
                    "city_name": "Newell"
                },
                {
                    "city_name": "Brompton"
                },
                {
                    "city_name": "Bull Savannah"
                },
                {
                    "city_name": "Burnt Savannah"
                },
                {
                    "city_name": "Carisbrook"
                },
                {
                    "city_name": "Cotterwood"
                },
                {
                    "city_name": "Elderslie"
                },
                {
                    "city_name": "Fullerswood"
                },
                {
                    "city_name": "Hopeton"
                },
                {
                    "city_name": "Junction"
                },
                {
                    "city_name": "Lititz"
                },
                {
                    "city_name": "Leeds"
                },
                {
                    "city_name": "Middle Quarters"
                },
                {
                    "city_name": "Mulgrave"
                },
                {
                    "city_name": "Myersville"
                },
                {
                    "city_name": "Nain"
                },
                {
                    "city_name": "New Market"
                },
                {
                    "city_name": "Pedro Plains"
                },
                {
                    "city_name": "Pisgah"
                },
                {
                    "city_name": "Pondside"
                },
                {
                    "city_name": "Quick Step"
                },
                {
                    "city_name": "Red Bank"
                },
                {
                    "city_name": "Rose Hall"
                },
                {
                    "city_name": "Russels"
                },
                {
                    "city_name": "Siloah"
                },
                {
                    "city_name": "Springfield"
                },
                {
                    "city_name": "Top Hill"
                },
                {
                    "city_name": "Warminister"
                },
                {
                    "city_name": "Watchwell"
                },
                {
                    "city_name": "Retirement"
                }
            ]
        },
        {
            "province_name": "Saint Catherine",
            "cities": [
                {
                    "city_name": "Cromarty"
                },
                {
                    "city_name": "Kitson Town"
                },
                {
                    "city_name": "St. John's West"
                },
                {
                    "city_name": "Ensom"
                },
                {
                    "city_name": "Linstead"
                },
                {
                    "city_name": "Ewarton"
                },
                {
                    "city_name": "Harkers Hall"
                },
                {
                    "city_name": "Bogwalk"
                },
                {
                    "city_name": "Sligoville"
                },
                {
                    "city_name": "Browns Hill"
                },
                {
                    "city_name": "Caymanas"
                },
                {
                    "city_name": "Crescent"
                },
                {
                    "city_name": "Old Harbour"
                },
                {
                    "city_name": "Golden Acres"
                },
                {
                    "city_name": "Central Village"
                },
                {
                    "city_name": "Old Harbour Road"
                },
                {
                    "city_name": "Willowdene"
                },
                {
                    "city_name": "Gregory Park"
                },
                {
                    "city_name": "Spanish Town Central"
                },
                {
                    "city_name": "Edgewater"
                },
                {
                    "city_name": "Greater Portmore"
                },
                {
                    "city_name": "Naggo Head"
                },
                {
                    "city_name": "Bridgeport"
                },
                {
                    "city_name": "Hellshire"
                },
                {
                    "city_name": "Braeton"
                },
                {
                    "city_name": "Hampton Green"
                },
                {
                    "city_name": "St. John's East"
                },
                {
                    "city_name": "Part of Guys Hill"
                },
                {
                    "city_name": "Above Rocks"
                },
                {
                    "city_name": "Bartons"
                },
                {
                    "city_name": "Bellas Gate"
                },
                {
                    "city_name": "Cumberland"
                },
                {
                    "city_name": "Ginger Ridge"
                },
                {
                    "city_name": "Glengoffe"
                },
                {
                    "city_name": "Greendale"
                },
                {
                    "city_name": "Harewood"
                },
                {
                    "city_name": "Independence City"
                },
                {
                    "city_name": "Keystone"
                },
                {
                    "city_name": "Lluidas Vale"
                },
                {
                    "city_name": "Part of Keystone"
                },
                {
                    "city_name": "Part of Rock Hall"
                },
                {
                    "city_name": "Old Harbour Bay"
                },
                {
                    "city_name": "Passage Fort"
                },
                {
                    "city_name": "Pear Tree Grove"
                },
                {
                    "city_name": "Point Hill"
                },
                {
                    "city_name": "Redwood"
                },
                {
                    "city_name": "Riversdale"
                },
                {
                    "city_name": "Troja"
                },
                {
                    "city_name": "Waterford"
                },
                {
                    "city_name": "Watermount"
                },
                {
                    "city_name": "West Cumberland"
                }
            ]
        },
        {
            "province_name": "Parish of Saint Ann",
            "cities": [
                {
                    "city_name": "Discovery Bay"
                },
                {
                    "city_name": "Browns Town"
                },
                {
                    "city_name": "Runaway Bay"
                },
                {
                    "city_name": "Priory"
                },
                {
                    "city_name": "Bamboo"
                },
                {
                    "city_name": "Cascade"
                },
                {
                    "city_name": "Lime Hall"
                },
                {
                    "city_name": "Ocho Rios"
                },
                {
                    "city_name": "Chalky Hill"
                },
                {
                    "city_name": "Gibraltar"
                },
                {
                    "city_name": "Linton Park"
                },
                {
                    "city_name": "Lime Tree Gardens"
                },
                {
                    "city_name": "Claremont"
                },
                {
                    "city_name": "Walkers Wood"
                },
                {
                    "city_name": "Golden Grove"
                },
                {
                    "city_name": "Alexandria"
                },
                {
                    "city_name": "Alva"
                },
                {
                    "city_name": "Alderton"
                },
                {
                    "city_name": "Blackstonedge"
                },
                {
                    "city_name": "Calderwood"
                },
                {
                    "city_name": "Gibraltar"
                },
                {
                    "city_name": "Cave Valley"
                },
                {
                    "city_name": "Higgin Land"
                },
                {
                    "city_name": "Content Garden"
                },
                {
                    "city_name": "Moneague"
                },
                {
                    "city_name": "Beecher Town"
                },
                {
                    "city_name": "Borobridge"
                },
                {
                    "city_name": "Aboukir"
                },
                {
                    "city_name": "Mansfield"
                },
                {
                    "city_name": "Bensonton"
                },
                {
                    "city_name": "Bohemia"
                },
                {
                    "city_name": "Chester"
                },
                {
                    "city_name": "Cole Gate"
                },
                {
                    "city_name": "Cuffie Ridge"
                },
                {
                    "city_name": "Epworth"
                },
                {
                    "city_name": "Exchange"
                },
                {
                    "city_name": "Faith's Pen"
                },
                {
                    "city_name": "Great Pond"
                },
                {
                    "city_name": "Hinds Town"
                },
                {
                    "city_name": "Inverness"
                },
                {
                    "city_name": "Madras"
                },
                {
                    "city_name": "Macknie"
                },
                {
                    "city_name": "Mount Moriah"
                },
                {
                    "city_name": "Mount Zion"
                },
                {
                    "city_name": "Parry Town"
                },
                {
                    "city_name": "Philadelphia"
                },
                {
                    "city_name": "Pimento Walk"
                },
                {
                    "city_name": "River Head"
                },
                {
                    "city_name": "Sturge Town"
                },
                {
                    "city_name": "St. Ann's Bay"
                },
                {
                    "city_name": "St. D'Acre"
                },
                {
                    "city_name": "Steer Town"
                },
                {
                    "city_name": "Watt Town"
                },
                {
                    "city_name": "York Castle"
                }
            ]
        },
        {
            "province_name": "Saint Andrew",
            "cities": [
                {
                    "city_name": "Lawrence Tavern"
                },
                {
                    "city_name": "Mavis Bank"
                },
                {
                    "city_name": "Norbrook"
                },
                {
                    "city_name": "Patrick City"
                },
                {
                    "city_name": "Constant Spring Gardens"
                },
                {
                    "city_name": "Forest Hills/ Plantation Height"
                },
                {
                    "city_name": "Barbican"
                },
                {
                    "city_name": "Liguanea"
                },
                {
                    "city_name": "Seymour Lands"
                },
                {
                    "city_name": "Stadium Gardens"
                },
                {
                    "city_name": "Cross Roads"
                },
                {
                    "city_name": "Whitehall"
                },
                {
                    "city_name": "Drumblair"
                },
                {
                    "city_name": "Molynes Gardens"
                },
                {
                    "city_name": "Beverley Hills"
                },
                {
                    "city_name": "Molynes Four Roads"
                },
                {
                    "city_name": "Mountain View Gardens"
                },
                {
                    "city_name": "Woodford"
                },
                {
                    "city_name": "Stony Hill"
                },
                {
                    "city_name": "Mannings Hill"
                },
                {
                    "city_name": "Constant Spring"
                },
                {
                    "city_name": "Havendale"
                },
                {
                    "city_name": "Jacks Hill"
                },
                {
                    "city_name": "Bull Bay/ Seven Mile"
                },
                {
                    "city_name": "Greenwich Town/ Newport West"
                },
                {
                    "city_name": "Constitution Hill"
                },
                {
                    "city_name": "Hope Pastures/ UTECH"
                },
                {
                    "city_name": "Papine"
                },
                {
                    "city_name": "University"
                },
                {
                    "city_name": "Vineyard Town"
                },
                {
                    "city_name": "Brandon Hill"
                },
                {
                    "city_name": "Mount James"
                },
                {
                    "city_name": "Irish Town"
                },
                {
                    "city_name": "Parks Road"
                },
                {
                    "city_name": "Cavaliers"
                },
                {
                    "city_name": "Red Hills Gardens"
                },
                {
                    "city_name": "Temple Hall"
                },
                {
                    "city_name": "St. Peter's"
                },
                {
                    "city_name": "Red Hills (Rural)"
                },
                {
                    "city_name": "Red Hills/ Sterling Castle"
                },
                {
                    "city_name": "Oaklands"
                },
                {
                    "city_name": "Content Gap"
                },
                {
                    "city_name": "Maryland"
                },
                {
                    "city_name": "Cherry Gardens"
                },
                {
                    "city_name": "Meadowbrook"
                },
                {
                    "city_name": "Ferry"
                },
                {
                    "city_name": "Queensborough/ Tunbridge"
                },
                {
                    "city_name": "Forest Hills Gardens"
                },
                {
                    "city_name": "New Haven"
                },
                {
                    "city_name": "Meadowbrook Estate"
                },
                {
                    "city_name": "Roehampton"
                },
                {
                    "city_name": "Nannyville"
                },
                {
                    "city_name": "Arlene Gardens"
                },
                {
                    "city_name": "Arcadia"
                },
                {
                    "city_name": "Pembroke Hall"
                },
                {
                    "city_name": "Hughenden"
                },
                {
                    "city_name": "Grants Pen"
                },
                {
                    "city_name": "Duhaney Park"
                },
                {
                    "city_name": "Three Oaks/ Glendale"
                },
                {
                    "city_name": "Marverley"
                },
                {
                    "city_name": "Cooreville Gardens"
                },
                {
                    "city_name": "Zaidie Gardens"
                },
                {
                    "city_name": "Penwood"
                },
                {
                    "city_name": "Washington Gardens"
                },
                {
                    "city_name": "Cassia Park"
                },
                {
                    "city_name": "Eastwood Park Gardens"
                },
                {
                    "city_name": "Riverton City"
                },
                {
                    "city_name": "Drewsland"
                },
                {
                    "city_name": "Seaward Pen"
                },
                {
                    "city_name": "Half-Way-Tree"
                },
                {
                    "city_name": "Trafalgar Park"
                },
                {
                    "city_name": "Waterhouse"
                },
                {
                    "city_name": "Mona Heights"
                },
                {
                    "city_name": "Bloxborough"
                },
                {
                    "city_name": "Tower Hill"
                },
                {
                    "city_name": "Waltham Gardens"
                },
                {
                    "city_name": "Seaview Gardens"
                },
                {
                    "city_name": "New Kingston"
                },
                {
                    "city_name": "Swallowfield"
                },
                {
                    "city_name": "Richmond Park"
                },
                {
                    "city_name": "Boucher Park"
                },
                {
                    "city_name": "Cockburn Gardens"
                },
                {
                    "city_name": "Woodford Park"
                },
                {
                    "city_name": "Majestic Gardens"
                },
                {
                    "city_name": "Kencot"
                },
                {
                    "city_name": "Maxfield Park"
                },
                {
                    "city_name": "Cane River"
                },
                {
                    "city_name": "Delacree Pen"
                },
                {
                    "city_name": "Bito"
                },
                {
                    "city_name": "Delacree Park/ Union Gardens"
                },
                {
                    "city_name": "Whitfield Town"
                },
                {
                    "city_name": "Mannings Hill (Rural)"
                },
                {
                    "city_name": "Hermitage"
                },
                {
                    "city_name": "Trench Town"
                },
                {
                    "city_name": "Arnett Gardens"
                },
                {
                    "city_name": "Rose Town"
                },
                {
                    "city_name": "Jones Town"
                },
                {
                    "city_name": "Wilton Gardens/ Rema"
                },
                {
                    "city_name": "Harbour View"
                },
                {
                    "city_name": "Golden Spring"
                },
                {
                    "city_name": "Gordon Town"
                },
                {
                    "city_name": "Elleston Flats/ Mona Commons"
                },
                {
                    "city_name": "Hope Tavern"
                },
                {
                    "city_name": "Kintyre"
                },
                {
                    "city_name": "Dallas"
                },
                {
                    "city_name": "August Town"
                }
            ]
        },
        {
            "province_name": "Portland",
            "cities": [
                {
                    "city_name": "Central Port Antonio"
                },
                {
                    "city_name": "Claverty Cottage"
                },
                {
                    "city_name": "Drapers"
                },
                {
                    "city_name": "Breastworks"
                },
                {
                    "city_name": "Fruitfulvale"
                },
                {
                    "city_name": "Bangor Ridge"
                },
                {
                    "city_name": "Swift River"
                },
                {
                    "city_name": "Nonsuch"
                },
                {
                    "city_name": "Fairy Hill"
                },
                {
                    "city_name": "Belvedere"
                },
                {
                    "city_name": "Orange Bay"
                },
                {
                    "city_name": "Charles Town"
                },
                {
                    "city_name": "Long Road"
                },
                {
                    "city_name": "Mount Pleasant"
                },
                {
                    "city_name": "Sherwood Forest"
                },
                {
                    "city_name": "Hope Bay"
                },
                {
                    "city_name": "Spring Hill"
                },
                {
                    "city_name": "Comfort Castle"
                },
                {
                    "city_name": "Kensington"
                },
                {
                    "city_name": "Manchioneal"
                },
                {
                    "city_name": "Snow Hill"
                },
                {
                    "city_name": "Hectors River"
                },
                {
                    "city_name": "Windsor Castle"
                },
                {
                    "city_name": "Buff Bay"
                },
                {
                    "city_name": "Cascade"
                },
                {
                    "city_name": "Balcarres"
                },
                {
                    "city_name": "Black Hill"
                },
                {
                    "city_name": "Boundbrook"
                },
                {
                    "city_name": "Castle Comfort"
                },
                {
                    "city_name": "Durham"
                },
                {
                    "city_name": "Fellowship"
                },
                {
                    "city_name": "Long Bay"
                },
                {
                    "city_name": "Moore Town"
                },
                {
                    "city_name": "Norwich"
                },
                {
                    "city_name": "Prospect"
                },
                {
                    "city_name": "Rock Hall"
                },
                {
                    "city_name": "Shirley Castle"
                },
                {
                    "city_name": "Skibo"
                },
                {
                    "city_name": "St. Margaret's Bay"
                },
                {
                    "city_name": "Tranquility"
                },
                {
                    "city_name": "Windsor"
                },
                {
                    "city_name": "Windsor Forest"
                },
                {
                    "city_name": "Bybrook"
                }
            ]
        },
        {
            "province_name": "Manchester",
            "cities": [
                {
                    "city_name": "Part of Spaldings"
                },
                {
                    "city_name": "Good Intent"
                },
                {
                    "city_name": "Coleyville"
                },
                {
                    "city_name": "Walderston"
                },
                {
                    "city_name": "Porus"
                },
                {
                    "city_name": "Asia/Pratville"
                },
                {
                    "city_name": "George's Valley"
                },
                {
                    "city_name": "Fairfield"
                },
                {
                    "city_name": "Devon"
                },
                {
                    "city_name": "Butt-Up"
                },
                {
                    "city_name": "Comfort"
                },
                {
                    "city_name": "Evergreen"
                },
                {
                    "city_name": "Richmond"
                },
                {
                    "city_name": "Cedar Grove"
                },
                {
                    "city_name": "Part Of Banana Ground"
                },
                {
                    "city_name": "Alligator Pond"
                },
                {
                    "city_name": "Auchtembeddie"
                },
                {
                    "city_name": "Bellefield"
                },
                {
                    "city_name": "Bethany"
                },
                {
                    "city_name": "Blue Mountain"
                },
                {
                    "city_name": "Chantilly"
                },
                {
                    "city_name": "Content"
                },
                {
                    "city_name": "Christiana"
                },
                {
                    "city_name": "Chudleigh"
                },
                {
                    "city_name": "Cobbla"
                },
                {
                    "city_name": "Greenvale"
                },
                {
                    "city_name": "Comfort Hall"
                },
                {
                    "city_name": "Craig Head"
                },
                {
                    "city_name": "Cross Keys"
                },
                {
                    "city_name": "Downs"
                },
                {
                    "city_name": "Ellen Street"
                },
                {
                    "city_name": "French Park"
                },
                {
                    "city_name": "Grove Place"
                },
                {
                    "city_name": "Grove Town"
                },
                {
                    "city_name": "Harmons"
                },
                {
                    "city_name": "Harry Watch"
                },
                {
                    "city_name": "Hatfield"
                },
                {
                    "city_name": "Hibernia"
                },
                {
                    "city_name": "Huntley"
                },
                {
                    "city_name": "Kendal"
                },
                {
                    "city_name": "Knockpatrick"
                },
                {
                    "city_name": "Lancaster"
                },
                {
                    "city_name": "Litchfield"
                },
                {
                    "city_name": "Maidstone"
                },
                {
                    "city_name": "Mandeville Proper"
                },
                {
                    "city_name": "Marlie Hill"
                },
                {
                    "city_name": "May Day"
                },
                {
                    "city_name": "Medina"
                },
                {
                    "city_name": "Mike Town"
                },
                {
                    "city_name": "Mile Gully"
                },
                {
                    "city_name": "Part Of Gutters"
                },
                {
                    "city_name": "New Forest"
                },
                {
                    "city_name": "New Green"
                },
                {
                    "city_name": "Newport"
                },
                {
                    "city_name": "Old England"
                },
                {
                    "city_name": "Pike"
                },
                {
                    "city_name": "Plowden"
                },
                {
                    "city_name": "Robins Hall"
                },
                {
                    "city_name": "Rose Hill"
                },
                {
                    "city_name": "Scotts Pass"
                },
                {
                    "city_name": "Royal Flat"
                },
                {
                    "city_name": "Snowdon"
                },
                {
                    "city_name": "Spring Ground"
                },
                {
                    "city_name": "Somerset"
                },
                {
                    "city_name": "Spur Tree"
                },
                {
                    "city_name": "St. Paul's"
                },
                {
                    "city_name": "Swaby's Hope"
                },
                {
                    "city_name": "Top Hill"
                },
                {
                    "city_name": "Victoria Town"
                },
                {
                    "city_name": "Watham"
                },
                {
                    "city_name": "Williamsfield"
                },
                {
                    "city_name": "Heartease"
                },
                {
                    "city_name": "Bombay"
                },
                {
                    "city_name": "Prospect"
                }
            ]
        },
        {
            "province_name": "Kingston",
            "cities": [
                {
                    "city_name": "Port Royal"
                },
                {
                    "city_name": "Southside"
                },
                {
                    "city_name": "Johnson Town"
                },
                {
                    "city_name": "Newport East"
                },
                {
                    "city_name": "Manley Meadows"
                },
                {
                    "city_name": "Kingston Gardens"
                },
                {
                    "city_name": "Fletchers Land"
                },
                {
                    "city_name": "Springfield"
                },
                {
                    "city_name": "Bournemouth Gardens"
                },
                {
                    "city_name": "Denham Town"
                },
                {
                    "city_name": "Norman Gardens"
                },
                {
                    "city_name": "Rollington Town"
                },
                {
                    "city_name": "Allman Town"
                },
                {
                    "city_name": "Hannah Town/ Craig Town"
                },
                {
                    "city_name": "Campbell Town"
                },
                {
                    "city_name": "D'Aguilar Town/ Rennock Lodge"
                },
                {
                    "city_name": "Franklyn Town"
                },
                {
                    "city_name": "Newton Square"
                },
                {
                    "city_name": "Tivoli Gardens"
                },
                {
                    "city_name": "Passmore Town"
                },
                {
                    "city_name": "Central Down Town"
                },
                {
                    "city_name": "West Down Town"
                },
                {
                    "city_name": "East Down Town"
                },
                {
                    "city_name": "Rae Town"
                }
            ]
        },
        {
            "province_name": "Parish of Hanover",
            "cities": [
                {
                    "city_name": "Jericho"
                },
                {
                    "city_name": "Lucea West"
                },
                {
                    "city_name": "Sandy Bay"
                },
                {
                    "city_name": "Chester Castle"
                },
                {
                    "city_name": "Lucea East"
                },
                {
                    "city_name": "Green Island"
                },
                {
                    "city_name": "Cacoon Castle"
                },
                {
                    "city_name": "Cascade"
                },
                {
                    "city_name": "Askenish"
                },
                {
                    "city_name": "Mount Peto"
                },
                {
                    "city_name": "Orange Bay"
                },
                {
                    "city_name": "Cacoon"
                },
                {
                    "city_name": "Cash Hill"
                },
                {
                    "city_name": "Cauldwell"
                },
                {
                    "city_name": "Chambers Pen"
                },
                {
                    "city_name": "Cousins Cove"
                },
                {
                    "city_name": "Copse"
                },
                {
                    "city_name": "Dias"
                },
                {
                    "city_name": "Great Valley"
                },
                {
                    "city_name": "Haddington"
                },
                {
                    "city_name": "Hopewell"
                },
                {
                    "city_name": "Kendal"
                },
                {
                    "city_name": "Kingsvale"
                },
                {
                    "city_name": "Lances Bay"
                },
                {
                    "city_name": "Logwood"
                },
                {
                    "city_name": "March Town"
                },
                {
                    "city_name": "Maryland"
                },
                {
                    "city_name": "Pondside"
                },
                {
                    "city_name": "Ramble"
                },
                {
                    "city_name": "Rock Spring"
                },
                {
                    "city_name": "Santoy"
                },
                {
                    "city_name": "Success"
                },
                {
                    "city_name": "Woodlands"
                },
                {
                    "city_name": "Woodsville"
                },
                {
                    "city_name": "Pell River"
                }
            ]
        },
        {
            "province_name": "Clarendon",
            "cities": [
                {
                    "city_name": "Aenon Town"
                },
                {
                    "city_name": "Johns Hall"
                },
                {
                    "city_name": "Morgans Forest"
                },
                {
                    "city_name": "Silent Hill"
                },
                {
                    "city_name": "Part of Douglas Castle"
                },
                {
                    "city_name": "Spaldings"
                },
                {
                    "city_name": "Part of Kellits"
                },
                {
                    "city_name": "Alston"
                },
                {
                    "city_name": "Peckham"
                },
                {
                    "city_name": "Trout Hall"
                },
                {
                    "city_name": "Sanguinetti"
                },
                {
                    "city_name": "Crofts Hill"
                },
                {
                    "city_name": "Frankfield"
                },
                {
                    "city_name": "Grantham"
                },
                {
                    "city_name": "Brandon Hill"
                },
                {
                    "city_name": "Crooked River"
                },
                {
                    "city_name": "Ritchies"
                },
                {
                    "city_name": "Smithville"
                },
                {
                    "city_name": "Orange Hill"
                },
                {
                    "city_name": "Coxswain"
                },
                {
                    "city_name": "Pennants"
                },
                {
                    "city_name": "Cumberland"
                },
                {
                    "city_name": "Thompson Town"
                },
                {
                    "city_name": "Summerfield"
                },
                {
                    "city_name": "Rock River"
                },
                {
                    "city_name": "Beckford Kraal"
                },
                {
                    "city_name": "Chapelton"
                },
                {
                    "city_name": "New Denbigh"
                },
                {
                    "city_name": "Rock"
                },
                {
                    "city_name": "Treadlight"
                },
                {
                    "city_name": "Osbourne Store"
                },
                {
                    "city_name": "Four Paths"
                },
                {
                    "city_name": "Bushy Park"
                },
                {
                    "city_name": "Sandy Bay"
                },
                {
                    "city_name": "Bucks Common"
                },
                {
                    "city_name": "Old Denbigh"
                },
                {
                    "city_name": "May Pen Proper"
                },
                {
                    "city_name": "Glenmuir"
                },
                {
                    "city_name": "Palmers Cross"
                },
                {
                    "city_name": "Paisley"
                },
                {
                    "city_name": "Hazard"
                },
                {
                    "city_name": "York Town"
                },
                {
                    "city_name": "Curatoe Hill"
                },
                {
                    "city_name": "Hayes"
                },
                {
                    "city_name": "Gimme-me-bit"
                },
                {
                    "city_name": "Inverness"
                },
                {
                    "city_name": "Coffee Piece"
                },
                {
                    "city_name": "Colonels Ridge"
                },
                {
                    "city_name": "Morgans Pass"
                },
                {
                    "city_name": "Mineral Heights"
                },
                {
                    "city_name": "Tollgate"
                },
                {
                    "city_name": "Mount Airy"
                },
                {
                    "city_name": "Woodhall"
                },
                {
                    "city_name": "Dawkins"
                },
                {
                    "city_name": "Rocky Point"
                },
                {
                    "city_name": "Portland Cottage"
                },
                {
                    "city_name": "Richmond Park"
                },
                {
                    "city_name": "Porus"
                },
                {
                    "city_name": "Pleasant Valley"
                },
                {
                    "city_name": "New Longsville"
                },
                {
                    "city_name": "Brixton Hill"
                },
                {
                    "city_name": "Moores"
                },
                {
                    "city_name": "Ashley"
                },
                {
                    "city_name": "Alley"
                },
                {
                    "city_name": "Chateau"
                },
                {
                    "city_name": "Cockpit"
                },
                {
                    "city_name": "Effortville"
                },
                {
                    "city_name": "Freetown"
                },
                {
                    "city_name": "Gravel Hill"
                },
                {
                    "city_name": "James Hill"
                },
                {
                    "city_name": "Lionel Town"
                },
                {
                    "city_name": "Longville Park"
                },
                {
                    "city_name": "Longwood"
                },
                {
                    "city_name": "Milk River"
                },
                {
                    "city_name": "Mitchell Town"
                },
                {
                    "city_name": "Part of Banana Ground"
                },
                {
                    "city_name": "Race Course"
                },
                {
                    "city_name": "Salt River"
                },
                {
                    "city_name": "Sedgepond"
                },
                {
                    "city_name": "Turners"
                },
                {
                    "city_name": "Water Lane"
                },
                {
                    "city_name": "Banks"
                },
                {
                    "city_name": "Bucknor"
                }
            ]
        }
    ]
}