{
  "country_name": "Libya",
  "country_id": "LY",
  "provinces": [
    {
      "province_name": "Sha'biyat Banghazi",
      "cities": [
        { "city_name": "Benghazi" },
        { "city_name": "Tūkrah" },
        { "city_name": "Az Zuwaytīnah" },
        { "city_name": "Qamīnis" },
        { "city_name": "Ar Rajmah" }
      ]
    },
    {
      "province_name": "Al Marj",
      "cities": [
        { "city_name": "Al Marj" },
        { "city_name": "Al Qubbah" },
        { "city_name": "Al Abraq" },
        { "city_name": "Martūbah" },
        { "city_name": "Al Qayqab" },
        { "city_name": "Musā‘id" },
        { "city_name": "Tāknis" },
        { "city_name": "Jardas al ‘Abīd" },
        { "city_name": "Qandūlah" },
        { "city_name": "Kambūt" },
        { "city_name": "Daryānah" },
        { "city_name": "Marāwah" },
        { "city_name": "Jikharrah" }
      ]
    },
    {
      "province_name": "Al Kufrah",
      "cities": [
        { "city_name": "Al Jawf" },
        { "city_name": "Zawīlah" },
        { "city_name": "Al Jaghbūb" }
      ]
    },
    {
      "province_name": "Sha'biyat al Jabal al Akhdar",
      "cities": [
        { "city_name": "Shaḩḩāt" },
        { "city_name": "Sūsah" },
        { "city_name": "Qaryat ‘Umar al Mukhtār" },
        { "city_name": "Bi’r al Ashhab" },
        { "city_name": "Qaryat al Fā’idīyah" }
      ]
    },
    {
      "province_name": "Tripoli",
      "cities": [
        { "city_name": "Tripoli" },
        { "city_name": "Tājūrā’" },
        { "city_name": "Qaşr al Qarabūllī" },
        { "city_name": "Al ‘Azīzīyah" }
      ]
    },
    {
      "province_name": "Surt",
      "cities": [
        { "city_name": "Surt" },
        { "city_name": "Bin Jawwād" },
        { "city_name": "As Sidrah" }
      ]
    },
    {
      "province_name": "Sha'biyat Sabha",
      "cities": [{ "city_name": "Sabhā" }, { "city_name": "Idrī" }]
    },
    {
      "province_name": "Sha`biyat Nalut",
      "cities": [
        { "city_name": "Mutusarrifiyat Ghadamis" },
        { "city_name": "Nālūt" },
        { "city_name": "Wāzin" }
      ]
    },
    {
      "province_name": "Sha'biyat Misratah",
      "cities": [
        { "city_name": "Mişrātah" },
        { "city_name": "Qaryat al Qī‘ān" },
        { "city_name": "Zalţan" },
        { "city_name": "Qaryat Sulūq" },
        { "city_name": "Tarhūnah" },
        { "city_name": "Umm ar Rizam" }
      ]
    },
    {
      "province_name": "Sha'biyat Ghat",
      "cities": [{ "city_name": "Ghāt" }]
    },
    {
      "province_name": "Sha'biyat az Zawiyah",
      "cities": [
        { "city_name": "Az Zāwīyah" },
        { "city_name": "Şabrātah" },
        { "city_name": "Al Jumayl" },
        { "city_name": "Janzūr" },
        { "city_name": "Zuwārah" },
        { "city_name": "Masallātah" },
        { "city_name": "Yafran" },
        { "city_name": "Banī Walīd" },
        { "city_name": "Birāk" },
        { "city_name": "Mizdah" },
        { "city_name": "Kiklah" },
        { "city_name": "Az Zintān" },
        { "city_name": "Ghadāmis" },
        { "city_name": "Sūknah" },
        { "city_name": "Al Bardīyah" }
      ]
    },
    {
      "province_name": "Sha'biyat Wadi ash Shati'",
      "cities": [
        { "city_name": "Waddān" },
        { "city_name": "Hūn" },
        { "city_name": "Farzūghah" }
      ]
    },
    {
      "province_name": "Al Jufrah",
      "cities": [{ "city_name": "Al Burayqah" }, { "city_name": "Awjilah" }]
    }
  ]
}
