{
  "country_name": "Oman",
  "country_id": "OM",
  "provinces": [
    {
      "province_name": "Muhafazat ad Dakhiliyah",
      "cities": [
        { "city_name": "Nizwá" },
        { "city_name": "Bahlā’" },
        { "city_name": "Samā’il" },
        { "city_name": "Izkī" }
      ]
    },
    {
      "province_name": "Al Batinah South Governorate",
      "cities": [{ "city_name": "Ar Rustāq" }, { "city_name": "Nakhal" }]
    },
    {
      "province_name": "Muhafazat al Wusta",
      "cities": [{ "city_name": "Haymā’" }]
    },
    {
      "province_name": "Ash Sharqiyah South",
      "cities": [{ "city_name": "Şūr" }, { "city_name": "Al Muḑaybī" }]
    },
    {
      "province_name": "Az Zahirah",
      "cities": [{ "city_name": "‘Ibrī" }, { "city_name": "Ḑank" }]
    },
    {
      "province_name": "Muhafazat Masqat",
      "cities": [
        { "city_name": "Masqaţ" },
        { "city_name": "Muscat" },
        { "city_name": "Bawshar" },
        { "city_name": "Maţraḩ" },
        { "city_name": "As Sīb" },
        { "city_name": "Al ‘Āmirāt" },
        { "city_name": "Qurayyāt" }
      ]
    },
    {
      "province_name": "Musandam",
      "cities": [{ "city_name": "Madha" }, { "city_name": "Khaşab" }]
    },
    {
      "province_name": "Muhafazat Zufar",
      "cities": [{ "city_name": "Şalālah" }, { "city_name": "Al Mazyūnah" }]
    },
    {
      "province_name": "Muhafazat al Buraymi",
      "cities": [{ "city_name": "Al Buraymī" }]
    },
    {
      "province_name": "Muhafazat Shamal ash Sharqiyah",
      "cities": [{ "city_name": "Ibrā’" }]
    },
    {
      "province_name": "Al Batinah North Governorate",
      "cities": [
        { "city_name": "Şuḩār" },
        { "city_name": "As Suwayq" },
        { "city_name": "Aş Şuwayḩirah as Sāḩil" },
        { "city_name": "Shināş" }
      ]
    }
  ]
}
