{
  "country_name": "Paraguay",
  "country_id": "PY",
  "provinces": [
    {
      "province_name": "Departamento de San Pedro",
      "cities": [
        { "city_name": "San Pedro de Ycuamandiyú" },
        { "city_name": "San Estanislao" },
        { "city_name": "Santa Rosa" },
        { "city_name": "Capiibary" }
      ]
    },
    {
      "province_name": "Departamento de Presidente Hayes",
      "cities": [
        { "city_name": "Villa Hayes" },
        { "city_name": "Nanawa" },
        { "city_name": "Teniente Primero Manuel Irala Fernández" },
        { "city_name": "Estancia Pozo Colorado" }
      ]
    },
    {
      "province_name": "Departamento de Paraguari",
      "cities": [
        { "city_name": "Paraguarí" },
        { "city_name": "Carapeguá" },
        { "city_name": "Quiindy" },
        { "city_name": "Yaguarón" },
        { "city_name": "Acahay" },
        { "city_name": "Mbuyapey" }
      ]
    },
    {
      "province_name": "Departamento de Neembucu",
      "cities": [{ "city_name": "Pilar" }, { "city_name": "Alberdi" }]
    },
    {
      "province_name": "Departamento de Misiones",
      "cities": [
        { "city_name": "San Ignacio" },
        { "city_name": "Ayolas" },
        { "city_name": "Santa Rosa" },
        { "city_name": "San Juan Bautista" }
      ]
    },
    {
      "province_name": "Departamento de Itapua",
      "cities": [
        { "city_name": "Encarnación" },
        { "city_name": "San Juan Bautista" },
        { "city_name": "Hohenau" },
        { "city_name": "Coronel Bogado" }
      ]
    },
    {
      "province_name": "Departamento del Guaira",
      "cities": [
        { "city_name": "Villarrica" },
        { "city_name": "Mbocayaty" },
        { "city_name": "Natalicio Talavera" },
        { "city_name": "Independencia" },
        { "city_name": "Itapé" },
        { "city_name": "Coronel Martínez" },
        { "city_name": "San Salvador" }
      ]
    },
    {
      "province_name": "Departamento de la Cordillera",
      "cities": [
        { "city_name": "Caacupé" },
        { "city_name": "Tobatí" },
        { "city_name": "Altos" },
        { "city_name": "Emboscada" },
        { "city_name": "Arroyos y Esteros" },
        { "city_name": "Pirayú" },
        { "city_name": "Atyrá" },
        { "city_name": "San Bernardino" }
      ]
    },
    {
      "province_name": "Departamento de Concepcion",
      "cities": [
        { "city_name": "Concepción" },
        { "city_name": "Horqueta" },
        { "city_name": "Loreto" },
        { "city_name": "San Lázaro" },
        { "city_name": "Belén" },
        { "city_name": "Yby Yaú" }
      ]
    },
    {
      "province_name": "Departamento Central",
      "cities": [
        { "city_name": "San Lorenzo" },
        { "city_name": "Luque" },
        { "city_name": "Capiatá" },
        { "city_name": "Fernando de la Mora" },
        { "city_name": "Ñemby" },
        { "city_name": "Itauguá" },
        { "city_name": "Mariano Roque Alonso" },
        { "city_name": "Limpio" },
        { "city_name": "Itá" },
        { "city_name": "Villa Elisa" },
        { "city_name": "San Antonio" },
        { "city_name": "Areguá" },
        { "city_name": "Ypané" },
        { "city_name": "Guarambaré" },
        { "city_name": "Ypacaraí" },
        { "city_name": "San Bernardino" },
        { "city_name": "J. Augusto Saldívar" },
        { "city_name": "Emboscada" },
        { "city_name": "Arroyos y Esteros" },
        { "city_name": "Altos" },
        { "city_name": "Pirayú" },
        { "city_name": "Atyrá" },
        { "city_name": "Tobatí" }
      ]
    },
    {
      "province_name": "Departamento de Canindeyu",
      "cities": [
        { "city_name": "Salto del Guairá" },
        { "city_name": "Villa Curuguaty" },
        { "city_name": "Yby Yaú" }
      ]
    },
    {
      "province_name": "Departamento de Caazapa",
      "cities": [
        { "city_name": "Caazapá" },
        { "city_name": "San Juan Nepomuceno" },
        { "city_name": "Yuty" },
        { "city_name": "Doctor Juan Manuel Frutos" },
        { "city_name": "Tavai" }
      ]
    },
    {
      "province_name": "Departamento de Caaguazu",
      "cities": [
        { "city_name": "Coronel Oviedo" },
        { "city_name": "Doctor Juan Eulogio Estigarribia" },
        { "city_name": "San José de los Arroyos" },
        { "city_name": "Repatriación" },
        { "city_name": "Raúl Arsenio Oviedo" },
        { "city_name": "Yhú" },
        { "city_name": "Doctor Cecilio Báez" },
        { "city_name": "José Domingo Ocampos" }
      ]
    },
    {
      "province_name": "Departamento del Amambay",
      "cities": [
        { "city_name": "Pedro Juan Caballero" },
        { "city_name": "Capitán Bado" }
      ]
    },
    {
      "province_name": "Departamento del Alto Parana",
      "cities": [
        { "city_name": "Ciudad del Este" },
        { "city_name": "Presidente Franco" },
        { "city_name": "Minga Pora District" },
        { "city_name": "Juan Emiliano O’Leary" }
      ]
    },
    {
      "province_name": "Departamento de Alto Paraguay",
      "cities": [{ "city_name": "Fuerte Olimpo" }]
    },
    {
      "province_name": "Asuncion",
      "cities": [{ "city_name": "Asunción" }]
    },
    {
      "province_name": "Departamento de Boqueron",
      "cities": [{ "city_name": "Filadelfia" }, { "city_name": "Loma Plata" }]
    }
  ]
}
