{
  "country_name": "Saint Kitts and Nevis",
  "country_id": "KN",
  "provinces": [
    {
      "province_name": "Saint Peter Basseterre",
      "cities": [{ "city_name": "Saint Peter’s" }]
    },
    {
      "province_name": "Saint Paul Charlestown",
      "cities": [
        { "city_name": "Charlestown" },
        { "city_name": "Craddocks" },
        { "city_name": "Stapleton" },
        { "city_name": "Douglas" },
        { "city_name": "John England Village" },
        { "city_name": "Golden Rock" },
        { "city_name": "Ogee’s" },
        { "city_name": "Canada" },
        { "city_name": "Lucas" },
        { "city_name": "Monkey Hill" },
        { "city_name": "Upper Conaree" },
        { "city_name": "Greatheeds" },
        { "city_name": "Parry’s" },
        { "city_name": "Bayford’s" },
        { "city_name": "Mardenbrough" },
        { "city_name": "Dalzells" },
        { "city_name": "Jack in the Box" },
        { "city_name": "Hermitage" },
        { "city_name": "Key" },
        { "city_name": "Ottley’s" },
        { "city_name": "Lodge" },
        { "city_name": "Bourryau" },
        { "city_name": "Burdon Pasture" },
        { "city_name": "Fig Tree" }
      ]
    },
    {
      "province_name": "Saint Paul Capesterre",
      "cities": [
        { "city_name": "Sandy Point Town" },
        { "city_name": "Trants" },
        { "city_name": "Burts" },
        { "city_name": "Newton Ground" },
        { "city_name": "Ortons" },
        { "city_name": "Saint Paul’s" },
        { "city_name": "Whitegate" },
        { "city_name": "Heldens" },
        { "city_name": "Dieppe Bay Town" },
        { "city_name": "Pembroke" }
      ]
    },
    {
      "province_name": "Saint Mary Cayon",
      "cities": [
        { "city_name": "Cayon" },
        { "city_name": "Basseterre" },
        { "city_name": "Limekiln" },
        { "city_name": "Brumaire" },
        { "city_name": "Kittitian Village" },
        { "city_name": "Grape Tree Bottom" },
        { "city_name": "La Guérite" },
        { "city_name": "Kit Stoddart’s" },
        { "city_name": "Bird Rock" }
      ]
    },
    {
      "province_name": "Saint John Figtree",
      "cities": [
        { "city_name": "Fig Tree" },
        { "city_name": "Church Ground" },
        { "city_name": "Beach Road" },
        { "city_name": "Brown Hill" },
        { "city_name": "Montpelier" },
        { "city_name": "Beaumont" },
        { "city_name": "Hermitage" },
        { "city_name": "Chicken Stone" },
        { "city_name": "Pond Hill" },
        { "city_name": "Zetlands" }
      ]
    },
    {
      "province_name": "Saint John Capesterre",
      "cities": [
        { "city_name": "Parson’s Ground" },
        { "city_name": "Market Shop" },
        { "city_name": "Sadlers" },
        { "city_name": "Nicola Town" }
      ]
    },
    {
      "province_name": "Saint George Gingerland",
      "cities": [
        { "city_name": "Low Ground Settlement" },
        { "city_name": "Cox" },
        { "city_name": "Bath" },
        { "city_name": "Brown Pasture" }
      ]
    }
  ]
}
