{
  "country_name": "Suriname",
  "country_id": "SR",
  "provinces": [
    {
      "province_name": "Distrikt Wanica",
      "cities": [
        { "city_name": "Koewarasan" },
        { "city_name": "Lelydorp" },
        { "city_name": "Domburg" },
        { "city_name": "Kabelpont" },
        { "city_name": "Dirkshoop" },
        { "city_name": "Sidodadi" },
        { "city_name": "Dampoentoeng" },
        { "city_name": "Tamba-Redjo" },
        { "city_name": "Stoepenveer" },
        { "city_name": "Broederschap" },
        { "city_name": "Jagtlust" },
        { "city_name": "Waterloo" },
        { "city_name": "Hampton Court" },
        { "city_name": "Wiesawinie" },
        { "city_name": "Onverdacht" },
        { "city_name": "Waterland" },
        { "city_name": "De Drie Gebroeders" },
        { "city_name": "Watervliet" },
        { "city_name": "La Simplicité" },
        { "city_name": "Smalkalden" }
      ]
    },
    {
      "province_name": "Distrikt Sipaliwini",
      "cities": [
        { "city_name": "Aurora" },
        { "city_name": "Gansee" },
        { "city_name": "Santigron" },
        { "city_name": "Appera" },
        { "city_name": "Glasgow" },
        { "city_name": "Wasjabo" },
        { "city_name": "Matta" },
        { "city_name": "Bigiston" },
        { "city_name": "Pikien Santi" },
        { "city_name": "Kwakoegron" },
        { "city_name": "Cassipora" },
        { "city_name": "Kalebaskr." },
        { "city_name": "Tamarin" },
        { "city_name": "Auca" },
        { "city_name": "Esterslust" },
        { "city_name": "Bosland" },
        { "city_name": "Joden Savanna" },
        { "city_name": "Balin" },
        { "city_name": "Brokooondo" },
        { "city_name": "Afobaka" },
        { "city_name": "Abanna Kondre" },
        { "city_name": "GR Chatillon" },
        { "city_name": "Bastienkondre" },
        { "city_name": "Portal" },
        { "city_name": "Abenekokondre" },
        { "city_name": "Swampoekondre" },
        { "city_name": "Onoribo" },
        { "city_name": "Paranam" },
        { "city_name": "Gwegwefoetoe" },
        { "city_name": "Tulpenburg" },
        { "city_name": "Berendslust" },
        { "city_name": "KL Chatillon" }
      ]
    },
    {
      "province_name": "Distrikt Saramacca",
      "cities": [{ "city_name": "Calcutta" }, { "city_name": "Groningen" }]
    },
    {
      "province_name": "Distrikt Paramaribo",
      "cities": [
        { "city_name": "Paramaribo" },
        { "city_name": "Landsboerderij" },
        { "city_name": "Magenta" },
        { "city_name": "Clevia" },
        { "city_name": "Boma" },
        { "city_name": "Tawajari" },
        { "city_name": "Dorpsgemeente" },
        { "city_name": "Vredenburg" },
        { "city_name": "Belwarde" },
        { "city_name": "Dordrecht" },
        { "city_name": "Paradijs" },
        { "city_name": "Friendship" },
        { "city_name": "Ricanau Moffo" },
        { "city_name": "Pinatjarimi" },
        { "city_name": "Lantiwei" },
        { "city_name": "Poeloegoedoe" },
        { "city_name": "Mooitakie" },
        { "city_name": "Warnakomoponafaja" },
        { "city_name": "Leonsberg" },
        { "city_name": "Suzannasdaal" },
        { "city_name": "Leliëndaal" },
        { "city_name": "Katwijk" },
        { "city_name": "Hecht en Sterk" },
        { "city_name": "Now Trésor" },
        { "city_name": "Spieringshoek" },
        { "city_name": "Zorgvliet" },
        { "city_name": "Mon Souci" },
        { "city_name": "Kronenburg" },
        { "city_name": "Geertruidenberg" },
        { "city_name": "Haarlem" }
      ]
    },
    {
      "province_name": "Distrikt Para",
      "cities": [
        { "city_name": "Powakka" },
        { "city_name": "Zorgvliet" },
        { "city_name": "Mon Souci" },
        { "city_name": "Kronenburg" },
        { "city_name": "Geertruidenberg" },
        { "city_name": "Haarlem" }
      ]
    },
    {
      "province_name": "Distrikt Nickerie",
      "cities": [
        { "city_name": "Nieuw Nickerie" },
        { "city_name": "Wageningen" }
      ]
    },
    {
      "province_name": "Distrikt Marowijne",
      "cities": [
        { "city_name": "Moengo" },
        { "city_name": "Albina" },
        { "city_name": "Bigiston" }
      ]
    },
    {
      "province_name": "Distrikt Coronie",
      "cities": [{ "city_name": "Totness" }]
    },
    {
      "province_name": "Distrikt Commewijne",
      "cities": [
        { "city_name": "Meerzorg" },
        { "city_name": "Tamanredjo" },
        { "city_name": "Nieuw Amsterdam" },
        { "city_name": "Alkmaar" },
        { "city_name": "Mariënburg" },
        { "city_name": "Slee" },
        { "city_name": "Boma" },
        { "city_name": "Tawajari" },
        { "city_name": "Dorpsgemeente" },
        { "city_name": "Vredenburg" },
        { "city_name": "Belwarde" },
        { "city_name": "Dordrecht" },
        { "city_name": "Paradijs" },
        { "city_name": "Friendship" },
        { "city_name": "Ricanau Moffo" },
        { "city_name": "Pinatjarimi" },
        { "city_name": "Lantiwei" },
        { "city_name": "Poeloegoedoe" },
        { "city_name": "Mooitakie" },
        { "city_name": "Warnakomoponafaja" },
        { "city_name": "Leonsberg" },
        { "city_name": "Suzannasdaal" },
        { "city_name": "Leliëndaal" },
        { "city_name": "Katwijk" },
        { "city_name": "Hecht en Sterk" },
        { "city_name": "Now Trésor" },
        { "city_name": "Spieringshoek" },
        { "city_name": "Zorgvliet" },
        { "city_name": "Mon Souci" },
        { "city_name": "Kronenburg" },
        { "city_name": "Geertruidenberg" },
        { "city_name": "Haarlem" }
      ]
    },
    {
      "province_name": "Distrikt Brokopondo",
      "cities": [{ "city_name": "Brownsweg" }, { "city_name": "Brokopondo" }]
    }
  ]
}
