{
  "country_name": "Comoros",
  "country_id": "KM",
  "provinces": [
    {
      "province_name": "Moheli",
      "cities": [
        { "city_name": "Fomboni" },
        { "city_name": "Djoyézi" },
        { "city_name": "Mouadja" },
        { "city_name": "Ndzaouze" },
        { "city_name": "Hantsindzi" },
        { "city_name": "Idjikoundzi" },
        { "city_name": "Ouhozi" },
        { "city_name": "Batsa" },
        { "city_name": "Douniani" },
        { "city_name": "Dzahadjou" },
        { "city_name": "Bandamadji" },
        { "city_name": "Oussivo" },
        { "city_name": "Salimani" },
        { "city_name": "Chindini" },
        { "city_name": "Héroumbili" },
        { "city_name": "Dimadjou" },
        { "city_name": "Ourovéni" },
        { "city_name": "Mavingouni" },
        { "city_name": "Dzahani" },
        { "city_name": "Itsandzéni" },
        { "city_name": "Bambadjani" },
        { "city_name": "Hantsambou" },
        { "city_name": "Madjeouéni" },
        { "city_name": "Ivouani" },
        { "city_name": "Ntsadjéni" },
        { "city_name": "Bahani" },
        { "city_name": "Chamle" },
        { "city_name": "Mtsamdou" },
        { "city_name": "Maouéni" },
        { "city_name": "Bouni" },
        { "city_name": "Domoni Adjou" },
        { "city_name": "Mnoungou" },
        { "city_name": "Zivandani" },
        { "city_name": "Mdjoyézi" },
        { "city_name": "Ifoundihé Chambouani" },
        { "city_name": "Bandaressalam" },
        { "city_name": "Panda" },
        { "city_name": "Simboussa" },
        { "city_name": "Ndréméani" },
        { "city_name": "Labanda" },
        { "city_name": "Guamarumbo" },
        { "city_name": "Djoumadounia" },
        { "city_name": "Mouahani" },
        { "city_name": "Domoni" },
        { "city_name": "Gnambo Yamaoré" },
        { "city_name": "Hamavouna" },
        { "city_name": "Malhani" },
        { "city_name": "Chikoni" },
        { "city_name": "Hamba" },
        { "city_name": "Mbatsé" },
        { "city_name": "Mouhou" },
        { "city_name": "Nioumachoua" },
        { "city_name": "Jiroudain" },
        { "city_name": "Mtakoudja" },
        { "city_name": "Miréréni" },
        { "city_name": "Miringoni" },
        { "city_name": "Demeani" },
        { "city_name": "Kobela" },
        { "city_name": "Mifoni" },
        { "city_name": "Bangoma" },
        { "city_name": "Itsamia" },
        { "city_name": "Damou" },
        { "city_name": "Hagnengélé" },
        { "city_name": "Sambia" },
        { "city_name": "Ngamaroumbo" },
        { "city_name": "Iconi" },
        { "city_name": "Mlabanda" },
        { "city_name": "Ouanani" },
        { "city_name": "Mihoungouni" },
        { "city_name": "Siri" },
        { "city_name": "Gnombéni" },
        { "city_name": "Bandani" },
        { "city_name": "Fongapepo" },
        { "city_name": "Ziroudani" },
        { "city_name": "Babani" },
        { "city_name": "Kangani" },
        { "city_name": "Ouallah" },
        { "city_name": "Hoani" },
        { "city_name": "Buanitonque" },
        { "city_name": "Hagnamouada" },
        { "city_name": "Mirémani" },
        { "city_name": "Ndrondroni" },
        { "city_name": "Hagniamada" }
      ]
    },
    {
      "province_name": "Grande Comore",
      "cities": [
        { "city_name": "Moroni" },
        { "city_name": "Mitsamiouli" },
        { "city_name": "Chandra" },
        { "city_name": "Koki" },
        { "city_name": "Mitsoudjé" },
        { "city_name": "Dembéni" },
        { "city_name": "Dindi" },
        { "city_name": "Vanambouani" },
        { "city_name": "Kangani" },
        { "city_name": "Koni-Ngani" },
        { "city_name": "Mrémani" },
        { "city_name": "Bandani Mtsangani" },
        { "city_name": "Bandakouni" },
        { "city_name": "Nioumamilima" },
        { "city_name": "Daji" },
        { "city_name": "Hajoho" },
        { "city_name": "Boungouéni" },
        { "city_name": "Ntsoudjini" },
        { "city_name": "Ntsaouéni" },
        { "city_name": "Chironkamba" },
        { "city_name": "Singani" },
        { "city_name": "Gnantranga" },
        { "city_name": "Bimbini" },
        { "city_name": "Lingoni" },
        { "city_name": "Ankibani" },
        { "city_name": "Bandajou" },
        { "city_name": "Mjimandra" },
        { "city_name": "Dziani" },
        { "city_name": "Vouvouni" },
        { "city_name": "Chouani" },
        { "city_name": "Ntsoralé" },
        { "city_name": "Nioumadzaha Mvoumbari" }
      ]
    },
    {
      "province_name": "Ndzuwani",
      "cities": [
        { "city_name": "Mutsamudu" },
        { "city_name": "Ouani" },
        { "city_name": "Mandza" },
        { "city_name": "Domoni" },
        { "city_name": "Adda-Douéni" },
        { "city_name": "Kourani" },
        { "city_name": "Bazimini" }
      ]
    }
  ]
}
