{
  "country_name": "Djibouti",
  "country_id": "DJ",
  "provinces": [
    {
      "province_name": "Djibouti",
      "cities": [
        { "city_name": "Djibouti" },
        { "city_name": "Ambouli" },
        { "city_name": "Deda'-etu" }
      ]
    },
    {
      "province_name": "Arta",
      "cities": [{ "city_name": "Arta" }]
    },
    {
      "province_name": "Ali Sabieh",
      "cities": [{ "city_name": "Ali Sabieh" }]
    },
    {
      "province_name": "Dikhil",
      "cities": [{ "city_name": "Dikhil" }]
    },
    {
      "province_name": "Obock",
      "cities": [
        { "city_name": "Obock" },
        { "city_name": "Khôr Angar" },
        { "city_name": "Holhol" },
        { "city_name": "Goubétto" }
      ]
    },
    {
      "province_name": "Yoboki",
      "cities": [{ "city_name": "Yoboki" }]
    },
    {
      "province_name": "Tadjourah",
      "cities": [{ "city_name": "Tadjourah" }]
    },
    {
      "province_name": "‘Ali ‘Addé",
      "cities": [{ "city_name": "‘Ali ‘Addé" }]
    },
    {
      "province_name": "Damêrdjôg",
      "cities": [{ "city_name": "Damêrdjôg" }]
    },
    {
      "province_name": "Vasama",
      "cities": [{ "city_name": "Vasama" }]
    },
    {
      "province_name": "Loyada",
      "cities": [{ "city_name": "Loyada" }]
    },
    {
      "province_name": "Ḏânan",
      "cities": [{ "city_name": "Ḏânan" }]
    },
    {
      "province_name": "Goubéto",
      "cities": [{ "city_name": "Goubéto" }]
    },
    {
      "province_name": "Ḏigri",
      "cities": [{ "city_name": "Ḏigri" }]
    }
  ]
}
