{
  "country_name": "Qatar",
  "country_id": "QA",
  "provinces": [
    {
      "province_name": "Baladiyat ash Shamal",
      "cities": [
        { "city_name": "Madīnat ash Shamāl" },
        { "city_name": "Ar Ruways" },
        { "city_name": "Al Ghuwayrīyah" },
        { "city_name": "Az Zighāb" },
        { "city_name": "Al Qa‘ābīyah" }
      ]
    },
    {
      "province_name": "Baladiyat al Khawr wa adh Dhakhirah",
      "cities": [
        { "city_name": "Al Khawr" },
        { "city_name": "Adh Dhakhīrah" },
        { "city_name": "Al Ḩuwaylah" },
        { "city_name": "Umm al Qubūr" },
        { "city_name": "Al Khurayş" },
        { "city_name": "Umm Qayn" },
        { "city_name": "Al Jubayl" },
        { "city_name": "Al ‘Uqdah" },
        { "city_name": "Al Masākir ‘Uraydah" },
        { "city_name": "Umm Qarīn" },
        { "city_name": "Rawḑat al ‘Ajūz" },
        { "city_name": "Umm al Abāriq" },
        { "city_name": "Jarī Ibn ‘Abd al Wahhāb" },
        { "city_name": "Aş Şanī‘" },
        { "city_name": "Umm ‘Ubayrīyah" },
        { "city_name": "Burj Barzān" },
        { "city_name": "Umm Şalāl Muḩammad" },
        { "city_name": "Jarī Khabāb" },
        { "city_name": "Abū Aqlīlah" },
        { "city_name": "Al Maşlabah" },
        { "city_name": "Abā an Najm" },
        { "city_name": "Abū Thaylah" },
        { "city_name": "Umm Asharīn" },
        { "city_name": "Abū Qarn" },
        { "city_name": "Umm al ‘Amad" },
        { "city_name": "Thu‘aylib" },
        { "city_name": "Abū Şuwayy" },
        { "city_name": "Mu‘aydhir al Mashāf" },
        { "city_name": "As Samrīyah" },
        { "city_name": "Al Wabrah" },
        { "city_name": "Mu‘aydhir ad Dasm" },
        { "city_name": "Al Ḩasanīyah" },
        { "city_name": "Umm al Quhāb" },
        { "city_name": "Al Khurayb" },
        { "city_name": "Umm Aqdīr" },
        { "city_name": "Umm Suwayyah" },
        { "city_name": "Mu‘aydhar al Wakīr" },
        { "city_name": "Al Bāhiyah" },
        { "city_name": "Nabāt al Uşayl" },
        { "city_name": "Al Ghāf" }
      ]
    },
    {
      "province_name": "Baladiyat Umm Salal",
      "cities": [
        { "city_name": "Umm Şalāl ‘Alī" },
        { "city_name": "Umm Şalāl Muḩammad" }
      ]
    },
    {
      "province_name": "Baladiyat ar Rayyan",
      "cities": [
        { "city_name": "Ar Rayyān" },
        { "city_name": "Laqţah" },
        { "city_name": "Ash Shīḩānīyah" },
        { "city_name": "As Saylīyah" },
        { "city_name": "Mu‘aydhir Rawḑat Rāshid" },
        { "city_name": "Al Waqbah" },
        { "city_name": "Jarīyān as Sahm" },
        { "city_name": "Jarī az̧ Z̧abī" },
        { "city_name": "Şin‘ al Ḩumaydī" },
        { "city_name": "Zar‘ al ‘Atīyah" },
        { "city_name": "Ath Thamīd" },
        { "city_name": "Umm al Afā‘ī" },
        { "city_name": "Umm Şalāl ‘Alī" },
        { "city_name": "Az̧ Z̧a‘āyin" },
        { "city_name": "Umm al Quhāb" },
        { "city_name": "Umm Birkah" },
        { "city_name": "Umm al Qubūr" },
        { "city_name": "Umm Qayn" },
        { "city_name": "Abū Kharāb" },
        { "city_name": "Umm ‘Anīq" },
        { "city_name": "Al Jubayl" },
        { "city_name": "Al ‘Uqdah" },
        { "city_name": "Al Masākir ‘Uraydah" },
        { "city_name": "Umm Qarīn" },
        { "city_name": "Rawḑat al ‘Ajūz" },
        { "city_name": "Umm al Abāriq" },
        { "city_name": "Jarī Ibn ‘Abd al Wahhāb" },
        { "city_name": "Aş Şanī‘" },
        { "city_name": "Umm ‘Ubayrīyah" },
        { "city_name": "Burj Barzān" },
        { "city_name": "Umm Şalāl Muḩammad" },
        { "city_name": "Jarī Khabāb" },
        { "city_name": "Abū Aqlīlah" },
        { "city_name": "Al Maşlabah" },
        { "city_name": "Abā an Najm" },
        { "city_name": "Abū Thaylah" },
        { "city_name": "Umm Asharīn" },
        { "city_name": "Abū Qarn" },
        { "city_name": "Umm al ‘Amad" },
        { "city_name": "Thu‘aylib" },
        { "city_name": "Abū Şuwayy" },
        { "city_name": "Mu‘aydhir al Mashāf" },
        { "city_name": "As Samrīyah" },
        { "city_name": "Al Wabrah" },
        { "city_name": "Mu‘aydhir ad Dasm" },
        { "city_name": "Al Ḩasanīyah" },
        { "city_name": "Umm al Quhāb" },
        { "city_name": "Al Khurayb" },
        { "city_name": "Umm Aqdīr" },
        { "city_name": "Umm Suwayyah" },
        { "city_name": "Mu‘aydhar al Wakīr" },
        { "city_name": "Al Bāhiyah" },
        { "city_name": "Nabāt al Uşayl" },
        { "city_name": "Al Ghāf" }
      ]
    },
    {
      "province_name": "Baladiyat ad Dawhah",
      "cities": [
        { "city_name": "Doha" },
        { "city_name": "Nu‘ayjah" },
        { "city_name": "Al Wa‘b" },
        { "city_name": "Al Khurayţīyāt" },
        { "city_name": "Al Mashāf" }
      ]
    },
    {
      "province_name": "Al Wakrah",
      "cities": [
        { "city_name": "Al Wakrah" },
        { "city_name": "Al Wukayr" },
        { "city_name": "Ra’s Abū Finţās" },
        { "city_name": "Musay‘īd" },
        { "city_name": "Mukaynis" },
        { "city_name": "Abū Nakhlah" }
      ]
    },
    {
      "province_name": "Baladiyat az Za'ayin",
      "cities": [
        { "city_name": "Az̧ Z̧a‘āyin" },
        { "city_name": "Sumaysimah" },
        { "city_name": "Al Khīsah" },
        { "city_name": "Umm al ‘Amad" },
        { "city_name": "Umm Qarn" },
        { "city_name": "Al Ḩammāmah" },
        { "city_name": "Ar Ruḩayyah" },
        { "city_name": "Tinbak ash Sharqīyah al Qadīmah" }
      ]
    },
    {
      "province_name": "Al-Shahaniya",
      "cities": [
        { "city_name": "Ash Shafallaḩīyah" },
        { "city_name": "Umm al Quhāb" },
        { "city_name": "Al Khurayb" },
        { "city_name": "Umm Aqdīr" },
        { "city_name": "Umm Suwayyah" },
        { "city_name": "Mu‘aydhar al Wakīr" },
        { "city_name": "Al Bāhiyah" },
        { "city_name": "Nabāt al Uşayl" },
        { "city_name": "Al Ghāf" }
      ]
    }
  ]
}
