{
  "country_name": "Kyrgyzstan",
  "country_id": "KG",
  "provinces": [
    {
      "province_name": "Chüy",
      "cities": [
        { "city_name": "Bishkek" },
        { "city_name": "Tokmok" },
        { "city_name": "Kara-Balta" },
        { "city_name": "Kant" },
        { "city_name": "Belovodskoe" },
        { "city_name": "Shark" },
        { "city_name": "Sokuluk" },
        { "city_name": "Alamedin" },
        { "city_name": "Novopokrovka" },
        { "city_name": "Jangy-Nookat" }
      ]
    },
    {
      "province_name": "Osh",
      "cities": [
        { "city_name": "Osh" },
        { "city_name": "Özgön" },
        { "city_name": "Aravan" },
        { "city_name": "Jalal-Abad" },
        { "city_name": "Batken" },
        { "city_name": "Isfana" },
        { "city_name": "Kyzyl-Kyya" },
        { "city_name": "Kara-Suu" },
        { "city_name": "Mayluu-Suu" }
      ]
    },
    {
      "province_name": "Naryn",
      "cities": [
        { "city_name": "Naryn" },
        { "city_name": "Kochkor-Ata" },
        { "city_name": "At-Bashy" },
        { "city_name": "Kochkor" },
        { "city_name": "Ala-Buka" }
      ]
    },
    {
      "province_name": "Issyk-Kul",
      "cities": [
        { "city_name": "Karakol" },
        { "city_name": "Cholpon-Ata" },
        { "city_name": "Balykchy" },
        { "city_name": "Bosteri" }
      ]
    },
    {
      "province_name": "Talas",
      "cities": [{ "city_name": "Talas" }, { "city_name": "Suusamyr" }]
    },
    {
      "province_name": "Batken",
      "cities": [
        { "city_name": "Batken" },
        { "city_name": "Kyzyl-Kyshtak" },
        { "city_name": "Karakol" }
      ]
    },
    {
      "province_name": "Jalal-Abad",
      "cities": [
        { "city_name": "Jalal-Abad" },
        { "city_name": "Kyzyl-Suu" },
        { "city_name": "Toktogul" }
      ]
    },
    {
      "province_name": "Kyrgyz-Ata",
      "cities": [
        { "city_name": "Kyrgyz-Ata" },
        { "city_name": "Aydarken" },
        { "city_name": "Naryn" }
      ]
    }
  ]
}
