{
    "country_name": "Colombia",
    "country_id": "CO",
    "provinces": [
        {
            "province_name": "Departamento del Vichada",
            "cities": [
                {
                    "city_name": "Cumaribo"
                },
                {
                    "city_name": "La Primavera"
                },
                {
                    "city_name": "Puerto Carreno"
                },
                {
                    "city_name": "Santa Rosalia"
                }
            ]
        },
        {
            "province_name": "Departamento del Vaupes",
            "cities": [
                {
                    "city_name": "Caruru"
                },
                {
                    "city_name": "Mitu"
                },
                {
                    "city_name": "Pacoa"
                },
                {
                    "city_name": "Papunaua"
                },
                {
                    "city_name": "Taraira"
                },
                {
                    "city_name": "Yavarate"
                }
            ]
        },
        {
            "province_name": "Departamento del Valle del Cauca",
            "cities": [
                {
                    "city_name": "Zarzal"
                },
                {
                    "city_name": "Yotoco"
                },
                {
                    "city_name": "Vijes"
                },
                {
                    "city_name": "Versalles"
                },
                {
                    "city_name": "Ulloa"
                },
                {
                    "city_name": "Tulua"
                },
                {
                    "city_name": "Trujillo"
                },
                {
                    "city_name": "Toro"
                },
                {
                    "city_name": "Sevilla"
                },
                {
                    "city_name": "San Pedro"
                },
                {
                    "city_name": "Roldanillo"
                },
                {
                    "city_name": "Riofrio"
                },
                {
                    "city_name": "Restrepo"
                },
                {
                    "city_name": "Pradera"
                },
                {
                    "city_name": "Palmira"
                },
                {
                    "city_name": "Obando"
                },
                {
                    "city_name": "La Union"
                },
                {
                    "city_name": "La Cumbre"
                },
                {
                    "city_name": "Jamundi"
                },
                {
                    "city_name": "Guacari"
                },
                {
                    "city_name": "Ginebra"
                },
                {
                    "city_name": "Florida"
                },
                {
                    "city_name": "El Dovio"
                },
                {
                    "city_name": "El Cerrito"
                },
                {
                    "city_name": "El Cairo"
                },
                {
                    "city_name": "El Aguila"
                },
                {
                    "city_name": "Dagua"
                },
                {
                    "city_name": "Caicedonia"
                },
                {
                    "city_name": "Cartago"
                },
                {
                    "city_name": "Candelaria"
                },
                {
                    "city_name": "Calima"
                },
                {
                    "city_name": "Cali"
                },
                {
                    "city_name": "Bugalagrande"
                },
                {
                    "city_name": "Bolivar"
                },
                {
                    "city_name": "Argelia"
                },
                {
                    "city_name": "Ansermanuevo"
                },
                {
                    "city_name": "Andalucia"
                },
                {
                    "city_name": "Alcala"
                },
                {
                    "city_name": "Buenaventura"
                },
                {
                    "city_name": "La Victoria"
                },
                {
                    "city_name": "Yumbo"
                },
                {
                    "city_name": "Guadalajara de Buga"
                }
            ]
        },
        {
            "province_name": "Departamento de Tolima",
            "cities": [
                {
                    "city_name": "Villarrica"
                },
                {
                    "city_name": "Villahermosa"
                },
                {
                    "city_name": "Venadillo"
                },
                {
                    "city_name": "Valle de San Juan"
                },
                {
                    "city_name": "Suarez"
                },
                {
                    "city_name": "Santa Isabel"
                },
                {
                    "city_name": "San Luis"
                },
                {
                    "city_name": "San Antonio"
                },
                {
                    "city_name": "Rovira"
                },
                {
                    "city_name": "Roncesvalles"
                },
                {
                    "city_name": "Rioblanco"
                },
                {
                    "city_name": "Purificacion"
                },
                {
                    "city_name": "Prado"
                },
                {
                    "city_name": "Planadas"
                },
                {
                    "city_name": "Piedras"
                },
                {
                    "city_name": "Ortega"
                },
                {
                    "city_name": "Natagaima"
                },
                {
                    "city_name": "Melgar"
                },
                {
                    "city_name": "Mariquita"
                },
                {
                    "city_name": "Libano"
                },
                {
                    "city_name": "Lerida"
                },
                {
                    "city_name": "Icononzo"
                },
                {
                    "city_name": "Ibague"
                },
                {
                    "city_name": "Honda"
                },
                {
                    "city_name": "Guamo"
                },
                {
                    "city_name": "Fresno"
                },
                {
                    "city_name": "Flandes"
                },
                {
                    "city_name": "Falan"
                },
                {
                    "city_name": "Espinal"
                },
                {
                    "city_name": "Dolores"
                },
                {
                    "city_name": "Cunday"
                },
                {
                    "city_name": "Coyaima"
                },
                {
                    "city_name": "Coello"
                },
                {
                    "city_name": "Chaparral"
                },
                {
                    "city_name": "Casabianca"
                },
                {
                    "city_name": "Carmen de Apicala"
                },
                {
                    "city_name": "Cajamarca"
                },
                {
                    "city_name": "Ataco"
                },
                {
                    "city_name": "Armero"
                },
                {
                    "city_name": "Anzoategui"
                },
                {
                    "city_name": "Ambalema"
                },
                {
                    "city_name": "Alvarado"
                },
                {
                    "city_name": "Alpujarra"
                },
                {
                    "city_name": "Murillo"
                },
                {
                    "city_name": "Herveo"
                },
                {
                    "city_name": "Saldana"
                },
                {
                    "city_name": "Palocabildo"
                }
            ]
        },
        {
            "province_name": "Departamento de Sucre",
            "cities": [
                {
                    "city_name": "Tolu Viejo"
                },
                {
                    "city_name": "Sucre"
                },
                {
                    "city_name": "Sincelejo"
                },
                {
                    "city_name": "San Pedro"
                },
                {
                    "city_name": "San Onofre"
                },
                {
                    "city_name": "San Marcos"
                },
                {
                    "city_name": "San Benito Abad"
                },
                {
                    "city_name": "Sampues"
                },
                {
                    "city_name": "Chalan"
                },
                {
                    "city_name": "Palmito"
                },
                {
                    "city_name": "Ovejas"
                },
                {
                    "city_name": "Morroa"
                },
                {
                    "city_name": "Majagual"
                },
                {
                    "city_name": "Corozal"
                },
                {
                    "city_name": "Caimito"
                },
                {
                    "city_name": "San Juan de Betulia"
                },
                {
                    "city_name": "Los Palmitos"
                },
                {
                    "city_name": "La Union"
                },
                {
                    "city_name": "Guaranda"
                },
                {
                    "city_name": "Coloso"
                },
                {
                    "city_name": "Galeras"
                },
                {
                    "city_name": "Buenavista"
                },
                {
                    "city_name": "Covenas"
                },
                {
                    "city_name": "El Roble"
                },
                {
                    "city_name": "San Luis de Since"
                },
                {
                    "city_name": "Santiago de Tolu"
                }
            ]
        },
        {
            "province_name": "Departamento de Santander",
            "cities": [
                {
                    "city_name": "Zapatoca"
                },
                {
                    "city_name": "Velez"
                },
                {
                    "city_name": "Valle de San Jose"
                },
                {
                    "city_name": "Tona"
                },
                {
                    "city_name": "Surata"
                },
                {
                    "city_name": "Sucre"
                },
                {
                    "city_name": "Suaita"
                },
                {
                    "city_name": "Socorro"
                },
                {
                    "city_name": "Simacota"
                },
                {
                    "city_name": "San Vicente de Chucuri"
                },
                {
                    "city_name": "San Miguel"
                },
                {
                    "city_name": "San Jose de Miranda"
                },
                {
                    "city_name": "San Joaquin"
                },
                {
                    "city_name": "San Gil"
                },
                {
                    "city_name": "San Benito"
                },
                {
                    "city_name": "San Andres"
                },
                {
                    "city_name": "Rionegro"
                },
                {
                    "city_name": "Puerto Wilches"
                },
                {
                    "city_name": "Puente Nacional"
                },
                {
                    "city_name": "Pinchote"
                },
                {
                    "city_name": "Piedecuesta"
                },
                {
                    "city_name": "Paramo"
                },
                {
                    "city_name": "Palmas del Socorro"
                },
                {
                    "city_name": "Palmar"
                },
                {
                    "city_name": "Onzaga"
                },
                {
                    "city_name": "Oiba"
                },
                {
                    "city_name": "Ocamonte"
                },
                {
                    "city_name": "Molagavita"
                },
                {
                    "city_name": "Mogotes"
                },
                {
                    "city_name": "Matanza"
                },
                {
                    "city_name": "Malaga"
                },
                {
                    "city_name": "Macaravita"
                },
                {
                    "city_name": "Los Santos"
                },
                {
                    "city_name": "Lebrija"
                },
                {
                    "city_name": "La Paz"
                },
                {
                    "city_name": "Aguada"
                },
                {
                    "city_name": "Jordan"
                },
                {
                    "city_name": "Jesus Maria"
                },
                {
                    "city_name": "Hato"
                },
                {
                    "city_name": "Gueepsa"
                },
                {
                    "city_name": "Guavata"
                },
                {
                    "city_name": "Guapota"
                },
                {
                    "city_name": "Guadalupe"
                },
                {
                    "city_name": "Guaca"
                },
                {
                    "city_name": "Giron"
                },
                {
                    "city_name": "Gambita"
                },
                {
                    "city_name": "Galan"
                },
                {
                    "city_name": "Floridablanca"
                },
                {
                    "city_name": "Enciso"
                },
                {
                    "city_name": "Encino"
                },
                {
                    "city_name": "El Guacamayo"
                },
                {
                    "city_name": "Curiti"
                },
                {
                    "city_name": "Coromoro"
                },
                {
                    "city_name": "Contratacion"
                },
                {
                    "city_name": "Confines"
                },
                {
                    "city_name": "Concepcion"
                },
                {
                    "city_name": "Chipata"
                },
                {
                    "city_name": "Chima"
                },
                {
                    "city_name": "Charta"
                },
                {
                    "city_name": "Charala"
                },
                {
                    "city_name": "Cerrito"
                },
                {
                    "city_name": "Cepita"
                },
                {
                    "city_name": "Carcasi"
                },
                {
                    "city_name": "Capitanejo"
                },
                {
                    "city_name": "California"
                },
                {
                    "city_name": "Cabrera"
                },
                {
                    "city_name": "Bucaramanga"
                },
                {
                    "city_name": "Bolivar"
                },
                {
                    "city_name": "Betulia"
                },
                {
                    "city_name": "Barrancabermeja"
                },
                {
                    "city_name": "Barichara"
                },
                {
                    "city_name": "Barbosa"
                },
                {
                    "city_name": "Aratoca"
                },
                {
                    "city_name": "Albania"
                },
                {
                    "city_name": "Vetas"
                },
                {
                    "city_name": "Santa Helena del Opon"
                },
                {
                    "city_name": "Puerto Parra"
                },
                {
                    "city_name": "Landazuri"
                },
                {
                    "city_name": "La Belleza"
                },
                {
                    "city_name": "Florian"
                },
                {
                    "city_name": "El Playon"
                },
                {
                    "city_name": "El Carmen de Chucuri"
                },
                {
                    "city_name": "Cimitarra"
                },
                {
                    "city_name": "Sabana de Torres"
                },
                {
                    "city_name": "Villanueva"
                },
                {
                    "city_name": "Santa Barbara"
                },
                {
                    "city_name": "El Penon"
                }
            ]
        },
        {
            "province_name": "Providencia y Santa Catalina, Departamento de Archipielago de San Andres",
            "cities": [
                {
                    "city_name": "San Andres"
                },
                {
                    "city_name": "Providencia"
                }
            ]
        },
        {
            "province_name": "Departamento de Risaralda",
            "cities": [
                {
                    "city_name": "Santuario"
                },
                {
                    "city_name": "Santa Rosa de Cabal"
                },
                {
                    "city_name": "Quinchia"
                },
                {
                    "city_name": "Pueblo Rico"
                },
                {
                    "city_name": "Pereira"
                },
                {
                    "city_name": "Mistrato"
                },
                {
                    "city_name": "Marsella"
                },
                {
                    "city_name": "La Virginia"
                },
                {
                    "city_name": "La Celia"
                },
                {
                    "city_name": "Guatica"
                },
                {
                    "city_name": "Belen de Umbria"
                },
                {
                    "city_name": "Balboa"
                },
                {
                    "city_name": "Apia"
                },
                {
                    "city_name": "Dosquebradas"
                }
            ]
        },
        {
            "province_name": "Quindio Department",
            "cities": [
                {
                    "city_name": "Salento"
                },
                {
                    "city_name": "Quimbaya"
                },
                {
                    "city_name": "Pijao"
                },
                {
                    "city_name": "Montenegro"
                },
                {
                    "city_name": "La Tebaida"
                },
                {
                    "city_name": "Genova"
                },
                {
                    "city_name": "Filandia"
                },
                {
                    "city_name": "Circasia"
                },
                {
                    "city_name": "Calarca"
                },
                {
                    "city_name": "Armenia"
                },
                {
                    "city_name": "Cordoba"
                },
                {
                    "city_name": "Buenavista"
                }
            ]
        },
        {
            "province_name": "Departamento del Putumayo",
            "cities": [
                {
                    "city_name": "Mocoa"
                },
                {
                    "city_name": "Puerto Guzman"
                },
                {
                    "city_name": "San Francisco"
                },
                {
                    "city_name": "Villagarzon"
                },
                {
                    "city_name": "Valle del Guamuez"
                },
                {
                    "city_name": "Sibundoy"
                },
                {
                    "city_name": "Santiago"
                },
                {
                    "city_name": "Puerto Caicedo"
                },
                {
                    "city_name": "Puerto Asis"
                },
                {
                    "city_name": "Orito"
                },
                {
                    "city_name": "San Miguel"
                },
                {
                    "city_name": "Colon"
                },
                {
                    "city_name": "Leguizamo"
                }
            ]
        },
        {
            "province_name": "Departamento de Norte de Santander",
            "cities": [
                {
                    "city_name": "Villa del Rosario"
                },
                {
                    "city_name": "Villa Caro"
                },
                {
                    "city_name": "Toledo"
                },
                {
                    "city_name": "Teorama"
                },
                {
                    "city_name": "Silos"
                },
                {
                    "city_name": "Sardinata"
                },
                {
                    "city_name": "Santiago"
                },
                {
                    "city_name": "San Cayetano"
                },
                {
                    "city_name": "San Calixto"
                },
                {
                    "city_name": "Salazar"
                },
                {
                    "city_name": "Ragonvalia"
                },
                {
                    "city_name": "Pamplonita"
                },
                {
                    "city_name": "Pamplona"
                },
                {
                    "city_name": "Ocana"
                },
                {
                    "city_name": "Mutiscua"
                },
                {
                    "city_name": "Lourdes"
                },
                {
                    "city_name": "La Playa"
                },
                {
                    "city_name": "Labateca"
                },
                {
                    "city_name": "Herran"
                },
                {
                    "city_name": "Hacari"
                },
                {
                    "city_name": "Gramalote"
                },
                {
                    "city_name": "El Zulia"
                },
                {
                    "city_name": "El Carmen"
                },
                {
                    "city_name": "Durania"
                },
                {
                    "city_name": "Cucutilla"
                },
                {
                    "city_name": "Cucuta"
                },
                {
                    "city_name": "Convencion"
                },
                {
                    "city_name": "Chitaga"
                },
                {
                    "city_name": "Chinacota"
                },
                {
                    "city_name": "Cacota"
                },
                {
                    "city_name": "Cachira"
                },
                {
                    "city_name": "Bucarasica"
                },
                {
                    "city_name": "Bochalema"
                },
                {
                    "city_name": "Arboledas"
                },
                {
                    "city_name": "Abrego"
                },
                {
                    "city_name": "Tibu"
                },
                {
                    "city_name": "Puerto Santander"
                },
                {
                    "city_name": "La Esperanza"
                },
                {
                    "city_name": "El Tarra"
                },
                {
                    "city_name": "Los Patios"
                }
            ]
        },
        {
            "province_name": "Departamento de Narino",
            "cities": [
                {
                    "city_name": "Yacuanquer"
                },
                {
                    "city_name": "Tuquerres"
                },
                {
                    "city_name": "Tangua"
                },
                {
                    "city_name": "Taminango"
                },
                {
                    "city_name": "Sapuyes"
                },
                {
                    "city_name": "Santacruz"
                },
                {
                    "city_name": "Santa Barbara"
                },
                {
                    "city_name": "San Pablo"
                },
                {
                    "city_name": "San Lorenzo"
                },
                {
                    "city_name": "Sandona"
                },
                {
                    "city_name": "Samaniego"
                },
                {
                    "city_name": "Roberto Payan"
                },
                {
                    "city_name": "Ricaurte"
                },
                {
                    "city_name": "Pupiales"
                },
                {
                    "city_name": "Puerres"
                },
                {
                    "city_name": "Potosi"
                },
                {
                    "city_name": "Maguei"
                },
                {
                    "city_name": "Pasto"
                },
                {
                    "city_name": "Ospina"
                },
                {
                    "city_name": "Mosquera"
                },
                {
                    "city_name": "Mallama"
                },
                {
                    "city_name": "Los Andes"
                },
                {
                    "city_name": "Linares"
                },
                {
                    "city_name": "La Union"
                },
                {
                    "city_name": "La Florida"
                },
                {
                    "city_name": "La Cruz"
                },
                {
                    "city_name": "Ipiales"
                },
                {
                    "city_name": "Imues"
                },
                {
                    "city_name": "Iles"
                },
                {
                    "city_name": "Gualmatan"
                },
                {
                    "city_name": "Guaitarilla"
                },
                {
                    "city_name": "Guachucal"
                },
                {
                    "city_name": "Funes"
                },
                {
                    "city_name": "El Tambo"
                },
                {
                    "city_name": "El Tablon de Gomez"
                },
                {
                    "city_name": "El Rosario"
                },
                {
                    "city_name": "El Charco"
                },
                {
                    "city_name": "Cumbal"
                },
                {
                    "city_name": "Cuaspud"
                },
                {
                    "city_name": "Cordoba"
                },
                {
                    "city_name": "Contadero"
                },
                {
                    "city_name": "Consaca"
                },
                {
                    "city_name": "Colon"
                },
                {
                    "city_name": "Buesaco"
                },
                {
                    "city_name": "Barbacoas"
                },
                {
                    "city_name": "Arboleda"
                },
                {
                    "city_name": "Ancuya"
                },
                {
                    "city_name": "Aldana"
                },
                {
                    "city_name": "Alban"
                },
                {
                    "city_name": "Chachaguei"
                },
                {
                    "city_name": "San Pedro de Cartago"
                },
                {
                    "city_name": "Providencia"
                },
                {
                    "city_name": "Policarpa"
                },
                {
                    "city_name": "San Bernardo"
                },
                {
                    "city_name": "Leiva"
                },
                {
                    "city_name": "La Tola"
                },
                {
                    "city_name": "La Llanada"
                },
                {
                    "city_name": "Francisco Pizarro"
                },
                {
                    "city_name": "Cumbitara"
                },
                {
                    "city_name": "Belen"
                },
                {
                    "city_name": "Olaya Herrera"
                },
                {
                    "city_name": "El Penol"
                },
                {
                    "city_name": "Narino"
                },
                {
                    "city_name": "San Andres de Tumaco"
                }
            ]
        },
        {
            "province_name": "Departamento del Meta",
            "cities": [
                {
                    "city_name": "Villavicencio"
                },
                {
                    "city_name": "San Martin"
                },
                {
                    "city_name": "Restrepo"
                },
                {
                    "city_name": "Puerto Lopez"
                },
                {
                    "city_name": "Puerto Lleras"
                },
                {
                    "city_name": "Guamal"
                },
                {
                    "city_name": "Granada"
                },
                {
                    "city_name": "El Calvario"
                },
                {
                    "city_name": "Cumaral"
                },
                {
                    "city_name": "Castilla la Nueva"
                },
                {
                    "city_name": "Acacias"
                },
                {
                    "city_name": "La Macarena"
                },
                {
                    "city_name": "Mesetas"
                },
                {
                    "city_name": "Vistahermosa"
                },
                {
                    "city_name": "Puerto Concordia"
                },
                {
                    "city_name": "San Juanito"
                },
                {
                    "city_name": "El Castillo"
                },
                {
                    "city_name": "Puerto Rico"
                },
                {
                    "city_name": "San Juan de Arama"
                },
                {
                    "city_name": "San Carlos de Guaroa"
                },
                {
                    "city_name": "Puerto Gaitan"
                },
                {
                    "city_name": "Lejanias"
                },
                {
                    "city_name": "Fuente de Oro"
                },
                {
                    "city_name": "El Dorado"
                },
                {
                    "city_name": "Cubarral"
                },
                {
                    "city_name": "Cabuyaro"
                },
                {
                    "city_name": "Barranca de Upia"
                },
                {
                    "city_name": "Mapiripan"
                },
                {
                    "city_name": "Uribe"
                }
            ]
        },
        {
            "province_name": "Departamento del Magdalena",
            "cities": [
                {
                    "city_name": "Tenerife"
                },
                {
                    "city_name": "Sitionuevo"
                },
                {
                    "city_name": "San Zenon"
                },
                {
                    "city_name": "Santa Marta"
                },
                {
                    "city_name": "Santa Ana"
                },
                {
                    "city_name": "San Sebastian de Buenavista"
                },
                {
                    "city_name": "Salamina"
                },
                {
                    "city_name": "Remolino"
                },
                {
                    "city_name": "Puebloviejo"
                },
                {
                    "city_name": "Plato"
                },
                {
                    "city_name": "Pivijay"
                },
                {
                    "city_name": "Pedraza"
                },
                {
                    "city_name": "Guamal"
                },
                {
                    "city_name": "Fundacion"
                },
                {
                    "city_name": "El Pinon"
                },
                {
                    "city_name": "El Banco"
                },
                {
                    "city_name": "Cienaga"
                },
                {
                    "city_name": "Cerro San Antonio"
                },
                {
                    "city_name": "Aracataca"
                },
                {
                    "city_name": "Algarrobo"
                },
                {
                    "city_name": "Ariguani"
                },
                {
                    "city_name": "Chibolo"
                },
                {
                    "city_name": "Zona Bananera"
                },
                {
                    "city_name": "Concordia"
                },
                {
                    "city_name": "El Reten"
                },
                {
                    "city_name": "Nueva Granada"
                },
                {
                    "city_name": "Pijino del Carmen"
                },
                {
                    "city_name": "Sabanas de San Angel"
                },
                {
                    "city_name": "Santa Barbara de Pinto"
                },
                {
                    "city_name": "Zapayan"
                }
            ]
        },
        {
            "province_name": "Departamento de La Guajira",
            "cities": [
                {
                    "city_name": "Villanueva"
                },
                {
                    "city_name": "Uribia"
                },
                {
                    "city_name": "San Juan del Cesar"
                },
                {
                    "city_name": "Riohacha"
                },
                {
                    "city_name": "Maicao"
                },
                {
                    "city_name": "Fonseca"
                },
                {
                    "city_name": "Barrancas"
                },
                {
                    "city_name": "Manaure"
                },
                {
                    "city_name": "Urumita"
                },
                {
                    "city_name": "El Molino"
                },
                {
                    "city_name": "Dibulla"
                },
                {
                    "city_name": "Distraccion"
                },
                {
                    "city_name": "Albania"
                },
                {
                    "city_name": "Hatonuevo"
                },
                {
                    "city_name": "La Jagua del Pilar"
                }
            ]
        },
        {
            "province_name": "Departamento del Huila",
            "cities": [
                {
                    "city_name": "Yaguara"
                },
                {
                    "city_name": "Villavieja"
                },
                {
                    "city_name": "Timana"
                },
                {
                    "city_name": "Tesalia"
                },
                {
                    "city_name": "Teruel"
                },
                {
                    "city_name": "Tello"
                },
                {
                    "city_name": "Tarqui"
                },
                {
                    "city_name": "Suaza"
                },
                {
                    "city_name": "Santa Maria"
                },
                {
                    "city_name": "Isnos"
                },
                {
                    "city_name": "San Agustin"
                },
                {
                    "city_name": "Saladoblanco"
                },
                {
                    "city_name": "Rivera"
                },
                {
                    "city_name": "Pitalito"
                },
                {
                    "city_name": "Pital"
                },
                {
                    "city_name": "Palermo"
                },
                {
                    "city_name": "Paicol"
                },
                {
                    "city_name": "Oporapa"
                },
                {
                    "city_name": "Neiva"
                },
                {
                    "city_name": "Nataga"
                },
                {
                    "city_name": "La Plata"
                },
                {
                    "city_name": "La Argentina"
                },
                {
                    "city_name": "Iquira"
                },
                {
                    "city_name": "Hobo"
                },
                {
                    "city_name": "Guadalupe"
                },
                {
                    "city_name": "Gigante"
                },
                {
                    "city_name": "Garzon"
                },
                {
                    "city_name": "Elias"
                },
                {
                    "city_name": "Colombia"
                },
                {
                    "city_name": "Campoalegre"
                },
                {
                    "city_name": "Baraya"
                },
                {
                    "city_name": "Altamira"
                },
                {
                    "city_name": "Algeciras"
                },
                {
                    "city_name": "Aipe"
                },
                {
                    "city_name": "Agrado"
                },
                {
                    "city_name": "Acevedo"
                },
                {
                    "city_name": "Palestina"
                }
            ]
        },
        {
            "province_name": "Departamento del Guaviare",
            "cities": [
                {
                    "city_name": "Calamar"
                },
                {
                    "city_name": "San Jose del Guaviare"
                },
                {
                    "city_name": "Miraflores"
                },
                {
                    "city_name": "El Retorno"
                }
            ]
        },
        {
            "province_name": "Departamento del Guainia",
            "cities": [
                {
                    "city_name": "Puerto Colombia"
                },
                {
                    "city_name": "Barranco Minas"
                },
                {
                    "city_name": "Cacahual"
                },
                {
                    "city_name": "Inirida"
                },
                {
                    "city_name": "Pana Pana"
                },
                {
                    "city_name": "La Guadalupe"
                },
                {
                    "city_name": "Mapiripana"
                },
                {
                    "city_name": "San Felipe"
                },
                {
                    "city_name": "Morichal"
                }
            ]
        },
        {
            "province_name": "Departamento de Cundinamarca",
            "cities": [
                {
                    "city_name": "Zipaquira"
                },
                {
                    "city_name": "Zipacon"
                },
                {
                    "city_name": "Yacopi"
                },
                {
                    "city_name": "Viota"
                },
                {
                    "city_name": "Villeta"
                },
                {
                    "city_name": "Villapinzon"
                },
                {
                    "city_name": "Viani"
                },
                {
                    "city_name": "Vergara"
                },
                {
                    "city_name": "Utica"
                },
                {
                    "city_name": "Une"
                },
                {
                    "city_name": "Ubaque"
                },
                {
                    "city_name": "Ubala"
                },
                {
                    "city_name": "Topaipi"
                },
                {
                    "city_name": "Tocancipa"
                },
                {
                    "city_name": "Tocaima"
                },
                {
                    "city_name": "Tibirita"
                },
                {
                    "city_name": "Tibacuy"
                },
                {
                    "city_name": "Tenjo"
                },
                {
                    "city_name": "Tena"
                },
                {
                    "city_name": "Tausa"
                },
                {
                    "city_name": "Tabio"
                },
                {
                    "city_name": "Sutatausa"
                },
                {
                    "city_name": "Susa"
                },
                {
                    "city_name": "Supata"
                },
                {
                    "city_name": "Suesca"
                },
                {
                    "city_name": "Subachoque"
                },
                {
                    "city_name": "Sopo"
                },
                {
                    "city_name": "Soacha"
                },
                {
                    "city_name": "Simijaca"
                },
                {
                    "city_name": "Silvania"
                },
                {
                    "city_name": "Sesquile"
                },
                {
                    "city_name": "Sasaima"
                },
                {
                    "city_name": "San Juan de Rio Seco"
                },
                {
                    "city_name": "San Francisco"
                },
                {
                    "city_name": "San Cayetano"
                },
                {
                    "city_name": "San Bernardo"
                },
                {
                    "city_name": "Apulo"
                },
                {
                    "city_name": "Quipile"
                },
                {
                    "city_name": "Quetame"
                },
                {
                    "city_name": "Quebradanegra"
                },
                {
                    "city_name": "Puli"
                },
                {
                    "city_name": "Puerto Salgar"
                },
                {
                    "city_name": "Pasca"
                },
                {
                    "city_name": "Pandi"
                },
                {
                    "city_name": "Paime"
                },
                {
                    "city_name": "Pacho"
                },
                {
                    "city_name": "Nocaima"
                },
                {
                    "city_name": "Nimaima"
                },
                {
                    "city_name": "Nilo"
                },
                {
                    "city_name": "Nemocon"
                },
                {
                    "city_name": "Narino"
                },
                {
                    "city_name": "Mosquera"
                },
                {
                    "city_name": "Medina"
                },
                {
                    "city_name": "Manta"
                },
                {
                    "city_name": "Madrid"
                },
                {
                    "city_name": "Macheta"
                },
                {
                    "city_name": "Lenguazaque"
                },
                {
                    "city_name": "La Vega"
                },
                {
                    "city_name": "La Pena"
                },
                {
                    "city_name": "La Palma"
                },
                {
                    "city_name": "La Mesa"
                },
                {
                    "city_name": "La Calera"
                },
                {
                    "city_name": "Junin"
                },
                {
                    "city_name": "Jerusalen"
                },
                {
                    "city_name": "Gutierrez"
                },
                {
                    "city_name": "Guayabal de Siquima"
                },
                {
                    "city_name": "Guatavita"
                },
                {
                    "city_name": "Guataqui"
                },
                {
                    "city_name": "Guasca"
                },
                {
                    "city_name": "Guaduas"
                },
                {
                    "city_name": "Guacheta"
                },
                {
                    "city_name": "Girardot"
                },
                {
                    "city_name": "Gama"
                },
                {
                    "city_name": "Gacheta"
                },
                {
                    "city_name": "Gachancipa"
                },
                {
                    "city_name": "Gachala"
                },
                {
                    "city_name": "Fusagasuga"
                },
                {
                    "city_name": "Fuquene"
                },
                {
                    "city_name": "Funza"
                },
                {
                    "city_name": "Fosca"
                },
                {
                    "city_name": "Fomeque"
                },
                {
                    "city_name": "Facatativa"
                },
                {
                    "city_name": "El Penon"
                },
                {
                    "city_name": "El Colegio"
                },
                {
                    "city_name": "Cucunuba"
                },
                {
                    "city_name": "Cota"
                },
                {
                    "city_name": "Cogua"
                },
                {
                    "city_name": "Choconta"
                },
                {
                    "city_name": "Choachi"
                },
                {
                    "city_name": "Chipaque"
                },
                {
                    "city_name": "Chia"
                },
                {
                    "city_name": "Chaguani"
                },
                {
                    "city_name": "Carmen de Carupa"
                },
                {
                    "city_name": "Caqueza"
                },
                {
                    "city_name": "Caparrapi"
                },
                {
                    "city_name": "Cajica"
                },
                {
                    "city_name": "Bojaca"
                },
                {
                    "city_name": "Bituima"
                },
                {
                    "city_name": "Beltran"
                },
                {
                    "city_name": "Arbelaez"
                },
                {
                    "city_name": "Anolaima"
                },
                {
                    "city_name": "Anapoima"
                },
                {
                    "city_name": "Alban"
                },
                {
                    "city_name": "Agua de Dios"
                },
                {
                    "city_name": "Paratebueno"
                },
                {
                    "city_name": "Ricaurte"
                },
                {
                    "city_name": "Cachipay"
                },
                {
                    "city_name": "Guayabetal"
                },
                {
                    "city_name": "Sibate"
                },
                {
                    "city_name": "Villagomez"
                },
                {
                    "city_name": "Cabrera"
                },
                {
                    "city_name": "Venecia"
                },
                {
                    "city_name": "Granada"
                },
                {
                    "city_name": "El Rosal"
                },
                {
                    "city_name": "San Antonio del Tequendama"
                },
                {
                    "city_name": "Villa de San Diego de Ubate"
                }
            ]
        },
        {
            "province_name": "Departamento de Cordoba",
            "cities": [
                {
                    "city_name": "Valencia"
                },
                {
                    "city_name": "Tierralta"
                },
                {
                    "city_name": "San Pelayo"
                },
                {
                    "city_name": "San Carlos"
                },
                {
                    "city_name": "San Bernardo del Viento"
                },
                {
                    "city_name": "San Antero"
                },
                {
                    "city_name": "San Andres Sotavento"
                },
                {
                    "city_name": "Sahagun"
                },
                {
                    "city_name": "Purisima"
                },
                {
                    "city_name": "Puerto Escondido"
                },
                {
                    "city_name": "Pueblo Nuevo"
                },
                {
                    "city_name": "Planeta Rica"
                },
                {
                    "city_name": "Monteria"
                },
                {
                    "city_name": "Montelibano"
                },
                {
                    "city_name": "Lorica"
                },
                {
                    "city_name": "Cienaga de Oro"
                },
                {
                    "city_name": "Chinu"
                },
                {
                    "city_name": "Chima"
                },
                {
                    "city_name": "Cerete"
                },
                {
                    "city_name": "Ayapel"
                },
                {
                    "city_name": "Canalete"
                },
                {
                    "city_name": "Cotorra"
                },
                {
                    "city_name": "Buenavista"
                },
                {
                    "city_name": "Los Cordobas"
                },
                {
                    "city_name": "Momil"
                },
                {
                    "city_name": "Monitos"
                },
                {
                    "city_name": "Puerto Libertador"
                },
                {
                    "city_name": "La Apartada"
                },
                {
                    "city_name": "San Jose De Ure"
                },
                {
                    "city_name": "Tuchin"
                }
            ]
        },
        {
            "province_name": "Departamento del Choco",
            "cities": [
                {
                    "city_name": "Tado"
                },
                {
                    "city_name": "Bahia Solano"
                },
                {
                    "city_name": "Sipi"
                },
                {
                    "city_name": "San Jose del Palmar"
                },
                {
                    "city_name": "Riosucio"
                },
                {
                    "city_name": "Quibdo"
                },
                {
                    "city_name": "Nuqui"
                },
                {
                    "city_name": "Novita"
                },
                {
                    "city_name": "Lloro"
                },
                {
                    "city_name": "Jurado"
                },
                {
                    "city_name": "Istmina"
                },
                {
                    "city_name": "El Carmen de Atrato"
                },
                {
                    "city_name": "Condoto"
                },
                {
                    "city_name": "Bojaya"
                },
                {
                    "city_name": "Bajo Baudo"
                },
                {
                    "city_name": "Bagado"
                },
                {
                    "city_name": "Alto Baudo"
                },
                {
                    "city_name": "Acandi"
                },
                {
                    "city_name": "Unguia"
                },
                {
                    "city_name": "Medio San Juan"
                },
                {
                    "city_name": "Carmen del Darien"
                },
                {
                    "city_name": "Atrato"
                },
                {
                    "city_name": "Union Panamericana"
                },
                {
                    "city_name": "Medio Atrato"
                },
                {
                    "city_name": "Rio Quito"
                },
                {
                    "city_name": "Certegui"
                },
                {
                    "city_name": "Medio Baudo"
                },
                {
                    "city_name": "Rio Iro"
                },
                {
                    "city_name": "El Canton del San Pablo"
                },
                {
                    "city_name": "El Litoral del San Juan"
                }
            ]
        },
        {
            "province_name": "Departamento del Cesar",
            "cities": [
                {
                    "city_name": "Tamalameque"
                },
                {
                    "city_name": "La Paz"
                },
                {
                    "city_name": "Rio de Oro"
                },
                {
                    "city_name": "La Gloria"
                },
                {
                    "city_name": "Gonzalez"
                },
                {
                    "city_name": "Gamarra"
                },
                {
                    "city_name": "Chiriguana"
                },
                {
                    "city_name": "Chimichagua"
                },
                {
                    "city_name": "Agustin Codazzi"
                },
                {
                    "city_name": "Aguachica"
                },
                {
                    "city_name": "San Alberto"
                },
                {
                    "city_name": "San Martin"
                },
                {
                    "city_name": "Astrea"
                },
                {
                    "city_name": "Becerril"
                },
                {
                    "city_name": "Bosconia"
                },
                {
                    "city_name": "Curumani"
                },
                {
                    "city_name": "El Paso"
                },
                {
                    "city_name": "Manaure"
                },
                {
                    "city_name": "Pailitas"
                },
                {
                    "city_name": "San Diego"
                },
                {
                    "city_name": "Valledupar"
                },
                {
                    "city_name": "El Copey"
                },
                {
                    "city_name": "Pelaya"
                },
                {
                    "city_name": "La Jagua de Ibirico"
                },
                {
                    "city_name": "Pueblo Bello"
                }
            ]
        },
        {
            "province_name": "Departamento del Cauca",
            "cities": [
                {
                    "city_name": "Totoro"
                },
                {
                    "city_name": "Toribio"
                },
                {
                    "city_name": "Timbiqui"
                },
                {
                    "city_name": "Timbio"
                },
                {
                    "city_name": "Sotara"
                },
                {
                    "city_name": "Silvia"
                },
                {
                    "city_name": "Santa Rosa"
                },
                {
                    "city_name": "Santander de Quilichao"
                },
                {
                    "city_name": "San Sebastian"
                },
                {
                    "city_name": "Rosas"
                },
                {
                    "city_name": "Purace"
                },
                {
                    "city_name": "Puerto Tejada"
                },
                {
                    "city_name": "Popayan"
                },
                {
                    "city_name": "Piendamo"
                },
                {
                    "city_name": "Patia"
                },
                {
                    "city_name": "Paez"
                },
                {
                    "city_name": "Padilla"
                },
                {
                    "city_name": "Morales"
                },
                {
                    "city_name": "Miranda"
                },
                {
                    "city_name": "Mercaderes"
                },
                {
                    "city_name": "Lopez"
                },
                {
                    "city_name": "La Vega"
                },
                {
                    "city_name": "La Sierra"
                },
                {
                    "city_name": "Jambalo"
                },
                {
                    "city_name": "Inza"
                },
                {
                    "city_name": "Guapi"
                },
                {
                    "city_name": "El Tambo"
                },
                {
                    "city_name": "Corinto"
                },
                {
                    "city_name": "Caloto"
                },
                {
                    "city_name": "Caldono"
                },
                {
                    "city_name": "Cajibio"
                },
                {
                    "city_name": "Buenos Aires"
                },
                {
                    "city_name": "Bolivar"
                },
                {
                    "city_name": "Balboa"
                },
                {
                    "city_name": "Argelia"
                },
                {
                    "city_name": "Almaguer"
                },
                {
                    "city_name": "Florencia"
                },
                {
                    "city_name": "Suarez"
                },
                {
                    "city_name": "Guachene"
                },
                {
                    "city_name": "Piamonte"
                },
                {
                    "city_name": "Sucre"
                },
                {
                    "city_name": "Villa Rica"
                }
            ]
        },
        {
            "province_name": "Departamento de Casanare",
            "cities": [
                {
                    "city_name": "Yopal"
                },
                {
                    "city_name": "Trinidad"
                },
                {
                    "city_name": "Tamara"
                },
                {
                    "city_name": "San Luis de Palenque"
                },
                {
                    "city_name": "Sacama"
                },
                {
                    "city_name": "Recetor"
                },
                {
                    "city_name": "Pore"
                },
                {
                    "city_name": "Paz de Ariporo"
                },
                {
                    "city_name": "Orocue"
                },
                {
                    "city_name": "Nunchia"
                },
                {
                    "city_name": "Monterrey"
                },
                {
                    "city_name": "Mani"
                },
                {
                    "city_name": "Hato Corozal"
                },
                {
                    "city_name": "Chameza"
                },
                {
                    "city_name": "Aguazul"
                },
                {
                    "city_name": "La Salina"
                },
                {
                    "city_name": "Tauramena"
                },
                {
                    "city_name": "Villanueva"
                },
                {
                    "city_name": "Sabanalarga"
                }
            ]
        },
        {
            "province_name": "Departamento del Caqueta",
            "cities": [
                {
                    "city_name": "San Vicente del Caguan"
                },
                {
                    "city_name": "La Montanita"
                },
                {
                    "city_name": "Florencia"
                },
                {
                    "city_name": "Belen de Los Andaquies"
                },
                {
                    "city_name": "Solita"
                },
                {
                    "city_name": "Milan"
                },
                {
                    "city_name": "Puerto Rico"
                },
                {
                    "city_name": "El Doncello"
                },
                {
                    "city_name": "El Paujil"
                },
                {
                    "city_name": "Albania"
                },
                {
                    "city_name": "Cartagena del Chaira"
                },
                {
                    "city_name": "Curillo"
                },
                {
                    "city_name": "Morelia"
                },
                {
                    "city_name": "San Jose del Fragua"
                },
                {
                    "city_name": "Solano"
                },
                {
                    "city_name": "Valparaiso"
                }
            ]
        },
        {
            "province_name": "Departamento de Caldas",
            "cities": [
                {
                    "city_name": "Viterbo"
                },
                {
                    "city_name": "Villamaria"
                },
                {
                    "city_name": "Victoria"
                },
                {
                    "city_name": "Supia"
                },
                {
                    "city_name": "Samana"
                },
                {
                    "city_name": "Salamina"
                },
                {
                    "city_name": "Risaralda"
                },
                {
                    "city_name": "Riosucio"
                },
                {
                    "city_name": "Pensilvania"
                },
                {
                    "city_name": "Palestina"
                },
                {
                    "city_name": "Pacora"
                },
                {
                    "city_name": "Neira"
                },
                {
                    "city_name": "Marulanda"
                },
                {
                    "city_name": "Marquetalia"
                },
                {
                    "city_name": "Marmato"
                },
                {
                    "city_name": "Manzanares"
                },
                {
                    "city_name": "Manizales"
                },
                {
                    "city_name": "La Dorada"
                },
                {
                    "city_name": "Filadelfia"
                },
                {
                    "city_name": "Chinchina"
                },
                {
                    "city_name": "Belalcazar"
                },
                {
                    "city_name": "Aranzazu"
                },
                {
                    "city_name": "Anserma"
                },
                {
                    "city_name": "Aguadas"
                },
                {
                    "city_name": "La Merced"
                },
                {
                    "city_name": "Norcasia"
                },
                {
                    "city_name": "San Jose"
                }
            ]
        },
        {
            "province_name": "Departamento de Boyaca",
            "cities": [
                {
                    "city_name": "Zetaquira"
                },
                {
                    "city_name": "Viracacha"
                },
                {
                    "city_name": "Ventaquemada"
                },
                {
                    "city_name": "Umbita"
                },
                {
                    "city_name": "Tutaza"
                },
                {
                    "city_name": "Tuta"
                },
                {
                    "city_name": "Turmeque"
                },
                {
                    "city_name": "Tunja"
                },
                {
                    "city_name": "Tota"
                },
                {
                    "city_name": "Topaga"
                },
                {
                    "city_name": "Toguei"
                },
                {
                    "city_name": "Toca"
                },
                {
                    "city_name": "Tinjaca"
                },
                {
                    "city_name": "Tibasosa"
                },
                {
                    "city_name": "Tibana"
                },
                {
                    "city_name": "Tenza"
                },
                {
                    "city_name": "Tasco"
                },
                {
                    "city_name": "Sutatenza"
                },
                {
                    "city_name": "Sutamarchan"
                },
                {
                    "city_name": "Susacon"
                },
                {
                    "city_name": "Sotaquira"
                },
                {
                    "city_name": "Sogamoso"
                },
                {
                    "city_name": "Socota"
                },
                {
                    "city_name": "Socha"
                },
                {
                    "city_name": "Soata"
                },
                {
                    "city_name": "Siachoque"
                },
                {
                    "city_name": "Sativasur"
                },
                {
                    "city_name": "Sativanorte"
                },
                {
                    "city_name": "Santa Sofia"
                },
                {
                    "city_name": "Santa Rosa de Viterbo"
                },
                {
                    "city_name": "San Pablo de Borbur"
                },
                {
                    "city_name": "San Miguel de Sema"
                },
                {
                    "city_name": "San Mateo"
                },
                {
                    "city_name": "San Luis de Gaceno"
                },
                {
                    "city_name": "San Jose de Pare"
                },
                {
                    "city_name": "Samaca"
                },
                {
                    "city_name": "Sachica"
                },
                {
                    "city_name": "Saboya"
                },
                {
                    "city_name": "Rondon"
                },
                {
                    "city_name": "Raquira"
                },
                {
                    "city_name": "Ramiriqui"
                },
                {
                    "city_name": "Puerto Boyaca"
                },
                {
                    "city_name": "Pisba"
                },
                {
                    "city_name": "Pesca"
                },
                {
                    "city_name": "Paz de Rio"
                },
                {
                    "city_name": "Paya"
                },
                {
                    "city_name": "Pauna"
                },
                {
                    "city_name": "Panqueba"
                },
                {
                    "city_name": "Pajarito"
                },
                {
                    "city_name": "Paipa"
                },
                {
                    "city_name": "Pachavita"
                },
                {
                    "city_name": "Otanche"
                },
                {
                    "city_name": "Nuevo Colon"
                },
                {
                    "city_name": "Nobsa"
                },
                {
                    "city_name": "Muzo"
                },
                {
                    "city_name": "Moniquira"
                },
                {
                    "city_name": "Mongui"
                },
                {
                    "city_name": "Mongua"
                },
                {
                    "city_name": "Miraflores"
                },
                {
                    "city_name": "Maripi"
                },
                {
                    "city_name": "Macanal"
                },
                {
                    "city_name": "Villa de Leyva"
                },
                {
                    "city_name": "La Uvita"
                },
                {
                    "city_name": "La Capilla"
                },
                {
                    "city_name": "Labranzagrande"
                },
                {
                    "city_name": "Jerico"
                },
                {
                    "city_name": "Jenesano"
                },
                {
                    "city_name": "Iza"
                },
                {
                    "city_name": "Gueican"
                },
                {
                    "city_name": "Guayata"
                },
                {
                    "city_name": "Guateque"
                },
                {
                    "city_name": "Guacamayas"
                },
                {
                    "city_name": "Garagoa"
                },
                {
                    "city_name": "Gameza"
                },
                {
                    "city_name": "Gachantiva"
                },
                {
                    "city_name": "Floresta"
                },
                {
                    "city_name": "Firavitoba"
                },
                {
                    "city_name": "El Espino"
                },
                {
                    "city_name": "El Cocuy"
                },
                {
                    "city_name": "Duitama"
                },
                {
                    "city_name": "Cuitiva"
                },
                {
                    "city_name": "Cubara"
                },
                {
                    "city_name": "Covarachia"
                },
                {
                    "city_name": "Corrales"
                },
                {
                    "city_name": "Coper"
                },
                {
                    "city_name": "Combita"
                },
                {
                    "city_name": "Cienega"
                },
                {
                    "city_name": "Chitaraque"
                },
                {
                    "city_name": "Chita"
                },
                {
                    "city_name": "Chiscas"
                },
                {
                    "city_name": "Chiquinquira"
                },
                {
                    "city_name": "Chinavita"
                },
                {
                    "city_name": "Cerinza"
                },
                {
                    "city_name": "Campohermoso"
                },
                {
                    "city_name": "Caldas"
                },
                {
                    "city_name": "Busbanza"
                },
                {
                    "city_name": "Buenavista"
                },
                {
                    "city_name": "Briceno"
                },
                {
                    "city_name": "Boyaca"
                },
                {
                    "city_name": "Boavita"
                },
                {
                    "city_name": "Beteitiva"
                },
                {
                    "city_name": "Berbeo"
                },
                {
                    "city_name": "Belen"
                },
                {
                    "city_name": "Arcabuco"
                },
                {
                    "city_name": "Aquitania"
                },
                {
                    "city_name": "Almeida"
                },
                {
                    "city_name": "Soraca"
                },
                {
                    "city_name": "Cucaita"
                },
                {
                    "city_name": "Chiquiza"
                },
                {
                    "city_name": "Chivata"
                },
                {
                    "city_name": "Chivor"
                },
                {
                    "city_name": "Motavita"
                },
                {
                    "city_name": "Oicata"
                },
                {
                    "city_name": "Quipama"
                },
                {
                    "city_name": "San Eduardo"
                },
                {
                    "city_name": "Santana"
                },
                {
                    "city_name": "Somondoco"
                },
                {
                    "city_name": "Sora"
                },
                {
                    "city_name": "Tipacoque"
                },
                {
                    "city_name": "Tunungua"
                },
                {
                    "city_name": "Paez"
                },
                {
                    "city_name": "La Victoria"
                },
                {
                    "city_name": "Santa Maria"
                }
            ]
        },
        {
            "province_name": "Departamento de Bolivar",
            "cities": [
                {
                    "city_name": "Zambrano"
                },
                {
                    "city_name": "Villanueva"
                },
                {
                    "city_name": "Turbana"
                },
                {
                    "city_name": "Turbaco"
                },
                {
                    "city_name": "Soplaviento"
                },
                {
                    "city_name": "Simiti"
                },
                {
                    "city_name": "Santa Rosa"
                },
                {
                    "city_name": "Santa Catalina"
                },
                {
                    "city_name": "San Martin de Loba"
                },
                {
                    "city_name": "San Juan Nepomuceno"
                },
                {
                    "city_name": "San Jacinto"
                },
                {
                    "city_name": "San Fernando"
                },
                {
                    "city_name": "San Estanislao"
                },
                {
                    "city_name": "Pinillos"
                },
                {
                    "city_name": "Morales"
                },
                {
                    "city_name": "Mompos"
                },
                {
                    "city_name": "Maria La Baja"
                },
                {
                    "city_name": "Margarita"
                },
                {
                    "city_name": "Mahates"
                },
                {
                    "city_name": "Magangue"
                },
                {
                    "city_name": "El Guamo"
                },
                {
                    "city_name": "El Carmen de Bolivar"
                },
                {
                    "city_name": "Cordoba"
                },
                {
                    "city_name": "Cartagena"
                },
                {
                    "city_name": "Calamar"
                },
                {
                    "city_name": "Barranco de Loba"
                },
                {
                    "city_name": "Arjona"
                },
                {
                    "city_name": "Achi"
                },
                {
                    "city_name": "Santa Rosa del Sur"
                },
                {
                    "city_name": "Cantagallo"
                },
                {
                    "city_name": "Cicuco"
                },
                {
                    "city_name": "Hatillo de Loba"
                },
                {
                    "city_name": "San Pablo"
                },
                {
                    "city_name": "Talaigua Nuevo"
                },
                {
                    "city_name": "Tiquisio"
                },
                {
                    "city_name": "Montecristo"
                },
                {
                    "city_name": "Altos del Rosario"
                },
                {
                    "city_name": "Rio Viejo"
                },
                {
                    "city_name": "Clemencia"
                },
                {
                    "city_name": "Norosi"
                },
                {
                    "city_name": "Arenal"
                },
                {
                    "city_name": "Arroyohondo"
                },
                {
                    "city_name": "El Penon"
                },
                {
                    "city_name": "Regidor"
                },
                {
                    "city_name": "San Cristobal"
                },
                {
                    "city_name": "San Jacinto del Cauca"
                }
            ]
        },
        {
            "province_name": "Distrito Capital de Bogota",
            "cities": [
                {
                    "city_name": "Bogota  D.C."
                }
            ]
        },
        {
            "province_name": "Departamento del Atlantico",
            "cities": [
                {
                    "city_name": "Usiacuri"
                },
                {
                    "city_name": "Tubara"
                },
                {
                    "city_name": "Suan"
                },
                {
                    "city_name": "Soledad"
                },
                {
                    "city_name": "Santo Tomas"
                },
                {
                    "city_name": "Sabanalarga"
                },
                {
                    "city_name": "Sabanagrande"
                },
                {
                    "city_name": "Repelon"
                },
                {
                    "city_name": "Puerto Colombia"
                },
                {
                    "city_name": "Polonuevo"
                },
                {
                    "city_name": "Piojo"
                },
                {
                    "city_name": "Palmar de Varela"
                },
                {
                    "city_name": "Manati"
                },
                {
                    "city_name": "Malambo"
                },
                {
                    "city_name": "Luruaco"
                },
                {
                    "city_name": "Juan de Acosta"
                },
                {
                    "city_name": "Galapa"
                },
                {
                    "city_name": "Candelaria"
                },
                {
                    "city_name": "Campo de La Cruz"
                },
                {
                    "city_name": "Barranquilla"
                },
                {
                    "city_name": "Baranoa"
                },
                {
                    "city_name": "Santa Lucia"
                },
                {
                    "city_name": "Ponedera"
                }
            ]
        },
        {
            "province_name": "Departamento de Arauca",
            "cities": [
                {
                    "city_name": "Tame"
                },
                {
                    "city_name": "Saravena"
                },
                {
                    "city_name": "Arauca"
                },
                {
                    "city_name": "Arauquita"
                },
                {
                    "city_name": "Fortul"
                },
                {
                    "city_name": "Puerto Rondon"
                },
                {
                    "city_name": "Cravo Norte"
                }
            ]
        },
        {
            "province_name": "Departamento de Antioquia",
            "cities": [
                {
                    "city_name": "Zaragoza"
                },
                {
                    "city_name": "Yolombo"
                },
                {
                    "city_name": "Yarumal"
                },
                {
                    "city_name": "Yali"
                },
                {
                    "city_name": "Venecia"
                },
                {
                    "city_name": "Valparaiso"
                },
                {
                    "city_name": "Valdivia"
                },
                {
                    "city_name": "Urrao"
                },
                {
                    "city_name": "Turbo"
                },
                {
                    "city_name": "Toledo"
                },
                {
                    "city_name": "Titiribi"
                },
                {
                    "city_name": "Tarso"
                },
                {
                    "city_name": "Tamesis"
                },
                {
                    "city_name": "Sopetran"
                },
                {
                    "city_name": "Sonson"
                },
                {
                    "city_name": "Segovia"
                },
                {
                    "city_name": "San Vicente"
                },
                {
                    "city_name": "El Santuario"
                },
                {
                    "city_name": "Santa Rosa de Osos"
                },
                {
                    "city_name": "Santa Barbara"
                },
                {
                    "city_name": "San Roque"
                },
                {
                    "city_name": "San Rafael"
                },
                {
                    "city_name": "San Pedro"
                },
                {
                    "city_name": "San Luis"
                },
                {
                    "city_name": "San Jeronimo"
                },
                {
                    "city_name": "San Carlos"
                },
                {
                    "city_name": "San Andres de Cuerquia"
                },
                {
                    "city_name": "Salgar"
                },
                {
                    "city_name": "Sabanalarga"
                },
                {
                    "city_name": "Rionegro"
                },
                {
                    "city_name": "Retiro"
                },
                {
                    "city_name": "Remedios"
                },
                {
                    "city_name": "Puerto Berrio"
                },
                {
                    "city_name": "Pueblorrico"
                },
                {
                    "city_name": "Peque"
                },
                {
                    "city_name": "Penol"
                },
                {
                    "city_name": "Olaya"
                },
                {
                    "city_name": "Narino"
                },
                {
                    "city_name": "Mutata"
                },
                {
                    "city_name": "Murindo"
                },
                {
                    "city_name": "Montebello"
                },
                {
                    "city_name": "Medellin"
                },
                {
                    "city_name": "Marinilla"
                },
                {
                    "city_name": "Maceo"
                },
                {
                    "city_name": "Liborina"
                },
                {
                    "city_name": "La Union"
                },
                {
                    "city_name": "La Estrella"
                },
                {
                    "city_name": "La Ceja"
                },
                {
                    "city_name": "Jerico"
                },
                {
                    "city_name": "Jardin"
                },
                {
                    "city_name": "Ituango"
                },
                {
                    "city_name": "Itagui"
                },
                {
                    "city_name": "Heliconia"
                },
                {
                    "city_name": "Guatape"
                },
                {
                    "city_name": "Guarne"
                },
                {
                    "city_name": "Gomez Plata"
                },
                {
                    "city_name": "Girardota"
                },
                {
                    "city_name": "Giraldo"
                },
                {
                    "city_name": "Frontino"
                },
                {
                    "city_name": "Fredonia"
                },
                {
                    "city_name": "Envigado"
                },
                {
                    "city_name": "Entrerrios"
                },
                {
                    "city_name": "Ebejico"
                },
                {
                    "city_name": "Don Matias"
                },
                {
                    "city_name": "Dabeiba"
                },
                {
                    "city_name": "Copacabana"
                },
                {
                    "city_name": "Concordia"
                },
                {
                    "city_name": "Concepcion"
                },
                {
                    "city_name": "Cocorna"
                },
                {
                    "city_name": "Cisneros"
                },
                {
                    "city_name": "Chigorodo"
                },
                {
                    "city_name": "Caucasia"
                },
                {
                    "city_name": "Carolina"
                },
                {
                    "city_name": "Caramanta"
                },
                {
                    "city_name": "Canasgordas"
                },
                {
                    "city_name": "Campamento"
                },
                {
                    "city_name": "Caldas"
                },
                {
                    "city_name": "Caicedo"
                },
                {
                    "city_name": "Caceres"
                },
                {
                    "city_name": "Buritica"
                },
                {
                    "city_name": "Betulia"
                },
                {
                    "city_name": "Betania"
                },
                {
                    "city_name": "Belmira"
                },
                {
                    "city_name": "Bello"
                },
                {
                    "city_name": "Barbosa"
                },
                {
                    "city_name": "Armenia"
                },
                {
                    "city_name": "Arboletes"
                },
                {
                    "city_name": "Anza"
                },
                {
                    "city_name": "Santafe de Antioquia"
                },
                {
                    "city_name": "Anori"
                },
                {
                    "city_name": "Angostura"
                },
                {
                    "city_name": "Angelopolis"
                },
                {
                    "city_name": "Andes"
                },
                {
                    "city_name": "Amalfi"
                },
                {
                    "city_name": "Amaga"
                },
                {
                    "city_name": "Alejandria"
                },
                {
                    "city_name": "Abriaqui"
                },
                {
                    "city_name": "Abejorral"
                },
                {
                    "city_name": "Necocli"
                },
                {
                    "city_name": "Vegachi"
                },
                {
                    "city_name": "Apartado"
                },
                {
                    "city_name": "Argelia"
                },
                {
                    "city_name": "Caracoli"
                },
                {
                    "city_name": "El Bagre"
                },
                {
                    "city_name": "Carepa"
                },
                {
                    "city_name": "Hispania"
                },
                {
                    "city_name": "Nechi"
                },
                {
                    "city_name": "Puerto Triunfo"
                },
                {
                    "city_name": "Sabaneta"
                },
                {
                    "city_name": "San Jose de La Montana"
                },
                {
                    "city_name": "San Juan de Uraba"
                },
                {
                    "city_name": "San Pedro de Uraba"
                },
                {
                    "city_name": "Santo Domingo"
                },
                {
                    "city_name": "Taraza"
                },
                {
                    "city_name": "Uramita"
                },
                {
                    "city_name": "Vigia del Fuerte"
                },
                {
                    "city_name": "Yondo"
                },
                {
                    "city_name": "San Francisco"
                },
                {
                    "city_name": "Briceno"
                },
                {
                    "city_name": "Guadalupe"
                },
                {
                    "city_name": "Granada"
                },
                {
                    "city_name": "La Pintada"
                },
                {
                    "city_name": "Puerto Nare"
                },
                {
                    "city_name": "Ciudad Bolivar"
                },
                {
                    "city_name": "El Carmen de Viboral"
                }
            ]
        },
        {
            "province_name": "Amazonas",
            "cities": [
                {
                    "city_name": "El Encanto"
                },
                {
                    "city_name": "La Chorrera"
                },
                {
                    "city_name": "La Pedrera"
                },
                {
                    "city_name": "Leticia"
                },
                {
                    "city_name": "Miriti - Parana"
                },
                {
                    "city_name": "Puerto Narino"
                },
                {
                    "city_name": "Puerto Santander"
                },
                {
                    "city_name": "Tarapaca"
                },
                {
                    "city_name": "La Victoria"
                },
                {
                    "city_name": "Puerto Alegria"
                },
                {
                    "city_name": "Puerto Arica"
                }
            ]
        }
    ]
}