{
  "country_name": "Maldives",
  "country_id": "MV",
  "provinces": [
    {
      "province_name": "Vaavu Atholhu",
      "cities": [{ "city_name": "Felidhoo" }]
    },
    {
      "province_name": "Thaa Atholhu",
      "cities": [{ "city_name": "Veymandoo" }]
    },
    {
      "province_name": "Shaviyani Atholhu",
      "cities": [{ "city_name": "Funadhoo" }]
    },
    {
      "province_name": "Seenu Atholhu",
      "cities": [{ "city_name": "Hithadhoo" }, { "city_name": "Gan" }]
    },
    {
      "province_name": "Raa Atholhu",
      "cities": [{ "city_name": "Ungoofaaru" }]
    },
    {
      "province_name": "Noonu Atoll",
      "cities": [{ "city_name": "Manadhoo" }]
    },
    {
      "province_name": "Gnaviyani Atoll",
      "cities": [{ "city_name": "Foammulah" }]
    },
    {
      "province_name": "Meemu Atholhu",
      "cities": [{ "city_name": "Muli" }]
    },
    {
      "province_name": "Lhaviyani Atholhu",
      "cities": [{ "city_name": "Naifaru" }]
    },
    {
      "province_name": "Laamu Atholhu",
      "cities": [{ "city_name": "Fonadhoo" }]
    },
    {
      "province_name": "Kaafu Atoll",
      "cities": [{ "city_name": "Male" }, { "city_name": "Thulusdhoo" }]
    },
    {
      "province_name": "Haa Dhaalu Atholhu",
      "cities": [{ "city_name": "Kulhudhuffushi" }, { "city_name": "Dhihdhoo" }]
    },
    {
      "province_name": "Haa Alifu Atholhu",
      "cities": []
    },
    {
      "province_name": "Gaafu Dhaalu Atholhu",
      "cities": [{ "city_name": "Thinadhoo" }]
    },
    {
      "province_name": "Gaafu Alifu Atholhu",
      "cities": [{ "city_name": "Viligili" }]
    },
    {
      "province_name": "Faafu Atholhu",
      "cities": [{ "city_name": "Magoodhoo" }, { "city_name": "Nilandhoo" }]
    },
    {
      "province_name": "Dhaalu Atholhu",
      "cities": [{ "city_name": "Kudahuvadhoo" }]
    },
    {
      "province_name": "Baa Atholhu",
      "cities": [{ "city_name": "Eydhafushi" }]
    },
    {
      "province_name": "Alifu Atholhu",
      "cities": [{ "city_name": "Mahibadhoo" }, { "city_name": "Rasdhoo" }]
    },
    {
      "province_name": "Southern Ari Atoll",
      "cities": []
    }
  ]
}
