{
  "country_name": "Botswana",
  "country_id": "BW",
  "provinces": [
    {
      "province_name": "Gaborone",
      "cities": [
        { "city_name": "Gaborone" },
        { "city_name": "Francistown" },
        { "city_name": "Molepolole" },
        { "city_name": "Mogoditshane" },
        { "city_name": "Maun" },
        { "city_name": "Selibe Phikwe" },
        { "city_name": "Kanye" },
        { "city_name": "Serowe" },
        { "city_name": "Mochudi" },
        { "city_name": "Mahalapye" },
        { "city_name": "Palapye" },
        { "city_name": "Tlokweng" },
        { "city_name": "Ramotswa" },
        { "city_name": "Lobatse" }
      ]
    },
    {
      "province_name": "Ghanzi",
      "cities": [
        { "city_name": "Ghanzi" },
        { "city_name": "Bobonong" },
        { "city_name": "Letlhakane" },
        { "city_name": "Mosopa" },
        { "city_name": "Thamaga" },
        { "city_name": "Jwaneng" },
        { "city_name": "Gabane" },
        { "city_name": "Mmopone" }
      ]
    },
    {
      "province_name": "Mmadinare",
      "cities": [
        { "city_name": "Mmadinare" },
        { "city_name": "Kopong" },
        { "city_name": "Kasane" },
        { "city_name": "Tshabong" },
        { "city_name": "Shoshong" },
        { "city_name": "Metsemotlhaba" },
        { "city_name": "Otse" },
        { "city_name": "Letlhakeng" }
      ]
    },
    {
      "province_name": "Nata",
      "cities": [
        { "city_name": "Nata" },
        { "city_name": "Mmankgodi" },
        { "city_name": "Maitengwe" },
        { "city_name": "Bokaa" },
        { "city_name": "Masunga" },
        { "city_name": "Kumakwane" },
        { "city_name": "Lekala" },
        { "city_name": "Gweta" }
      ]
    },
    {
      "province_name": "Mathambgwane",
      "cities": [
        { "city_name": "Mathambgwane" },
        { "city_name": "Chadibe" },
        { "city_name": "Lentsweletau" },
        { "city_name": "Lotlhakane" },
        { "city_name": "Hukuntsi" },
        { "city_name": "Ramokgonami" }
      ]
    },
    {
      "province_name": "Tsetsebjwe",
      "cities": [
        { "city_name": "Tsetsebjwe" },
        { "city_name": "Nkange" },
        { "city_name": "Matshelagabedi" },
        { "city_name": "Shashe Mooke" },
        { "city_name": "Letsheng" }
      ]
    },
    {
      "province_name": "Sowa Town",
      "cities": [{ "city_name": "Sowa Town" }]
    }
  ]
}
