{
  "country_name": "Germany",
  "country_id": "DE",
  "provinces": [
    {
      "province_name": "Thuringia",
      "cities": [{ "city_name": "Erfurt" }, { "city_name": "Jena" }]
    },
    {
      "province_name": "Schleswig-Holstein",
      "cities": [
        { "city_name": "Kiel" },
        { "city_name": "Lübeck" },
        { "city_name": "Flensburg" },
        { "city_name": "Elmshorn" },
        { "city_name": "Pinneberg" },
        { "city_name": "Kronshagen" }
      ]
    },
    {
      "province_name": "Saxony-Anhalt",
      "cities": [
        { "city_name": "Magdeburg" },
        { "city_name": "Halle" },
        { "city_name": "Halle-Neustadt" }
      ]
    },
    {
      "province_name": "Saxony",
      "cities": [
        { "city_name": "Leipzig" },
        { "city_name": "Dresden" },
        { "city_name": "Chemnitz" }
      ]
    },
    {
      "province_name": "Saarland",
      "cities": [{ "city_name": "Saarbrücken" }, { "city_name": "Homburg" }]
    },
    {
      "province_name": "Rheinland-Pfalz",
      "cities": [
        { "city_name": "Mainz" },
        { "city_name": "Koblenz" },
        { "city_name": "Trier" },
        { "city_name": "Ludwigshafen" },
        { "city_name": "Neustadt" },
        { "city_name": "Bad Kreuznach" }
      ]
    },
    {
      "province_name": "Nordrhein-Westfalen",
      "cities": [
        { "city_name": "Cologne" },
        { "city_name": "Düsseldorf" },
        { "city_name": "Dortmund" },
        { "city_name": "Essen" },
        { "city_name": "Duisburg" },
        { "city_name": "Bochum" },
        { "city_name": "Wuppertal" },
        { "city_name": "Bielefeld" },
        { "city_name": "Bonn" },
        { "city_name": "Münster" },
        { "city_name": "Mönchengladbach" },
        { "city_name": "Gelsenkirchen" },
        { "city_name": "Aachen" },
        { "city_name": "Krefeld" },
        { "city_name": "Oberhausen" },
        { "city_name": "Hagen" },
        { "city_name": "Hamm" },
        { "city_name": "Mülheim" },
        { "city_name": "Leverkusen" },
        { "city_name": "Solingen" },
        { "city_name": "Herne" },
        { "city_name": "Neuss" },
        { "city_name": "Paderborn" },
        { "city_name": "Bottrop" },
        { "city_name": "Recklinghausen" },
        { "city_name": "Bergisch Gladbach" },
        { "city_name": "Remscheid" },
        { "city_name": "Moers" },
        { "city_name": "Siegen" },
        { "city_name": "Gütersloh" },
        { "city_name": "Hilden" },
        { "city_name": "Gladbeck" },
        { "city_name": "Herten" },
        { "city_name": "Sankt Augustin" },
        { "city_name": "Siegburg" },
        { "city_name": "Eilendorf" },
        { "city_name": "Wentorf bei Hamburg" },
        { "city_name": "Weißenthurm" }
      ]
    },
    {
      "province_name": "Lower Saxony",
      "cities": [
        { "city_name": "Hannover" },
        { "city_name": "Braunschweig" },
        { "city_name": "Oldenburg" },
        { "city_name": "Osnabrück" },
        { "city_name": "Wolfsburg" },
        { "city_name": "Göttingen" },
        { "city_name": "Salzgitter" }
      ]
    },
    {
      "province_name": "Mecklenburg-Western Pomerania",
      "cities": [{ "city_name": "Rostock" }, { "city_name": "Schwerin" }]
    },
    {
      "province_name": "Hessen",
      "cities": [
        { "city_name": "Frankfurt" },
        { "city_name": "Wiesbaden" },
        { "city_name": "Kassel" },
        { "city_name": "Darmstadt" },
        { "city_name": "Offenbach" },
        { "city_name": "Hanau" },
        { "city_name": "Marburg" },
        { "city_name": "Gießen" },
        { "city_name": "Bad Homburg" },
        { "city_name": "Rüsselsheim" },
        { "city_name": "Hattersheim" },
        { "city_name": "Eschborn" },
        { "city_name": "Steinbach am Taunus" },
        { "city_name": "Bad Soden am Taunus" },
        { "city_name": "Kriftel" },
        { "city_name": "Obertshausen" }
      ]
    },
    {
      "province_name": "Free and Hanseatic City of Hamburg",
      "cities": [{ "city_name": "Hamburg" }]
    },
    {
      "province_name": "Bremen",
      "cities": [{ "city_name": "Bremen" }, { "city_name": "Bremerhaven" }]
    },
    {
      "province_name": "Brandenburg",
      "cities": [{ "city_name": "Potsdam" }]
    },
    {
      "province_name": "Land Berlin",
      "cities": [{ "city_name": "Berlin" }]
    },
    {
      "province_name": "Bavaria",
      "cities": [
        { "city_name": "Munich" },
        { "city_name": "Nuremberg" },
        { "city_name": "Augsburg" },
        { "city_name": "Regensburg" },
        { "city_name": "Ingolstadt" },
        { "city_name": "Würzburg" },
        { "city_name": "Fürth" },
        { "city_name": "Erlangen" },
        { "city_name": "Bayreuth" },
        { "city_name": "Bamberg" },
        { "city_name": "Aschaffenburg" },
        { "city_name": "Landshut" },
        { "city_name": "Kempten" },
        { "city_name": "Rosenheim" },
        { "city_name": "Schweinfurt" },
        { "city_name": "Neu-Ulm" },
        { "city_name": "Germering" },
        { "city_name": "Unterschleißheim" },
        { "city_name": "Unterhaching" },
        { "city_name": "Ottobrunn" },
        { "city_name": "Puchheim" },
        { "city_name": "Gröbenzell" },
        { "city_name": "Wolfratshausen" },
        { "city_name": "Glinde" },
        { "city_name": "Neubiberg" },
        { "city_name": "Eichenau" },
        { "city_name": "Haar" },
        { "city_name": "Merzhausen" },
        { "city_name": "Buckenhof" },
        { "city_name": "Neulußheim" },
        { "city_name": "Eichwalde" },
        { "city_name": "Altbach" }
      ]
    },
    {
      "province_name": "Baden-Wuerttemberg Region",
      "cities": [
        { "city_name": "Stuttgart" },
        { "city_name": "Mannheim" },
        { "city_name": "Karlsruhe" },
        { "city_name": "Freiburg im Breisgau" },
        { "city_name": "Heidelberg" },
        { "city_name": "Ulm" },
        { "city_name": "Pforzheim" },
        { "city_name": "Reutlingen" },
        { "city_name": "Ludwigsburg" },
        { "city_name": "Esslingen" },
        { "city_name": "Tübingen" },
        { "city_name": "Villingen-Schwenningen" },
        { "city_name": "Konstanz" },
        { "city_name": "Aalen" },
        { "city_name": "Sindelfingen" },
        { "city_name": "Schwäbisch Gmünd" },
        { "city_name": "Fellbach" },
        { "city_name": "Waiblingen" },
        { "city_name": "Göppingen" },
        { "city_name": "Böblingen" },
        { "city_name": "Heilbronn" },
        { "city_name": "Schwetzingen" },
        { "city_name": "Weingarten" },
        { "city_name": "Ostfildern" },
        { "city_name": "Kornwestheim" },
        { "city_name": "Eppelheim" },
        { "city_name": "Asperg" }
      ]
    }
  ]
}
