{
  "country_name": "Sao Tome and Principe",
  "country_id": "ST",
  "provinces": [
    {
      "province_name": "Sao Tome",
      "cities": [
        { "city_name": "São Tomé" },
        { "city_name": "Santana" },
        { "city_name": "Neves" },
        { "city_name": "Guadalupe" },
        { "city_name": "Trindade" },
        { "city_name": "São João dos Angolares" },
        { "city_name": "Rosema" },
        { "city_name": "Santa Catarina" },
        { "city_name": "Bombon" },
        { "city_name": "Ribeira Afonso" },
        { "city_name": "Água Izé" },
        { "city_name": "Lemos" },
        { "city_name": "Caixão Grande" },
        { "city_name": "Santo Amaro" },
        { "city_name": "Porto Alegre" },
        { "city_name": "Boa Entrada" },
        { "city_name": "Monte Café" },
        { "city_name": "Diogo Vaz" },
        { "city_name": "Ponta Figo" },
        { "city_name": "Santa Clotilde" },
        { "city_name": "Bela Vista" },
        { "city_name": "Ubabudo" },
        { "city_name": "Sundi" },
        { "city_name": "Lembá" },
        { "city_name": "Santa Margarida" },
        { "city_name": "A. Andrade" },
        { "city_name": "Ribeira Funda" },
        { "city_name": "Santa Trindade" },
        { "city_name": "Nova Estrela" },
        { "city_name": "Madalena" },
        { "city_name": "Santa Cruz" },
        { "city_name": "Praia das Conchas" },
        { "city_name": "Dona Augusta" },
        { "city_name": "Praia Inhame" },
        { "city_name": "São Nicolau" },
        { "city_name": "Santa Clotilde" },
        { "city_name": "Nova Olinda" },
        { "city_name": "Guegue Novo" },
        { "city_name": "São José" },
        { "city_name": "Boa Esperança" },
        { "city_name": "São Joaquim" },
        { "city_name": "Monteforte" },
        { "city_name": "Belo Monte" },
        { "city_name": "Blublu" },
        { "city_name": "Java" },
        { "city_name": "Bombaim" },
        { "city_name": "Nazaré" },
        { "city_name": "Amparo II" },
        { "city_name": "Catumbela" },
        { "city_name": "Novo Destino" },
        { "city_name": "Graça" },
        { "city_name": "Santa Elvira" },
        { "city_name": "Vista Alegre" },
        { "city_name": "São Luís" },
        { "city_name": "Macambrará" },
        { "city_name": "São Francisco" },
        { "city_name": "Nova Moca" },
        { "city_name": "Vila Moura" },
        { "city_name": "Bemfica" },
        { "city_name": "N. Ceilão" },
        { "city_name": "Trás os Montes" },
        { "city_name": "Belmonte" },
        { "city_name": "Quinas" },
        { "city_name": "São Januário" },
        { "city_name": "Queluz" },
        { "city_name": "Santa Adelaide" },
        { "city_name": "Saudade" },
        { "city_name": "Bemposta" },
        { "city_name": "Platô Café" },
        { "city_name": "Diana" },
        { "city_name": "Gratidão" },
        { "city_name": "Paris" },
        { "city_name": "Quingué" },
        { "city_name": "Milagrosa" },
        { "city_name": "Chamiço" },
        { "city_name": "Rio Vouga" },
        { "city_name": "Santo André" },
        { "city_name": "Poiso Alto" },
        { "city_name": "Monte Carmo" },
        { "city_name": "Morro Vigia" },
        { "city_name": "Mirante" },
        { "city_name": "Planca Segunda" },
        { "city_name": "Fernão Dias" },
        { "city_name": "Rio do Ouro" },
        { "city_name": "Santa Clara" },
        { "city_name": "Canavial" },
        { "city_name": "Santa Luzia" },
        { "city_name": "M. Peixe" },
        { "city_name": "Caldeiras" },
        { "city_name": "Santarém" },
        { "city_name": "Planca Primeira" },
        { "city_name": "Triunfo" },
        { "city_name": "Guarda" },
        { "city_name": "Santa Maria" },
        { "city_name": "São Pedro" },
        { "city_name": "Laura" },
        { "city_name": "Plancas" },
        { "city_name": "Santo António" },
        { "city_name": "Cantagalo" },
        { "city_name": "Quimpo" },
        { "city_name": "Alto Douro" },
        { "city_name": "B. Faro" },
        { "city_name": "António Dias" },
        { "city_name": "Colónia Açoreana" },
        { "city_name": "São Jerónimo" },
        { "city_name": "Santa Cecília" },
        { "city_name": "Buenos Aires" },
        { "city_name": "São Paulo" },
        { "city_name": "São Francisco" },
        { "city_name": "Caridade" },
        { "city_name": "Montes Hermínios" },
        { "city_name": "F. Mantero" },
        { "city_name": "Matocana" },
        { "city_name": "Montebelo" },
        { "city_name": "Monte Raul" },
        { "city_name": "Urzelina" }
      ]
    },
    {
      "province_name": "Principe",
      "cities": [{ "city_name": "Santo António" }]
    }
  ]
}
