{
  "country_name": "Samoa",
  "country_id": "WS",
  "provinces": [
    {
      "province_name": "Tuamasaga",
      "cities": [
        { "city_name": "Apia" },
        { "city_name": "Vaitele" },
        { "city_name": "Faleasiu" },
        { "city_name": "Saleimoa" },
        { "city_name": "Leauva‘a" },
        { "city_name": "Vailele" },
        { "city_name": "Vaiusu" },
        { "city_name": "Siusega" },
        { "city_name": "Vaimoso" },
        { "city_name": "Nofoali‘i" },
        { "city_name": "Afega" },
        { "city_name": "Tuana‘i" },
        { "city_name": "Vaiala" },
        { "city_name": "Vailoa" },
        { "city_name": "Vailima" },
        { "city_name": "Lepea" },
        { "city_name": "Toamua" },
        { "city_name": "Ululoloa" },
        { "city_name": "Saina" },
        { "city_name": "Vaitele-uta" },
        { "city_name": "Petesa-fou" },
        { "city_name": "Vaigaga" },
        { "city_name": "Leaupuni" },
        { "city_name": "Tanumapua" },
        { "city_name": "Faleauniu" },
        { "city_name": "Tapatapao" },
        { "city_name": "Tafaigata" },
        { "city_name": "Se’ese’e" },
        { "city_name": "Talimatau" },
        { "city_name": "Falemauga" },
        { "city_name": "Tulaele" },
        { "city_name": "Pesega" },
        { "city_name": "Vaitoloa" },
        { "city_name": "Vailoa" },
        { "city_name": "Tua‘efu" },
        { "city_name": "Papase’ea" },
        { "city_name": "Lotopa" },
        { "city_name": "Alafua" },
        { "city_name": "Moamoa" },
        { "city_name": "Puipa’a" },
        { "city_name": "Taumuafa" },
        { "city_name": "Sinamoga" },
        { "city_name": "Fasafasa" },
        { "city_name": "Vaifoa" },
        { "city_name": "Malie" },
        { "city_name": "Alamagoto" },
        { "city_name": "Olosega" },
        { "city_name": "A’ele" },
        { "city_name": "Mulinu’u" },
        { "city_name": "Faleata" },
        { "city_name": "Sogi" },
        { "city_name": "Matafele" },
        { "city_name": "Savalalo" },
        { "city_name": "Moto‘otua" },
        { "city_name": "Lalovaea" },
        { "city_name": "Afiamalu" },
        { "city_name": "Vaipuna" },
        { "city_name": "Leufisa" },
        { "city_name": "Vaoala" },
        { "city_name": "Magiagi" },
        { "city_name": "Papaloloa" },
        { "city_name": "Avele" },
        { "city_name": "Nafanua" },
        { "city_name": "Leone" },
        { "city_name": "Vaivase-uta" },
        { "city_name": "Matāutu" },
        { "city_name": "Leaoa" },
        { "city_name": "Moata‘a" },
        { "city_name": "Tiapapata" },
        { "city_name": "Letava" },
        { "city_name": "Tanugamanono" },
        { "city_name": "Faatoia" },
        { "city_name": "Matafagatele" },
        { "city_name": "Malololelei" },
        { "city_name": "Ahners" },
        { "city_name": "Vaivase" },
        { "city_name": "Papaoga" },
        { "city_name": "Lanafala" },
        { "city_name": "Levi" },
        { "city_name": "Poutoga" },
        { "city_name": "Fagali‘i" },
        { "city_name": "Letogo" },
        { "city_name": "Lara Lafa" },
        { "city_name": "Maalauli" },
        { "city_name": "Lauli’i" },
        { "city_name": "Suga" },
        { "city_name": "Vaimauga" },
        { "city_name": "Tiavi" },
        { "city_name": "Satavae" },
        { "city_name": "Lalomauga" },
        { "city_name": "Ulutauvalu" },
        { "city_name": "Salesulumua" }
      ]
    },
    {
      "province_name": "A'ana",
      "cities": [
        { "city_name": "Faleasiu" },
        { "city_name": "Leulumoega" },
        { "city_name": "Mulifanua" }
      ]
    },
    {
      "province_name": "Atua",
      "cities": [
        { "city_name": "Lufilufi" },
        { "city_name": "Aleipata Itupa i Lalo" },
        { "city_name": "Aleipata Itupa i Luga" },
        { "city_name": "Lepa" }
      ]
    },
    {
      "province_name": "Aiga-i-le-Tai",
      "cities": [{ "city_name": "Aiga i le Tai" }]
    },
    {
      "province_name": "Vaisigano",
      "cities": [
        { "city_name": "Safune" },
        { "city_name": "Safotulafai" },
        { "city_name": "Satupa‘itea" }
      ]
    }
  ]
}
