{
  "country_name": "San Marino",
  "country_id": "SM",
  "provinces": [
    {
      "province_name": "Serravalle",
      "cities": [{ "city_name": "Serravalle" }]
    },
    {
      "province_name": "Chiesanuova",
      "cities": [{ "city_name": "Chiesanuova" }]
    },
    {
      "province_name": "Castello di San Marino Citta",
      "cities": [{ "city_name": "San Marino" }]
    },
    {
      "province_name": "Castello di Acquaviva",
      "cities": [{ "city_name": "Acquaviva" }]
    },
    {
      "province_name": "Castello di Borgo Maggiore",
      "cities": [{ "city_name": "Borgo Maggiore" }]
    },
    {
      "province_name": "Castello di Domagnano",
      "cities": [{ "city_name": "Domagnano" }]
    },
    {
      "province_name": "Castello di Faetano",
      "cities": [{ "city_name": "Faetano" }]
    },
    {
      "province_name": "Castello di Fiorentino",
      "cities": [{ "city_name": "Fiorentino" }]
    },
    {
      "province_name": "Castello di Montegiardino",
      "cities": [{ "city_name": "Montegiardino" }]
    }
  ]
}
