{
  "country_name": "Dominica",
  "country_id": "DM",
  "provinces": [
    {
      "province_name": "Saint George",
      "cities": [
        { "city_name": "Roseau" },
        { "city_name": "Loubiere" },
        { "city_name": "Wotten Waven" },
        { "city_name": "Wall House" },
        { "city_name": "Pointe Michel" },
        { "city_name": "Good Hope" },
        { "city_name": "Massacre" },
        { "city_name": "Trafalgar" },
        { "city_name": "Bon Repos" },
        { "city_name": "Castle Bruce" },
        { "city_name": "Roger" },
        { "city_name": "Scotts Head" },
        { "city_name": "Picard" }
      ]
    },
    {
      "province_name": "Saint Patrick",
      "cities": [
        { "city_name": "Portsmouth" },
        { "city_name": "Pichelin" },
        { "city_name": "Pointe Michel" }
      ]
    },
    {
      "province_name": "Saint Andrew",
      "cities": [
        { "city_name": "Marigot" },
        { "city_name": "Salisbury" },
        { "city_name": "Mahaut" },
        { "city_name": "Grand Bay" },
        { "city_name": "Soufrière" },
        { "city_name": "Colihaut" },
        { "city_name": "Vieille Case" },
        { "city_name": "Galion" },
        { "city_name": "Copt Hall Estate" },
        { "city_name": "Fond Cani" },
        { "city_name": "Eggleston" },
        { "city_name": "Laudat" },
        { "city_name": "Giraudel" },
        { "city_name": "Mount Saint Mary’s" },
        { "city_name": "Charlotte Ville" }
      ]
    },
    {
      "province_name": "Saint David",
      "cities": [
        { "city_name": "Sylvania" },
        { "city_name": "Warner" },
        { "city_name": "Jimmit" }
      ]
    },
    {
      "province_name": "Saint Joseph",
      "cities": [
        { "city_name": "Toucari" },
        { "city_name": "Tanetane" },
        { "city_name": "Cottage" }
      ]
    },
    {
      "province_name": "Saint Luke",
      "cities": [
        { "city_name": "Morne Prosper" },
        { "city_name": "Eggleston" },
        { "city_name": "Clifton" }
      ]
    },
    {
      "province_name": "Saint Mark",
      "cities": [{ "city_name": "Glanvillia" }, { "city_name": "Tête Morne" }]
    },
    {
      "province_name": "Saint Thomas",
      "cities": [{ "city_name": "Geneva" }, { "city_name": "Boetica" }]
    }
  ]
}
