{
  "country_name": "Tuvalu",
  "country_id": "TV",
  "provinces": [
    {
      "province_name": "Funafuti",
      "cities": [{ "city_name": "Funafuti" }]
    },
    {
      "province_name": "Vaitupu",
      "cities": [{ "city_name": "Vaitupu" }]
    },
    {
      "province_name": "Niutao",
      "cities": [{ "city_name": "Niulakita" }]
    },
    {
      "province_name": "Nanumea",
      "cities": [{ "city_name": "Tanrake" }]
    },
    {
      "province_name": "Nukufetau",
      "cities": [{ "city_name": "Asau" }]
    },
    {
      "province_name": "Nui",
      "cities": [{ "city_name": "Fenua Tapu" }]
    },
    {
      "province_name": "Nanumanga",
      "cities": [{ "city_name": "Saniuta" }]
    },
    {
      "province_name": "Nukulaelae",
      "cities": []
    }
  ]
}
