{
  "country_name": "United Arab Emirates",
  "country_id": "AE",
  "province": true,
  "provinces": [
    {
      "province_name": "Abu Zaby",
      "cities": [
        { "city_name": "Abu Dhabi" },
        { "city_name": "Al ‘Ayn" },
        { "city_name": "Madīnat Zāyid" },
        { "city_name": "Al Faq‘" },
        { "city_name": "Ash Shu‘ayb" },
        { "city_name": "Theeb" },
        { "city_name": "Wa‘bayn" },
        { "city_name": "Far‘ah" },
        { "city_name": "Yalah" },
        { "city_name": "Rughaylāt" }
      ]
    },
    {
      "province_name": "Dubai",
      "cities": [
        { "city_name": "Dubai" },
        { "city_name": "Ḩattā" },
        { "city_name": "Al Lusaylī" },
        { "city_name": "Warīsān" },
        { "city_name": "Muḑayfī" },
        { "city_name": "Rafā‘" },
        { "city_name": "Margham" },
        { "city_name": "Qimah" },
        { "city_name": "‘Ūd al Bayḑā’" },
        { "city_name": "Ferij al Muhadham" },
        { "city_name": "Hunaywah" },
        { "city_name": "Şufayrī" },
        { "city_name": "‘Urqūb Juwayza" }
      ]
    },
    {
      "province_name": "Ash Shariqah",
      "cities": [
        { "city_name": "Sharjah" },
        { "city_name": "Al Jazīrah" },
        { "city_name": "Al Ḩamrīyah" },
        { "city_name": "Adh Dhayd" },
        { "city_name": "Al ‘Awdah" },
        { "city_name": "Ţayyibah" },
        { "city_name": "Mu‘tariḑah" },
        { "city_name": "Al Manāmah" },
        { "city_name": "‘Abādilah" },
        { "city_name": "Ghayl" },
        { "city_name": "Sā’if" },
        { "city_name": "Mukhtaraqah" },
        { "city_name": "Khawr Kalbā" },
        { "city_name": "Al ‘Uyaynah" }
      ]
    },
    {
      "province_name": "Ra's al Khaymah",
      "cities": [
        { "city_name": "Ra’s al Khaymah" },
        { "city_name": "Al Jazīrah al Ḩamrā’" },
        { "city_name": "Masāfī" },
        { "city_name": "Badīyah" },
        { "city_name": "Zubārah" },
        { "city_name": "Ash Sha‘m" },
        { "city_name": "Huwaylāt" },
        { "city_name": "Şafad" },
        { "city_name": "Ţarīqat Ja‘d" }
      ]
    },
    {
      "province_name": "Al Fujayrah",
      "cities": [
        { "city_name": "Al Fujayrah" },
        { "city_name": "Qidfa" },
        { "city_name": "Biţnah" },
        { "city_name": "Ghurfah" },
        { "city_name": "Ḩayl" },
        { "city_name": "Tawian" },
        { "city_name": "Ḩafarah" },
        { "city_name": "Ḩārat Zuţūţ" },
        { "city_name": "Al Fuqait" },
        { "city_name": "Shawīyah" },
        { "city_name": "Ḩarrah" },
        { "city_name": "Dibā" },
        { "city_name": "Sinnah" },
        { "city_name": "Dūb" },
        { "city_name": "Sram" },
        { "city_name": "‘Asamah" },
        { "city_name": "Al ‘Ayn al Ghumūr" },
        { "city_name": "Şūr" },
        { "city_name": "Waḩlah" },
        { "city_name": "Thoban" },
        { "city_name": "Al Gissemari" },
        { "city_name": "Murbaḩ" },
        { "city_name": "Ḩayāt" },
        { "city_name": "Khulaybīyah" },
        { "city_name": "Z̧anḩah" },
        { "city_name": "Saqamqam" },
        { "city_name": "Ḑāhir" },
        { "city_name": "Jareef" },
        { "city_name": "Girath" },
        { "city_name": "Riyāmah" },
        { "city_name": "Al Kubūs" },
        { "city_name": "‘Ashashah" },
        { "city_name": "Ḑadnā" },
        { "city_name": "‘Aqqah" },
        { "city_name": "Ras Dibba" },
        { "city_name": "Nuhayy" },
        { "city_name": "Ḑab‘ah" },
        { "city_name": "Murbaḑ" }
      ]
    },
    {
      "province_name": "`Ajman",
      "cities": [{ "city_name": "‘Ajmān" }]
    },
    {
      "province_name": "Umm al Qaywayn",
      "cities": [{ "city_name": "Umm al Qaywayn" }]
    }
  ]
}
