{
  "country_name": "Kenya",
  "country_id": "KE",
  "provinces": [
    {
      "province_name": "Nairobi",
      "cities": [
        { "city_name": "Nairobi" },
        { "city_name": "Ongata Rongai" },
        { "city_name": "Kikuyu" },
        { "city_name": "Ngong" }
      ]
    },
    {
      "province_name": "Coast",
      "cities": [
        { "city_name": "Mombasa" },
        { "city_name": "Kilifi" },
        { "city_name": "Malindi" },
        { "city_name": "Lunga-Lunga" },
        { "city_name": "Ukunda" },
        { "city_name": "Lamu" },
        { "city_name": "Kwale" }
      ]
    },
    {
      "province_name": "Rift Valley",
      "cities": [
        { "city_name": "Nakuru" },
        { "city_name": "Eldoret" },
        { "city_name": "Molo" },
        { "city_name": "Kapsabet" },
        { "city_name": "Narok" },
        { "city_name": "Bomet" },
        { "city_name": "Kitale" },
        { "city_name": "Bungoma" },
        { "city_name": "Webuye" },
        { "city_name": "Iten" },
        { "city_name": "Nandi Hills" },
        { "city_name": "Ramu" }
      ]
    },
    {
      "province_name": "Western",
      "cities": [
        { "city_name": "Kakamega" },
        { "city_name": "Vihiga" },
        { "city_name": "Kisumu" },
        { "city_name": "Kisii" },
        { "city_name": "Mumias" },
        { "city_name": "Siaya" },
        { "city_name": "Migori" },
        { "city_name": "Nyamira" },
        { "city_name": "Busia" }
      ]
    },
    {
      "province_name": "Central",
      "cities": [
        { "city_name": "Thika" },
        { "city_name": "Nyeri" },
        { "city_name": "Murang’a" },
        { "city_name": "Kerugoya" },
        { "city_name": "Kiambu" },
        { "city_name": "Embu" },
        { "city_name": "Mombasa" }
      ]
    },
    {
      "province_name": "Eastern",
      "cities": [
        { "city_name": "Meru" },
        { "city_name": "Isiolo" },
        { "city_name": "Embu" },
        { "city_name": "Kitui" },
        { "city_name": "Mwingi" },
        { "city_name": "Machakos" },
        { "city_name": "Wote" }
      ]
    },
    {
      "province_name": "Nyanza",
      "cities": [
        { "city_name": "Kisumu" },
        { "city_name": "Kisii" },
        { "city_name": "Homa Bay" }
      ]
    },
    {
      "province_name": "North Eastern",
      "cities": [
        { "city_name": "Garissa" },
        { "city_name": "Mandera" },
        { "city_name": "Wajir" },
        { "city_name": "Marsabit" },
        { "city_name": "Moyale" }
      ]
    },
    {
      "province_name": "Nairobi Metropolitan",
      "cities": [
        { "city_name": "Kajiado" },
        { "city_name": "Mavoko" },
        { "city_name": "Machakos" }
      ]
    },
    {
      "province_name": "Other",
      "cities": [
        { "city_name": "Lodwar" },
        { "city_name": "Kapenguria" },
        { "city_name": "Rumuruti" },
        { "city_name": "Maralal" },
        { "city_name": "Sotik Post" },
        { "city_name": "Wajir" },
        { "city_name": "Mandera" }
      ]
    }
  ]
}
