{
  "country_name": "The Bahamas",
  "country_id": "BS",
  "provinces": [
    {
      "province_name": "New Providence",
      "cities": [
        { "city_name": "Nassau" },
        { "city_name": "Lucaya" },
        { "city_name": "Freeport City" },
        { "city_name": "West End" },
        { "city_name": "Wemyss Bight" },
        { "city_name": "Alice Town" },
        { "city_name": "Cockburn Town" },
        { "city_name": "Pirates Well" },
        { "city_name": "Winton Meadows" },
        { "city_name": "Yamacraw Beach Estate" },
        { "city_name": "Tusculum" },
        { "city_name": "Carmichael Village" },
        { "city_name": "Golden Gates Estates" },
        { "city_name": "Waterloo" },
        { "city_name": "Winton Heights" },
        { "city_name": "Millars" },
        { "city_name": "Cable Beach" },
        { "city_name": "Cunningham" },
        { "city_name": "Coral Harbour" },
        { "city_name": "Mount Pleasant" },
        { "city_name": "Adelaide" },
        { "city_name": "Macbride" },
        { "city_name": "Highbury Park" },
        { "city_name": "Winton" },
        { "city_name": "Millar Heights" },
        { "city_name": "Gambier Village" },
        { "city_name": "Love" },
        { "city_name": "Nassau Estate" },
        { "city_name": "Killarney" },
        { "city_name": "Sandilands Village" },
        { "city_name": "Belair Estates" },
        { "city_name": "Stapleton Gardens" },
        { "city_name": "Orange Hill" },
        { "city_name": "Clifton" },
        { "city_name": "Creek Village" },
        { "city_name": "Coral Heights" },
        { "city_name": "Camperdown" },
        { "city_name": "Sea Breeze Estates" },
        { "city_name": "Bradford" },
        { "city_name": "Nixon’s Harbour" },
        { "city_name": "Louis Town" },
        { "city_name": "Bailey Town" }
      ]
    },
    {
      "province_name": "Grand Bahama",
      "cities": [
        { "city_name": "Bluff" },
        { "city_name": "Roberts Town" },
        { "city_name": "Bain Town" },
        { "city_name": "Water Cay" },
        { "city_name": "Thomas Town" },
        { "city_name": "Hope Estate" },
        { "city_name": "Holmes Rock" },
        { "city_name": "Eight Mile Rock" },
        { "city_name": "Vincent Town" },
        { "city_name": "McLeans Town" },
        { "city_name": "Pinders Point" },
        { "city_name": "Smith Point" },
        { "city_name": "Pine Ridge" },
        { "city_name": "Russell Town" },
        { "city_name": "Hunters" },
        { "city_name": "Martin Town" },
        { "city_name": "Southwest Point" },
        { "city_name": "Pelican Point" },
        { "city_name": "Hawksbill" },
        { "city_name": "Mather Town" },
        { "city_name": "High Rock" },
        { "city_name": "Braudies Point" },
        { "city_name": "Sea Grape" },
        { "city_name": "Bevans Town" },
        { "city_name": "Williams Town" },
        { "city_name": "Freetown" },
        { "city_name": "Golden Grove" },
        { "city_name": "Gilbert Grant" }
      ]
    },
    {
      "province_name": "Exuma",
      "cities": [
        { "city_name": "Baraterre" },
        { "city_name": "Calvin Hill" },
        { "city_name": "Curtis" },
        { "city_name": "Pigeon Cay" },
        { "city_name": "Michelson" },
        { "city_name": "Anne’s Tract Settlement" },
        { "city_name": "Hermitage" },
        { "city_name": "Farmer’s Hill" },
        { "city_name": "Rolletown" },
        { "city_name": "Steventon" },
        { "city_name": "Hartswell" },
        { "city_name": "Little Farmers Cay" },
        { "city_name": "Richmond Hill" },
        { "city_name": "Forbes Hill" },
        { "city_name": "Mount Thompson" },
        { "city_name": "Rolleville" },
        { "city_name": "Moss Town" },
        { "city_name": "Rokers Point Settlement" },
        { "city_name": "Jimmy Hill" },
        { "city_name": "Stuart Manor" },
        { "city_name": "Black Point" },
        { "city_name": "Ramsey" },
        { "city_name": "Alexander" },
        { "city_name": "Forest" },
        { "city_name": "The Ferry Settlement" }
      ]
    }
  ]
}
