{
  "country_name": "Malawi",
  "country_id": "MW",
  "provinces": [
    {
      "province_name": "Southern Region",
      "cities": [
        { "city_name": "Blantyre" },
        { "city_name": "Zomba" },
        { "city_name": "Mangochi" },
        { "city_name": "Liwonde" },
        { "city_name": "Nsanje" },
        { "city_name": "Mulanje" },
        { "city_name": "Mwanza" },
        { "city_name": "Thyolo" },
        { "city_name": "Phalombe" },
        { "city_name": "Chiradzulu" },
        { "city_name": "Machinga" },
        { "city_name": "Balaka" },
        { "city_name": "Neno" },
        { "city_name": "Chikwawa" }
      ]
    },
    {
      "province_name": "Northern Region",
      "cities": [
        { "city_name": "Mzuzu" },
        { "city_name": "Karonga" },
        { "city_name": "Mzimba" },
        { "city_name": "Rumphi" },
        { "city_name": "Chitipa" },
        { "city_name": "Nkhata Bay" }
      ]
    },
    {
      "province_name": "Central Region",
      "cities": [
        { "city_name": "Lilongwe" },
        { "city_name": "Kasungu" },
        { "city_name": "Salima" },
        { "city_name": "Dedza" },
        { "city_name": "Nkhotakota" },
        { "city_name": "Mchinji" },
        { "city_name": "Ntcheu" },
        { "city_name": "Ntchisi" },
        { "city_name": "Dowa" }
      ]
    }
  ]
}
