{
  "country_name": "Slovenia",
  "country_id": "SI",
  "provinces": [
    {
      "province_name": "Obcina Zalec",
      "cities": [{ "city_name": "Žalec" }]
    },
    {
      "province_name": "Zagorje ob Savi",
      "cities": [{ "city_name": "Zagorje" }]
    },
    {
      "province_name": "Vrhnika",
      "cities": [{ "city_name": "Vrhnika" }]
    },
    {
      "province_name": "Obcina Trzic",
      "cities": []
    },
    {
      "province_name": "Trebnje",
      "cities": [{ "city_name": "Trebnje" }]
    },
    {
      "province_name": "Trbovlje",
      "cities": [{ "city_name": "Trbovlje" }]
    },
    {
      "province_name": "Obcina Tolmin",
      "cities": [{ "city_name": "Tolmin" }]
    },
    {
      "province_name": "Velenje",
      "cities": [{ "city_name": "Velenje" }]
    },
    {
      "province_name": "Obcina Smarje pri Jelsah",
      "cities": [{ "city_name": "Šmarje" }]
    },
    {
      "province_name": "Slovenske Konjice",
      "cities": [{ "city_name": "Slovenske Konjice" }]
    },
    {
      "province_name": "Slovenska Bistrica",
      "cities": [{ "city_name": "Slovenska Bistrica" }]
    },
    {
      "province_name": "Slovenj Gradec",
      "cities": [{ "city_name": "Slovenj Gradec" }]
    },
    {
      "province_name": "Obcina Skofja Loka",
      "cities": [{ "city_name": "Škofja Loka" }]
    },
    {
      "province_name": "Obcina Sezana",
      "cities": [{ "city_name": "Sežana" }]
    },
    {
      "province_name": "Sevnica",
      "cities": [{ "city_name": "Sevnica" }]
    },
    {
      "province_name": "Obcina Sentjur",
      "cities": [{ "city_name": "Šentjur" }]
    },
    {
      "province_name": "Ribnica",
      "cities": []
    },
    {
      "province_name": "Radovljica",
      "cities": [{ "city_name": "Radovljica" }]
    },
    {
      "province_name": "Radlje ob Dravi",
      "cities": []
    },
    {
      "province_name": "Ptuj",
      "cities": [{ "city_name": "Ptuj" }]
    },
    {
      "province_name": "Postojna",
      "cities": [{ "city_name": "Postojna" }]
    },
    {
      "province_name": "Piran",
      "cities": []
    },
    {
      "province_name": "Obcina Ormoz",
      "cities": []
    },
    {
      "province_name": "Mestna Obcina Novo mesto",
      "cities": [{ "city_name": "Novo Mesto" }]
    },
    {
      "province_name": "Nova Gorica",
      "cities": [{ "city_name": "Nova Gorica" }]
    },
    {
      "province_name": "Murska Sobota",
      "cities": [{ "city_name": "Murska Sobota" }]
    },
    {
      "province_name": "Mozirje",
      "cities": []
    },
    {
      "province_name": "Metlika",
      "cities": []
    },
    {
      "province_name": "Maribor",
      "cities": [{ "city_name": "Maribor" }]
    },
    {
      "province_name": "Logatec",
      "cities": [{ "city_name": "Logatec" }]
    },
    {
      "province_name": "Ljutomer",
      "cities": []
    },
    {
      "province_name": "Litija",
      "cities": [{ "city_name": "Litija" }]
    },
    {
      "province_name": "Lenart",
      "cities": []
    },
    {
      "province_name": "Obcina Lasko",
      "cities": []
    },
    {
      "province_name": "Obcina Krsko",
      "cities": []
    },
    {
      "province_name": "Kranj",
      "cities": [{ "city_name": "Kranj" }]
    },
    {
      "province_name": "Koper",
      "cities": [{ "city_name": "Koper" }]
    },
    {
      "province_name": "Obcina Kocevje",
      "cities": [{ "city_name": "Kočevje" }]
    },
    {
      "province_name": "Kamnik",
      "cities": [{ "city_name": "Kamnik" }]
    },
    {
      "province_name": "Jesenice",
      "cities": [{ "city_name": "Jesenice" }]
    },
    {
      "province_name": "Izola",
      "cities": [{ "city_name": "Izola" }]
    },
    {
      "province_name": "Ilirska Bistrica",
      "cities": [{ "city_name": "Ilirska Bistrica" }]
    },
    {
      "province_name": "Idrija",
      "cities": [{ "city_name": "Idrija" }]
    },
    {
      "province_name": "Hrastnik",
      "cities": [{ "city_name": "Hrastnik" }]
    },
    {
      "province_name": "Grosuplje",
      "cities": [{ "city_name": "Grosuplje" }]
    },
    {
      "province_name": "Gornja Radgona",
      "cities": []
    },
    {
      "province_name": "Dravograd",
      "cities": []
    },
    {
      "province_name": "Obcina Domzale",
      "cities": []
    },
    {
      "province_name": "Obcina Crnomelj",
      "cities": [{ "city_name": "Črnomelj" }]
    },
    {
      "province_name": "Cerknica",
      "cities": [{ "city_name": "Cerknica" }]
    },
    {
      "province_name": "Celje",
      "cities": [{ "city_name": "Celje" }]
    },
    {
      "province_name": "Obcina Brezice",
      "cities": [{ "city_name": "Brežice" }]
    },
    {
      "province_name": "Obcina Ajdovscina",
      "cities": [{ "city_name": "Ajdovščina" }]
    },
    {
      "province_name": "Hrpelje-Kozina",
      "cities": []
    },
    {
      "province_name": "Obcina Divaca",
      "cities": []
    },
    {
      "province_name": "Pivka",
      "cities": []
    },
    {
      "province_name": "Obcina Loska Dolina",
      "cities": []
    },
    {
      "province_name": "Obcina Loski Potok",
      "cities": []
    },
    {
      "province_name": "Osilnica",
      "cities": []
    },
    {
      "province_name": "Obcina Velike Lasce",
      "cities": []
    },
    {
      "province_name": "Obcina Skofljica",
      "cities": [{ "city_name": "Škofljica" }]
    },
    {
      "province_name": "Ig",
      "cities": []
    },
    {
      "province_name": "Brezovica",
      "cities": [
        {
          "city_name": "Opstina Ljubljana-Vic-Rudnik"
        }
      ]
    },
    {
      "province_name": "Borovnica",
      "cities": []
    },
    {
      "province_name": "Vipava",
      "cities": []
    },
    {
      "province_name": "Komen",
      "cities": []
    },
    {
      "province_name": "Miren-Kostanjevica",
      "cities": []
    },
    {
      "province_name": "Brda",
      "cities": []
    },
    {
      "province_name": "Kanal",
      "cities": []
    },
    {
      "province_name": "Obcina Ziri",
      "cities": []
    },
    {
      "province_name": "Cerkno",
      "cities": []
    },
    {
      "province_name": "Obcina Zelezniki",
      "cities": []
    },
    {
      "province_name": "Gorenja Vas-Poljane",
      "cities": []
    },
    {
      "province_name": "Dobrova-Polhov Gradec",
      "cities": []
    },
    {
      "province_name": "Obcina Kobarid",
      "cities": []
    },
    {
      "province_name": "Obcina Bovec",
      "cities": []
    },
    {
      "province_name": "Bohinj",
      "cities": []
    },
    {
      "province_name": "Obcina Bled",
      "cities": [{ "city_name": "Bled" }]
    },
    {
      "province_name": "Naklo",
      "cities": []
    },
    {
      "province_name": "Kranjska Gora",
      "cities": []
    },
    {
      "province_name": "Preddvor",
      "cities": []
    },
    {
      "province_name": "Cerklje na Gorenjskem",
      "cities": []
    },
    {
      "province_name": "Obcina Sencur",
      "cities": []
    },
    {
      "province_name": "Vodice",
      "cities": []
    },
    {
      "province_name": "Medvode",
      "cities": [{ "city_name": "Medvode" }]
    },
    {
      "province_name": "Obcina Menges",
      "cities": [{ "city_name": "Mengeš" }]
    },
    {
      "province_name": "Dol pri Ljubljani",
      "cities": []
    },
    {
      "province_name": "Obcina Moravce",
      "cities": []
    },
    {
      "province_name": "Gornji Grad",
      "cities": []
    },
    {
      "province_name": "Obcina Luce",
      "cities": []
    },
    {
      "province_name": "Obcina Ravne na Koroskem",
      "cities": [{ "city_name": "Ravne na Koroškem" }]
    },
    {
      "province_name": "Obcina Mezica",
      "cities": []
    },
    {
      "province_name": "Muta",
      "cities": []
    },
    {
      "province_name": "Vuzenica",
      "cities": []
    },
    {
      "province_name": "Obcina Crna na Koroskem",
      "cities": []
    },
    {
      "province_name": "Ljubno",
      "cities": []
    },
    {
      "province_name": "Obcina Sostanj",
      "cities": [{ "city_name": "Šoštanj" }]
    },
    {
      "province_name": "Obcina Smartno ob Paki",
      "cities": []
    },
    {
      "province_name": "Lukovica",
      "cities": []
    },
    {
      "province_name": "Obcina Radece",
      "cities": []
    },
    {
      "province_name": "Obcina Ivancna Gorica",
      "cities": []
    },
    {
      "province_name": "Dobrepolje",
      "cities": []
    },
    {
      "province_name": "Obcina Semic",
      "cities": []
    },
    {
      "province_name": "Obcina Sentjernej",
      "cities": []
    },
    {
      "province_name": "Obcina Skocjan",
      "cities": []
    },
    {
      "province_name": "Obcina Store",
      "cities": []
    },
    {
      "province_name": "Vojnik",
      "cities": []
    },
    {
      "province_name": "Vitanje",
      "cities": []
    },
    {
      "province_name": "Obcina Zrece",
      "cities": [{ "city_name": "Zreče" }]
    },
    {
      "province_name": "Mislinja",
      "cities": []
    },
    {
      "province_name": "Obcina Ruse",
      "cities": [{ "city_name": "Ruše" }]
    },
    {
      "province_name": "Kungota",
      "cities": []
    },
    {
      "province_name": "Obcina Sentilj",
      "cities": [{ "city_name": "Šentilj" }]
    },
    {
      "province_name": "Pesnica",
      "cities": []
    },
    {
      "province_name": "Duplek",
      "cities": []
    },
    {
      "province_name": "Obcina Race-Fram",
      "cities": [{ "city_name": "Rače" }]
    },
    {
      "province_name": "Obcina Starse",
      "cities": [{ "city_name": "Starše" }]
    },
    {
      "province_name": "Obcina Kidricevo",
      "cities": [{ "city_name": "Kidričevo" }]
    },
    {
      "province_name": "Obcina Majsperk",
      "cities": [{ "city_name": "Majšperk" }]
    },
    {
      "province_name": "Videm",
      "cities": [{ "city_name": "Videm" }]
    },
    {
      "province_name": "Obcina Rogaska Slatina",
      "cities": [{ "city_name": "Rogaška Slatina" }]
    },
    {
      "province_name": "Rogatec",
      "cities": []
    },
    {
      "province_name": "Obcina Podcetrtek",
      "cities": [{ "city_name": "Podčetrtek" }]
    },
    {
      "province_name": "Kozje",
      "cities": []
    },
    {
      "province_name": "Obcina Gorisnica",
      "cities": [{ "city_name": "Gorišnica" }]
    },
    {
      "province_name": "Obcina Zavrc",
      "cities": [{ "city_name": "Zavrč" }]
    },
    {
      "province_name": "Dornava",
      "cities": [{ "city_name": "Dornava" }]
    },
    {
      "province_name": "Obcina Jursinci",
      "cities": [{ "city_name": "Juršinci" }]
    },
    {
      "province_name": "Obcina Sveti Jurij ob Scavnici",
      "cities": [{ "city_name": "Sveti Jurij" }]
    },
    {
      "province_name": "Radenci",
      "cities": [{ "city_name": "Radenci" }]
    },
    {
      "province_name": "Puconci",
      "cities": [{ "city_name": "Puconci" }]
    },
    {
      "province_name": "Obcina Rogasovci",
      "cities": [{ "city_name": "Rogašovci" }]
    },
    {
      "province_name": "Kuzma",
      "cities": [{ "city_name": "Kuzma" }]
    },
    {
      "province_name": "Gornji Petrovci",
      "cities": [{ "city_name": "Gornji Petrovci" }]
    },
    {
      "province_name": "Moravske Toplice",
      "cities": [{ "city_name": "Moravske Toplice" }]
    },
    {
      "province_name": "Kobilje",
      "cities": [{ "city_name": "Kobilje" }]
    },
    {
      "province_name": "Beltinci",
      "cities": [{ "city_name": "Beltinci" }]
    },
    {
      "province_name": "Obcina Turnisce",
      "cities": [{ "city_name": "Turnišče" }]
    },
    {
      "province_name": "Odranci",
      "cities": [{ "city_name": "Odranci" }]
    },
    {
      "province_name": "Obcina Crensovci",
      "cities": [{ "city_name": "Črenšovci" }]
    },
    {
      "province_name": "Nazarje",
      "cities": [{ "city_name": "Nazarje" }]
    },
    {
      "province_name": "Mestna Obcina Ljubljana",
      "cities": [
        { "city_name": "Ljubljana" },
        {
          "city_name": "Opstina Ljubljana-Moste-Polje"
        },
        {
          "city_name": "Opstina Ljubljana-Center"
        },
        {
          "city_name": "Opcina Ljubljana-Bezigrad"
        },
        {
          "city_name": "Dravlje District"
        },
        {
          "city_name": "Golovec District"
        },
        {
          "city_name": "Jarse District"
        },
        {
          "city_name": "Posavje District"
        },
        {
          "city_name": "Roznik District"
        },
        {
          "city_name": "Sostro District"
        },
        {
          "city_name": "Sentvid District"
        },
        {
          "city_name": "Smarna Gora District"
        },
        {
          "city_name": "Trnovo District"
        },
        {
          "city_name": "Vic District"
        }
      ]
    },
    {
      "province_name": "Obcina Zirovnica",
      "cities": [{ "city_name": "Žirovnica" }]
    },
    {
      "province_name": "Jezersko",
      "cities": [{ "city_name": "Zgornje Jezersko" }]
    },
    {
      "province_name": "Obcina Solcava",
      "cities": [{ "city_name": "Solčava" }]
    },
    {
      "province_name": "Komenda",
      "cities": [{ "city_name": "Komenda" }]
    },
    {
      "province_name": "Horjul",
      "cities": [{ "city_name": "Horjul" }]
    },
    {
      "province_name": "Obcina Sempeter-Vrtojba",
      "cities": [
        { "city_name": "Šempeter pri Gorici" },
        { "city_name": "Vrtojba" }
      ]
    },
    {
      "province_name": "Bloke",
      "cities": [{ "city_name": "Nova Vas" }]
    },
    {
      "province_name": "Obcina Sodrazica",
      "cities": [{ "city_name": "Sodražica" }]
    },
    {
      "province_name": "Trzin",
      "cities": [
        { "city_name": "Trzin" },
        {
          "city_name": "Crnuce District"
        }
      ]
    },
    {
      "province_name": "Prevalje",
      "cities": [{ "city_name": "Prevalje" }]
    },
    {
      "province_name": "Vransko",
      "cities": [{ "city_name": "Vransko" }]
    },
    {
      "province_name": "Tabor",
      "cities": [{ "city_name": "Tabor" }]
    },
    {
      "province_name": "Obcina Braslovce",
      "cities": [{ "city_name": "Braslovče" }]
    },
    {
      "province_name": "Polzela",
      "cities": [{ "city_name": "Polzela" }]
    },
    {
      "province_name": "Prebold",
      "cities": [{ "city_name": "Prebold" }]
    },
    {
      "province_name": "Kostel",
      "cities": [{ "city_name": "Kostel" }]
    },
    {
      "province_name": "Obcina Zuzemberk",
      "cities": [{ "city_name": "Žužemberk" }]
    },
    {
      "province_name": "Dolenjske Toplice",
      "cities": [{ "city_name": "Dolenjske Toplice" }]
    },
    {
      "province_name": "Obcina Mirna Pec",
      "cities": [{ "city_name": "Mirna Peč" }]
    },
    {
      "province_name": "Bistrica ob Sotli",
      "cities": [{ "city_name": "Bistrica ob Sotli" }]
    },
    {
      "province_name": "Dobje",
      "cities": [{ "city_name": "Dobje" }]
    },
    {
      "province_name": "Dobrna",
      "cities": [{ "city_name": "Dobrna" }]
    },
    {
      "province_name": "Oplotnica",
      "cities": [{ "city_name": "Oplotnica" }]
    },
    {
      "province_name": "Podvelka",
      "cities": [{ "city_name": "Podvelka" }]
    },
    {
      "province_name": "Ribnica na Pohorju",
      "cities": [{ "city_name": "Ribnica na Pohorju" }]
    },
    {
      "province_name": "Lovrenc na Pohorju",
      "cities": [{ "city_name": "Lovrenc na Pohorju" }]
    },
    {
      "province_name": "Selnica ob Dravi",
      "cities": [{ "city_name": "Selnica ob Dravi" }]
    },
    {
      "province_name": "Obcina Hoce-Slivnica",
      "cities": [{ "city_name": "Spodnje Hoče" }]
    },
    {
      "province_name": "Obcina Miklavz na Dravskem Polju",
      "cities": [{ "city_name": "Miklavž na Dravskem Polju" }]
    },
    {
      "province_name": "Hajdina",
      "cities": [{ "city_name": "Hajdina" }]
    },
    {
      "province_name": "Obcina Zetale",
      "cities": [{ "city_name": "Zetale" }]
    },
    {
      "province_name": "Podlehnik",
      "cities": [{ "city_name": "Podlehnik" }]
    },
    {
      "province_name": "Obcina Apace",
      "cities": []
    },
    {
      "province_name": "Cirkulane",
      "cities": []
    },
    {
      "province_name": "Kostanjevica na Krki",
      "cities": []
    },
    {
      "province_name": "Log-Dragomer",
      "cities": []
    },
    {
      "province_name": "Makole",
      "cities": []
    },
    {
      "province_name": "Mokronog-Trebelno",
      "cities": []
    },
    {
      "province_name": "Obcina Poljcane",
      "cities": []
    },
    {
      "province_name": "Obcina Recica ob Savinji",
      "cities": []
    },
    {
      "province_name": "Obcina Rence-Vogrsko",
      "cities": []
    },
    {
      "province_name": "Obcina Sredisce ob Dravi",
      "cities": []
    },
    {
      "province_name": "Obcina Straza",
      "cities": []
    },
    {
      "province_name": "Sveta Trojica v Slovenskih Goricah",
      "cities": []
    },
    {
      "province_name": "Obcina Sveti Tomaz",
      "cities": []
    },
    {
      "province_name": "Obcina Sentrupert",
      "cities": []
    },
    {
      "province_name": "Obcina Smarjeske Toplice",
      "cities": []
    },
    {
      "province_name": "Sveti Jurij v Slovenskih Goricah",
      "cities": []
    },
    {
      "province_name": "Gorje",
      "cities": []
    },
    {
      "province_name": "Ankaran",
      "cities": []
    },
    {
      "province_name": "Mirna",
      "cities": []
    }
  ]
}
