{
  "country_name": "Guyana",
  "country_id": "GY",
  "provinces": [
    {
      "province_name": "Demerara-Mahaica",
      "cities": [
        { "city_name": "Georgetown" },
        { "city_name": "Linden" },
        { "city_name": "New Amsterdam" },
        { "city_name": "Princetown" },
        { "city_name": "Bartica" },
        { "city_name": "Crabwood Creek" },
        { "city_name": "Parika" },
        { "city_name": "Rose Hall" },
        { "city_name": "Lethem" },
        { "city_name": "Uitvlugt" },
        { "city_name": "Rosignol" },
        { "city_name": "Mahdia" },
        { "city_name": "Kwakwani" },
        { "city_name": "Skeldon" },
        { "city_name": "Mahaicony Village" },
        { "city_name": "Saint Cuthberts Mission" },
        { "city_name": "Cane Grove" },
        { "city_name": "Windsor Forest" }
      ]
    },
    {
      "province_name": "Pomeroon-Supenaam",
      "cities": [
        { "city_name": "Karasabai Village" },
        { "city_name": "Charity" },
        { "city_name": "Paramakatoi" },
        { "city_name": "Adventure" },
        { "city_name": "Annandale" }
      ]
    },
    {
      "province_name": "Barima-Waini",
      "cities": [
        { "city_name": "Mabaruma" },
        { "city_name": "Clonbrook" },
        { "city_name": "Port Kaituma" },
        { "city_name": "Port Mourant" },
        { "city_name": "Onderneeming" }
      ]
    },
    {
      "province_name": "Upper Takutu-Upper Essequibo",
      "cities": [
        { "city_name": "Aishalton" },
        { "city_name": "Karaudanawa" },
        { "city_name": "Orealla" },
        { "city_name": "Den Amstel" },
        { "city_name": "Santa Rosa Mission" }
      ]
    },
    {
      "province_name": "Cuyuni-Mazaruni",
      "cities": [
        { "city_name": "Sand Creek Village" },
        { "city_name": "Marurawaunawa Village" },
        { "city_name": "Belladrum" },
        { "city_name": "Hosororo" },
        { "city_name": "Monkey Mountain" },
        { "city_name": "Ituni" }
      ]
    },
    {
      "province_name": "East Berbice-Corentyne",
      "cities": [
        { "city_name": "Hampton Court" },
        { "city_name": "Awaruwaunawa" },
        { "city_name": "Achiwib" },
        { "city_name": "Kamwatta Hill" },
        { "city_name": "Koriabo" }
      ]
    },
    {
      "province_name": "Essequibo Islands-West Demerara",
      "cities": [
        { "city_name": "Yupukarri" },
        { "city_name": "Capoey" },
        { "city_name": "Sawariwaunawa" },
        { "city_name": "Saint Francis Mission" },
        { "city_name": "Kumaka" }
      ]
    },
    {
      "province_name": "Potaro-Siparuni",
      "cities": [
        { "city_name": "Annai" },
        { "city_name": "Queenstown" },
        { "city_name": "Vreed-en-Hoop" },
        { "city_name": "Kabakaburi" },
        { "city_name": "Kato Village" }
      ]
    },
    {
      "province_name": "Upper Demerara-Berbice",
      "cities": [
        { "city_name": "Matthews Ridge" },
        { "city_name": "Dadanawa" },
        { "city_name": "Barakara" },
        { "city_name": "Kamarang" },
        { "city_name": "Woweta Village" }
      ]
    },
    {
      "province_name": "Berbice",
      "cities": [
        { "city_name": "Weldaad" },
        { "city_name": "Hiawa" },
        { "city_name": "Santa Mission" },
        { "city_name": "Surama Village" },
        { "city_name": "Apoteri" }
      ]
    },
    {
      "province_name": "Upper Essequibo-Berbice",
      "cities": [
        { "city_name": "Imbaimadai" },
        { "city_name": "Hyde Park" },
        { "city_name": "Rockstone" },
        { "city_name": "Zeelandia" },
        { "city_name": "Fort Wellington" }
      ]
    }
  ]
}
