{
  "country_name": "Sudan",
  "country_id": "SD",
  "provinces": [
    {
      "province_name": "Northern",
      "cities": [
        {
          "city_name": "Dongola"
        },
        {
          "city_name": "Al Mudiriyah ash Shamaliyah"
        },
        {
          "city_name": "Merawi"
        },
        {
          "city_name": "Ad Dabbah"
        }
      ]
    },
    {
      "province_name": "Khartoum",
      "cities": [
        {
          "city_name": "Khartoum"
        },
        {
          "city_name": "Omdurman"
        },
        {
          "city_name": "Khartoum North"
        },
        {
          "city_name": "Sharg En Nile"
        }
      ]
    },
    {
      "province_name": "Red Sea",
      "cities": [
        {
          "city_name": "Port Sudan"
        },
        {
          "city_name": "Sinkat"
        },
        {
          "city_name": "Sawākin"
        },
        {
          "city_name": "Tokār"
        }
      ]
    },
    {
      "province_name": "Al Jazirah State",
      "cities": [
        {
          "city_name": "Wad Medani"
        },
        {
          "city_name": "El Meilig Rural Council"
        },
        {
          "city_name": "Mudiriyat al Jazirah"
        },
        {
          "city_name": "Um Al Gura"
        },
        {
          "city_name": "Al Manāqil"
        }
      ]
    },
    {
      "province_name": "Al Qadarif State",
      "cities": [
        {
          "city_name": "Gedaref"
        },
        {
          "city_name": "Gedaref North Rural Council"
        },
        {
          "city_name": "Al Fushqa"
        },
        {
          "city_name": "Seteet"
        }
      ]
    },
    {
      "province_name": "White Nile",
      "cities": [
        {
          "city_name": "Kūstī"
        },
        {
          "city_name": "Mudiriyat al Bahr al Abyad"
        },
        {
          "city_name": "Kosti"
        },
        {
          "city_name": "Al Jabalian"
        },
        {
          "city_name": "Rabak"
        }
      ]
    },
    {
      "province_name": "Blue Nile",
      "cities": [
        {
          "city_name": "Ed Damazin"
        },
        {
          "city_name": "Ar Ruseris"
        },
        {
          "city_name": "Kurmuk"
        },
        {
          "city_name": "Baw"
        }
      ]
    },
    {
      "province_name": "West Darfur",
      "cities": [
        {
          "city_name": "El Geneina"
        }
      ]
    },
    {
      "province_name": "West Kordofan State",
      "cities": [
        {
          "city_name": "Al Mijlad"
        },
        {
          "city_name": "El Fula"
        }
      ]
    },
    {
      "province_name": "South Darfur",
      "cities": [
        {
          "city_name": "Nyala"
        },
        {
          "city_name": "Mudiriyat Darfur al Janubiyah"
        },
        {
          "city_name": "Kas District"
        },
        {
          "city_name": "Nyala District"
        },
        {
          "city_name": "Ed Daein"
        }
      ]
    },
    {
      "province_name": "South Kordofan",
      "cities": [
        {
          "city_name": "Kadugli"
        }
      ]
    },
    {
      "province_name": "Kassala State",
      "cities": [
        {
          "city_name": "Kassala"
        },
        {
          "city_name": "Mudiriyat Kassala"
        }
      ]
    },
    {
      "province_name": "River Nile",
      "cities": [
        {
          "city_name": "Atbara"
        },
        {
          "city_name": "Shendi"
        },
        {
          "city_name": "Ad Damer"
        },
        {
          "city_name": "Abū Ḩamad"
        }
      ]
    },
    {
      "province_name": "North Darfur",
      "cities": [
        {
          "city_name": "El Fasher"
        },
        {
          "city_name": "Mudiriyat Darfur ash Shamaliyah"
        },
        {
          "city_name": "Kutum District"
        }
      ]
    },
    {
      "province_name": "North Kordofan",
      "cities": [
        {
          "city_name": "El Obeid"
        },
        {
          "city_name": "Mudiriyat Kurdufan ash Shamaliyah"
        },
        {
          "city_name": "Ghebeish"
        },
        {
          "city_name": "En Nuhud"
        },
        {
          "city_name": "Sheikan"
        },
        {
          "city_name": "Um Rawaba"
        },
        {
          "city_name": "Bara"
        },
        {
          "city_name": "An Nuhūd"
        }
      ]
    },
    {
      "province_name": "Sennar",
      "cities": [
        {
          "city_name": "Singa"
        },
        {
          "city_name": "Sennār"
        },
        {
          "city_name": "Mudiriyat an Nil al Azraq"
        }
      ]
    },
    {
      "province_name": "East Darfur",
      "cities": []
    },
    {
      "province_name": "Central Darfur State",
      "cities": [
        {
          "city_name": "Zalingei"
        }
      ]
    }
  ]
}
