{
  "country_name": "Algeria",
  "country_id": "DZ",
  "provinces": [
    {
      "province_name": "Wilaya de Tlemcen",
      "cities": [
        { "city_name": "Tlemcen" },
        { "city_name": "Maghnia" },
        { "city_name": "Ghazaouet" }
      ]
    },
    {
      "province_name": "Wilaya de Tizi Ouzou",
      "cities": [
        { "city_name": "Tizi Ouzou" },
        { "city_name": "Draa Ben Khedda" },
        { "city_name": "Boghni" },
        { "city_name": "Tizi Gheniff" },
        { "city_name": "L’Arbaa Naït Irathen" },
        { "city_name": "Tazmalt" }
      ]
    },
    {
      "province_name": "Wilaya de Tissemsilt",
      "cities": [{ "city_name": "Tissemsilt" }]
    },
    {
      "province_name": "Wilaya de Tipaza",
      "cities": [
        { "city_name": "Tipasa" },
        { "city_name": "Kolea" },
        { "city_name": "Douera" },
        { "city_name": "Staoueli" },
        { "city_name": "Zeralda" }
      ]
    },
    {
      "province_name": "Wilaya de Tindouf",
      "cities": [{ "city_name": "Tindouf" }]
    },
    {
      "province_name": "Wilaya de Tiaret",
      "cities": [{ "city_name": "Tiaret" }]
    },
    {
      "province_name": "Wilaya de Tebessa",
      "cities": [{ "city_name": "Tébessa" }]
    },
    {
      "province_name": "Wilaya de Tamanrasset",
      "cities": [
        { "city_name": "In Guezzam" },
        { "city_name": "Tamanrasset" },
        { "city_name": "I-n-Salah" }
      ]
    },
    {
      "province_name": "Wilaya de Souk Ahras",
      "cities": [{ "city_name": "Souk Ahras" }]
    },
    {
      "province_name": "Wilaya de Skikda",
      "cities": [
        { "city_name": "Skikda" },
        { "city_name": "Collo" },
        { "city_name": "El Arrouch" }
      ]
    },
    {
      "province_name": "Wilaya de Sidi Bel Abbes",
      "cities": [
        { "city_name": "Ben Badis District" },
        { "city_name": "Sidi Bel Abbès" }
      ]
    },
    {
      "province_name": "Wilaya de Setif",
      "cities": [
        { "city_name": "Ain Oulmene" },
        { "city_name": "Sétif" },
        { "city_name": "El Eulma" },
        { "city_name": "Bougaa" }
      ]
    },
    {
      "province_name": "Wilaya de Saida",
      "cities": [{ "city_name": "Daira de Saida" }, { "city_name": "Saïda" }]
    },
    {
      "province_name": "Wilaya de Relizane",
      "cities": [{ "city_name": "Relizane" }, { "city_name": "Oued Rhiou" }]
    },
    {
      "province_name": "Oum el Bouaghi",
      "cities": [
        { "city_name": "Oum el Bouaghi" },
        { "city_name": "Aïn Beïda" }
      ]
    },
    {
      "province_name": "Wilaya de Ouargla",
      "cities": [
        { "city_name": "Ouargla" },
        { "city_name": "Touggourt" },
        { "city_name": "El Meghaïer" }
      ]
    },
    {
      "province_name": "Oran",
      "cities": [
        { "city_name": "Daira d'Oran" },
        { "city_name": "Oran" },
        { "city_name": "Es Senia" },
        { "city_name": "Arzew" },
        { "city_name": "Aïn el Turk" },
        { "city_name": "Beni Saf" },
        { "city_name": "’Aïn el Turk" }
      ]
    },
    {
      "province_name": "Wilaya de Naama",
      "cities": [{ "city_name": "Naama" }]
    },
    {
      "province_name": "Wilaya de M'Sila",
      "cities": [
        { "city_name": "M’Sila" },
        { "city_name": "Sidi Aïssa" },
        { "city_name": "Bou Saâda" },
        { "city_name": "Bou Saada" },
        { "city_name": "Messaad" },
        { "city_name": "Magra" }
      ]
    },
    {
      "province_name": "Wilaya de Mostaganem",
      "cities": [
        { "city_name": "Mostaganem" },
        { "city_name": "Tighenif" },
        { "city_name": "Sig" }
      ]
    },
    {
      "province_name": "Wilaya de Mila",
      "cities": [
        { "city_name": "Chelghoum Laid District" },
        { "city_name": "Mila" }
      ]
    },
    {
      "province_name": "Wilaya de Medea",
      "cities": [
        { "city_name": "Daira de Ksar el Boukhari" },
        { "city_name": "Médéa" },
        { "city_name": "Ksar el Boukhari" }
      ]
    },
    {
      "province_name": "Wilaya de Mascara",
      "cities": [{ "city_name": "Mascara" }]
    },
    {
      "province_name": "Wilaya de Laghouat",
      "cities": [{ "city_name": "Laghouat" }, { "city_name": "Aflou" }]
    },
    {
      "province_name": "Wilaya de Khenchela",
      "cities": [{ "city_name": "Khenchela" }]
    },
    {
      "province_name": "Wilaya de Jijel",
      "cities": [
        { "city_name": "Jijel" },
        { "city_name": "Taher" },
        { "city_name": "Kaous" }
      ]
    },
    {
      "province_name": "Illizi",
      "cities": [{ "city_name": "Illizi" }, { "city_name": "Djanet" }]
    },
    {
      "province_name": "Wilaya de Guelma",
      "cities": [{ "city_name": "Guelma" }]
    },
    {
      "province_name": "Wilaya de Ghardaia",
      "cities": [
        { "city_name": "Bukombe District" },
        { "city_name": "El Menia District" },
        { "city_name": "Ghardaïa" },
        { "city_name": "El Golea" }
      ]
    },
    {
      "province_name": "El Tarf",
      "cities": [{ "city_name": "Drean District" }, { "city_name": "El Tarf" }]
    },
    {
      "province_name": "El Oued",
      "cities": [
        { "city_name": "El M'Ghair District" },
        { "city_name": "El Oued" }
      ]
    },
    {
      "province_name": "El Bayadh",
      "cities": [{ "city_name": "El Bayadh" }]
    },
    {
      "province_name": "Wilaya de Djelfa",
      "cities": [{ "city_name": "Djelfa" }, { "city_name": "Aïn Oussera" }]
    },
    {
      "province_name": "Wilaya de Constantine",
      "cities": [
        { "city_name": "Constantine" },
        { "city_name": "El Khroub" },
        { "city_name": "Hamma Bouziane" }
      ]
    },
    {
      "province_name": "Wilaya de Chlef",
      "cities": [
        { "city_name": "Daira de Tenes" },
        { "city_name": "Chlef" },
        { "city_name": "Oued Sly" },
        { "city_name": "’Aïn Merane" }
      ]
    },
    {
      "province_name": "Wilaya de Boumerdes",
      "cities": [
        { "city_name": "Boumerdes" },
        { "city_name": "Bordj Menaïel" },
        { "city_name": "Khemis el Khechna" },
        { "city_name": "Boudouaou" },
        { "city_name": "Isser" },
        { "city_name": "Zemmouri" }
      ]
    },
    {
      "province_name": "Wilaya de Bouira",
      "cities": [{ "city_name": "Bouira" }, { "city_name": "Lakhdaria" }]
    },
    {
      "province_name": "Wilaya de Bordj Bou Arreridj",
      "cities": [{ "city_name": "Bordj Bou Arreridj" }]
    },
    {
      "province_name": "Wilaya de Blida",
      "cities": [
        { "city_name": "Blida" },
        { "city_name": "Boufarik" },
        { "city_name": "Beni Tamou" },
        { "city_name": "Souma" },
        { "city_name": "Bougara" }
      ]
    },
    {
      "province_name": "Wilaya de Biskra",
      "cities": [
        { "city_name": "Biskra" },
        { "city_name": "Tebesbest" },
        { "city_name": "Ouled Djellal" }
      ]
    },
    {
      "province_name": "Wilaya de Bejaia",
      "cities": [{ "city_name": "Bejaïa" }, { "city_name": "Akbou" }]
    },
    {
      "province_name": "Wilaya de Bechar",
      "cities": [{ "city_name": "Daira de Bechar" }, { "city_name": "Béchar" }]
    },
    {
      "province_name": "Wilaya de Batna",
      "cities": [{ "city_name": "Batna" }, { "city_name": "Barika" }]
    },
    {
      "province_name": "Annaba",
      "cities": [
        { "city_name": "Annaba District" },
        { "city_name": "Annaba" },
        { "city_name": "El Bouni" }
      ]
    },
    {
      "province_name": "Wilaya d' Alger",
      "cities": [
        { "city_name": "Algiers" },
        { "city_name": "Bab Ezzouar" },
        { "city_name": "Baraki" },
        { "city_name": "Bordj el Kiffan" },
        { "city_name": "Birkhadem" },
        { "city_name": "Dar el Beïda" },
        { "city_name": "Rouiba" },
        { "city_name": "Reghaïa" },
        { "city_name": "Baba Hassen" },
        { "city_name": "Sidi Moussa" },
        { "city_name": "El Affroun" },
        { "city_name": "El Attaf" },
        { "city_name": "Bordj el Bahri" },
        { "city_name": "Ouled Fayet" },
        { "city_name": "Ouled Slama Tahta" },
        { "city_name": "Saoula" },
        { "city_name": "Douera" },
        { "city_name": "Beni Amrane" },
        { "city_name": "Beni Abbès" }
      ]
    },
    {
      "province_name": "Wilaya de Ain Temouchent",
      "cities": [{ "city_name": "Aïn Temouchent" }]
    },
    {
      "province_name": "Wilaya de Ain Defla",
      "cities": [{ "city_name": "Aïn Defla" }, { "city_name": "El Abadia" }]
    },
    {
      "province_name": "Adrar",
      "cities": [
        { "city_name": "Charouine" },
        { "city_name": "Adrar" },
        { "city_name": "Timimoun" },
        { "city_name": "Bordj Mokhtar" }
      ]
    }
  ]
}
