{
  "country_name": "Trinidad and Tobago",
  "country_id": "TT",
  "provinces": [
    {
      "province_name": "Tobago",
      "cities": [
        { "city_name": "Scarborough" },
        { "city_name": "Canaan" },
        { "city_name": "Bacolet" },
        { "city_name": "Calder Hall" },
        { "city_name": "Mount Grace" },
        { "city_name": "Rockly Vale" },
        { "city_name": "Lambeau" },
        { "city_name": "Patience Hill" },
        { "city_name": "Lower Town" },
        { "city_name": "Union" },
        { "city_name": "Prospect" },
        { "city_name": "Grafton" },
        { "city_name": "Morne Quiton" },
        { "city_name": "Harmony Hall" },
        { "city_name": "La Basse" },
        { "city_name": "Sea View Gardens" },
        { "city_name": "Sierra Leone" },
        { "city_name": "Bayshore" },
        { "city_name": "Coco" },
        { "city_name": "Mount Pleasant" },
        { "city_name": "Green Hill" }
      ]
    },
    {
      "province_name": "San Fernando",
      "cities": [
        { "city_name": "San Fernando" },
        { "city_name": "Marabella" },
        { "city_name": "Vistabella" },
        { "city_name": "Pleasantville" },
        { "city_name": "La Pique" },
        { "city_name": "Spring Vale" },
        { "city_name": "Mon Repos" }
      ]
    },
    {
      "province_name": "City of Port of Spain",
      "cities": [
        { "city_name": "Port of Spain" },
        { "city_name": "Woodbrook" },
        { "city_name": "Saint James" },
        { "city_name": "Peru" },
        { "city_name": "Mucurapo" },
        { "city_name": "Corbeaux Town" },
        { "city_name": "Coffee" },
        { "city_name": "Gonzales" },
        { "city_name": "Boissiere Village" },
        { "city_name": "Saint Clair" },
        { "city_name": "East Dry River" },
        { "city_name": "Belmont" }
      ]
    },
    {
      "province_name": "Mayaro",
      "cities": [
        { "city_name": "Ward of Trinity" },
        { "city_name": "Ward of Guayaguayare" },
        { "city_name": "Ward of Cocal" },
        { "city_name": "Ward of Charuma" }
      ]
    },
    {
      "province_name": "Arima",
      "cities": [{ "city_name": "Arima" }, { "city_name": "Maturita" }]
    },
    {
      "province_name": "Chaguanas",
      "cities": [
        { "city_name": "Chaguanas" },
        { "city_name": "Cacandee Settlement" },
        { "city_name": "Felicity" },
        { "city_name": "Lendor" },
        { "city_name": "Enterprise" },
        { "city_name": "Jermingham Junction" },
        { "city_name": "Montrose" },
        { "city_name": "Edinburgh" },
        { "city_name": "Cumberbatch" }
      ]
    },
    {
      "province_name": "Couva-Tabaquite-Talparo",
      "cities": [
        { "city_name": "Couva" },
        { "city_name": "Ward of San Rafael" },
        { "city_name": "Ward of Pointe-a-Pierre" },
        { "city_name": "Ward of Montserrat" },
        { "city_name": "Ward of Cunupia" }
      ]
    },
    {
      "province_name": "Diego Martin",
      "cities": [
        { "city_name": "Diego Martin" },
        { "city_name": "Glencoe" },
        { "city_name": "Riche Plaine" },
        { "city_name": "La Retraite" },
        { "city_name": "Cameron" },
        { "city_name": "Chaguaramas" },
        { "city_name": "Petit Bourg" },
        { "city_name": "Coolie Block" },
        { "city_name": "Four Roads" },
        { "city_name": "Dibe" },
        { "city_name": "La Finette" },
        { "city_name": "Goodwood Park" },
        { "city_name": "Petit Valley" },
        { "city_name": "Carenage" },
        { "city_name": "Hart’s Cut" },
        { "city_name": "Maraval" },
        { "city_name": "Diamond" }
      ]
    },
    {
      "province_name": "Penal/Debe",
      "cities": [{ "city_name": "Debe" }, { "city_name": "Ward of Naparima" }]
    },
    {
      "province_name": "Princes Town",
      "cities": [
        { "city_name": "Princes Town" },
        { "city_name": "Ward of Savana Grande" },
        { "city_name": "Ward of Ortoire" },
        { "city_name": "Ward of Moruga" }
      ]
    },
    {
      "province_name": "Point Fortin",
      "cities": [
        { "city_name": "Point Fortin" },
        { "city_name": "Cap-de-Ville" },
        { "city_name": "Guapo" },
        { "city_name": "Point Ligoure" },
        { "city_name": "Providence" }
      ]
    },
    {
      "province_name": "Sangre Grande",
      "cities": [
        { "city_name": "Sangre Grande" },
        { "city_name": "Ward of Valencia" },
        { "city_name": "Ward of Turure" },
        { "city_name": "Ward of Toco" },
        { "city_name": "Ward of Tamana" },
        { "city_name": "Ward of Matura" },
        { "city_name": "Ward of Manzanilla" }
      ]
    },
    {
      "province_name": "Siparia",
      "cities": [
        { "city_name": "Siparia" },
        { "city_name": "Ward of La Brea" },
        { "city_name": "Ward of Erin" },
        { "city_name": "Ward of Cedros" }
      ]
    },
    {
      "province_name": "San Juan/Laventille",
      "cities": [
        { "city_name": "Laventille" },
        { "city_name": "Ward of Saint Ann's" },
        { "city_name": "El Socorro" },
        { "city_name": "Earthigg" },
        { "city_name": "Barataria" },
        { "city_name": "Guamal" },
        { "city_name": "Santa Cruz" },
        { "city_name": "Morvant" }
      ]
    },
    {
      "province_name": "Tunapuna/Piarco",
      "cities": [
        { "city_name": "Tunapuna" },
        { "city_name": "Ward of Tacarigua" },
        { "city_name": "Ward of Blanchisseuse" },
        { "city_name": "Ward of Arima" }
      ]
    }
  ]
}
