{
  "country_name": "Macedonia",
  "country_id": "MK",
  "provinces": [
    {
      "province_name": "Valandovo",
      "cities": [{ "city_name": "Valandovo" }]
    },
    {
      "province_name": "Resen",
      "cities": [{ "city_name": "Resen" }]
    },
    {
      "province_name": "Kratovo",
      "cities": [{ "city_name": "Kratovo" }]
    },
    {
      "province_name": "Pehčevo",
      "cities": [{ "city_name": "Pehčevo" }]
    },
    {
      "province_name": "Novo Selo",
      "cities": [{ "city_name": "Novo Selo" }]
    },
    {
      "province_name": "Bosilovo",
      "cities": [{ "city_name": "Bosilovo" }]
    },
    {
      "province_name": "Vasilevo",
      "cities": [{ "city_name": "Vasilevo" }]
    },
    {
      "province_name": "Opstina Dojran",
      "cities": []
    },
    {
      "province_name": "Bogdanci",
      "cities": [{ "city_name": "Bogdanci" }]
    },
    {
      "province_name": "Konce",
      "cities": [{ "city_name": "Konče" }]
    },
    {
      "province_name": "Makedonska Kamenica",
      "cities": [{ "city_name": "Makedonska Kamenica" }]
    },
    {
      "province_name": "Zrnovci",
      "cities": [{ "city_name": "Zrnovci" }]
    },
    {
      "province_name": "Karbinci",
      "cities": [{ "city_name": "Karbinci" }]
    },
    {
      "province_name": "Demir Kapija",
      "cities": [{ "city_name": "Demir Kapija" }]
    },
    {
      "province_name": "Rosoman",
      "cities": [{ "city_name": "Rosoman" }]
    },
    {
      "province_name": "Gradsko",
      "cities": [{ "city_name": "Gradsko" }]
    },
    {
      "province_name": "Lozovo",
      "cities": [{ "city_name": "Lozovo" }]
    },
    {
      "province_name": "Cesinovo-Oblesevo",
      "cities": [{ "city_name": "Obleševo" }]
    },
    {
      "province_name": "Novaci",
      "cities": [{ "city_name": "Novaci" }]
    },
    {
      "province_name": "Berovo",
      "cities": [{ "city_name": "Berovo" }]
    },
    {
      "province_name": "Bitola",
      "cities": [{ "city_name": "Bitola" }]
    },
    {
      "province_name": "Mogila",
      "cities": [{ "city_name": "Mogila" }]
    },
    {
      "province_name": "Opstina Aracinovo",
      "cities": []
    },
    {
      "province_name": "Bogovinje",
      "cities": [{ "city_name": "Bogovinje" }]
    },
    {
      "province_name": "Brvenica",
      "cities": [{ "city_name": "Brvenica" }]
    },
    {
      "province_name": "Cair",
      "cities": []
    },
    {
      "province_name": "Opstina Caska",
      "cities": []
    },
    {
      "province_name": "Opstina Centar",
      "cities": []
    },
    {
      "province_name": "Opstina Centar Zupa",
      "cities": [{ "city_name": "Centar Župa" }]
    },
    {
      "province_name": "Opstina Cucer-Sandevo",
      "cities": []
    },
    {
      "province_name": "Debar",
      "cities": [{ "city_name": "Debar" }]
    },
    {
      "province_name": "Opstina Delcevo",
      "cities": [{ "city_name": "Delčevo" }]
    },
    {
      "province_name": "Demir Hisar",
      "cities": [{ "city_name": "Demir Hisar" }]
    },
    {
      "province_name": "Dolneni",
      "cities": [{ "city_name": "Dolneni" }]
    },
    {
      "province_name": "Opstina Gjorce Petrov",
      "cities": []
    },
    {
      "province_name": "Drugovo",
      "cities": []
    },
    {
      "province_name": "Gazi Baba",
      "cities": []
    },
    {
      "province_name": "Gevgelija",
      "cities": [{ "city_name": "Gevgelija" }]
    },
    {
      "province_name": "Gostivar",
      "cities": [{ "city_name": "Gostivar" }, { "city_name": "Forino" }]
    },
    {
      "province_name": "Ilinden",
      "cities": [{ "city_name": "Ilinden" }]
    },
    {
      "province_name": "Jegunovce",
      "cities": [{ "city_name": "Jegunovce" }]
    },
    {
      "province_name": "Opstina Karpos",
      "cities": []
    },
    {
      "province_name": "Kavadarci",
      "cities": [{ "city_name": "Kavadarci" }]
    },
    {
      "province_name": "Opstina Kicevo",
      "cities": [{ "city_name": "Kičevo" }]
    },
    {
      "province_name": "Kisela Voda",
      "cities": []
    },
    {
      "province_name": "Opstina Kocani",
      "cities": [{ "city_name": "Kočani" }]
    },
    {
      "province_name": "Kriva Palanka",
      "cities": [{ "city_name": "Kriva Palanka" }]
    },
    {
      "province_name": "Opstina Krivogastani",
      "cities": [{ "city_name": "Krivogaštani" }]
    },
    {
      "province_name": "Opstina Krusevo",
      "cities": [{ "city_name": "Kruševo" }]
    },
    {
      "province_name": "Kumanovo",
      "cities": [{ "city_name": "Kumanovo" }]
    },
    {
      "province_name": "Opstina Lipkovo",
      "cities": [{ "city_name": "Lipkovo" }]
    },
    {
      "province_name": "Makedonski Brod",
      "cities": [{ "city_name": "Makedonski Brod" }]
    },
    {
      "province_name": "Negotino",
      "cities": [{ "city_name": "Negotino" }]
    },
    {
      "province_name": "Ohrid",
      "cities": [{ "city_name": "Ohrid" }, { "city_name": "Belčišta" }]
    },
    {
      "province_name": "Oslomej",
      "cities": []
    },
    {
      "province_name": "Petrovec",
      "cities": [{ "city_name": "Petrovec" }]
    },
    {
      "province_name": "Plasnica",
      "cities": [{ "city_name": "Plasnica" }]
    },
    {
      "province_name": "Prilep",
      "cities": [{ "city_name": "Prilep" }]
    },
    {
      "province_name": "Opstina Probistip",
      "cities": [{ "city_name": "Probištip" }]
    },
    {
      "province_name": "Opstina Radovis",
      "cities": [{ "city_name": "Radoviš" }]
    },
    {
      "province_name": "Opstina Rankovce",
      "cities": [{ "city_name": "Rankovce" }]
    },
    {
      "province_name": "Opstina Mavrovo i Rostusa",
      "cities": [{ "city_name": "Rostuša" }]
    },
    {
      "province_name": "Saraj",
      "cities": []
    },
    {
      "province_name": "Opstina Sopiste",
      "cities": [{ "city_name": "Sopište" }]
    },
    {
      "province_name": "Opstina Staro Nagoricane",
      "cities": [{ "city_name": "Staro Nagoričane" }]
    },
    {
      "province_name": "Opstina Stip",
      "cities": [{ "city_name": "Štip" }]
    },
    {
      "province_name": "Struga",
      "cities": [
        { "city_name": "Struga" },
        { "city_name": "Lukovo" },
        { "city_name": "Labuništa" }
      ]
    },
    {
      "province_name": "Strumica",
      "cities": [{ "city_name": "Strumica" }]
    },
    {
      "province_name": "Opstina Studenicani",
      "cities": [{ "city_name": "Studeničani" }]
    },
    {
      "province_name": "Suto Orizari",
      "cities": []
    },
    {
      "province_name": "Sveti Nikole",
      "cities": [{ "city_name": "Sveti Nikole" }]
    },
    {
      "province_name": "Tearce",
      "cities": [{ "city_name": "Tearce" }]
    },
    {
      "province_name": "Tetovo",
      "cities": [
        { "city_name": "Tetovo" },
        { "city_name": "Čegrane" },
        { "city_name": "Tearce" },
        { "city_name": "Bogovinje" }
      ]
    },
    {
      "province_name": "Veles",
      "cities": [{ "city_name": "Veles" }]
    },
    {
      "province_name": "Opstina Vevcani",
      "cities": [{ "city_name": "Vevčani" }]
    },
    {
      "province_name": "Vinica",
      "cities": [{ "city_name": "Vinica" }, { "city_name": "Blatec" }]
    },
    {
      "province_name": "Opstina Vranestica",
      "cities": []
    },
    {
      "province_name": "Opstina Vrapciste",
      "cities": [{ "city_name": "Vrapčište" }]
    },
    {
      "province_name": "Zajas",
      "cities": []
    },
    {
      "province_name": "Zelenikovo",
      "cities": [{ "city_name": "Zelenikovo" }]
    },
    {
      "province_name": "Opstina Zelino",
      "cities": []
    },
    {
      "province_name": "Aerodrom",
      "cities": []
    },
    {
      "province_name": "Butel",
      "cities": []
    },
    {
      "province_name": "Debarca",
      "cities": []
    },
    {
      "province_name": "Grad Skopje",
      "cities": []
    },
    {
      "province_name": "Skopje",
      "cities": [
        { "city_name": "Skopje" },
        { "city_name": "Dračevo" },
        { "city_name": "Aračinovo" },
        { "city_name": "Kučevište" },
        { "city_name": "Rašče" },
        { "city_name": "Čučer-Sandevo" },
        { "city_name": "Zelenikovo" },
        { "city_name": "Petrovec" },
        { "city_name": "Želino" },
        { "city_name": "Studeničani" },
        { "city_name": "Ilinden" }
      ]
    }
  ]
}
