{
  "country_name": "Bhutan",
  "country_id": "BT",
  "provinces": [
    {
      "province_name": "Thimphu",
      "cities": [
        { "city_name": "Thimphu" },
        { "city_name": "Phuntsholing" },
        { "city_name": "Paro" },
        { "city_name": "Geylegphug" },
        { "city_name": "Samdrup Jongkhar" },
        { "city_name": "Wangdue Phodrang" },
        { "city_name": "Punakha" },
        { "city_name": "Jakar" },
        { "city_name": "Samtse" },
        { "city_name": "Shali" },
        { "city_name": "Mongar" },
        { "city_name": "Trashigang" },
        { "city_name": "Laya" },
        { "city_name": "Trashi Yangtse" },
        { "city_name": "Trongsa" },
        { "city_name": "Nganglam" },
        { "city_name": "Zhemgang" }
      ]
    },
    {
      "province_name": "Tsirang",
      "cities": [
        { "city_name": "Damphu" },
        { "city_name": "Daphu" },
        { "city_name": "Daga" },
        { "city_name": "Tsirang" }
      ]
    },
    {
      "province_name": "Haa",
      "cities": [
        { "city_name": "Haa" },
        { "city_name": "Sarpang" },
        { "city_name": "Pemagatshel" }
      ]
    },
    {
      "province_name": "Chhukha",
      "cities": [
        { "city_name": "Tsimasham" },
        { "city_name": "Lhuentse" },
        { "city_name": "Gasa" },
        { "city_name": "Tshalunang" },
        { "city_name": "Kalikhola" },
        { "city_name": "Pinkhua" },
        { "city_name": "Yuwak" },
        { "city_name": "Pajo" },
        { "city_name": "Pachu" }
      ]
    },
    {
      "province_name": "Dagana",
      "cities": [
        { "city_name": "Chengmari" },
        { "city_name": "Nepāltārgaon" },
        { "city_name": "Giala" },
        { "city_name": "Ura" },
        { "city_name": "Galechugaon" }
      ]
    },
    {
      "province_name": "Zhemgang",
      "cities": [
        { "city_name": "Damthang" },
        { "city_name": "Lalai" },
        { "city_name": "Dagapela" },
        { "city_name": "Majgaon" },
        { "city_name": "Thebong" },
        { "city_name": "Lāmedāda" },
        { "city_name": "Ngālangkang" },
        { "city_name": "Tāla" }
      ]
    },
    {
      "province_name": "Sarpang",
      "cities": [
        { "city_name": "Ghunkarah" },
        { "city_name": "Dewāngiri" },
        { "city_name": "Dhāje" },
        { "city_name": "Lamidangra" },
        { "city_name": "Sāmātung" },
        { "city_name": "Rungzyung" },
        { "city_name": "Dametsi" },
        { "city_name": "Jam Khar" }
      ]
    },
    {
      "province_name": "Mongar",
      "cities": [
        { "city_name": "Naktsang" },
        { "city_name": "Ga Ling" },
        { "city_name": "Wamrong" },
        { "city_name": "Chungkar" },
        { "city_name": "Radi" },
        { "city_name": "Ajingregaon" },
        { "city_name": "Sangkari" },
        { "city_name": "Khar" }
      ]
    },
    {
      "province_name": "Trashigang",
      "cities": [
        { "city_name": "Thrimshing" },
        { "city_name": "Samdrup Choling" },
        { "city_name": "Tendu" },
        { "city_name": "Chamarchi" },
        { "city_name": "Chapchha" },
        { "city_name": "Lobnig" }
      ]
    },
    {
      "province_name": "Punakha",
      "cities": [
        { "city_name": "Balfai" },
        { "city_name": "Kho Ling" },
        { "city_name": "Sibsu" },
        { "city_name": "Bhurgaon" },
        { "city_name": "Dumegaon" },
        { "city_name": "Dzongsa Dzong" }
      ]
    },
    {
      "province_name": "Trongsa",
      "cities": [
        { "city_name": "Pangthāng" },
        { "city_name": "Dūmte" },
        { "city_name": "Sassi" },
        { "city_name": "Bhangtar" },
        { "city_name": "Kengkhar" },
        { "city_name": "Ritang" },
        { "city_name": "Manikyangsa" },
        { "city_name": "Buri Chu" },
        { "city_name": "Bumtaka" },
        { "city_name": "Suchha" }
      ]
    },
    {
      "province_name": "Wangdue Phodrang",
      "cities": [
        { "city_name": "Beteni" },
        { "city_name": "Dorokha" },
        { "city_name": "Khitokha" },
        { "city_name": "Yālang" },
        { "city_name": "Denchukha" },
        { "city_name": "Raga" }
      ]
    },
    {
      "province_name": "Gasa",
      "cities": [
        { "city_name": "Rading" },
        { "city_name": "Gönphu" },
        { "city_name": "Yekho" },
        { "city_name": "Zarāfi" },
        { "city_name": "Rachau" },
        { "city_name": "Jimkhār" },
        { "city_name": "Sana" },
        { "city_name": "Tungka La" }
      ]
    },
    {
      "province_name": "Samtse",
      "cities": [
        { "city_name": "Gorjo" },
        { "city_name": "Naitola" },
        { "city_name": "Gipsa" },
        { "city_name": "Thumgaon" }
      ]
    }
  ]
}
