{
  "country_name": "Niger",
  "country_id": "NE",
  "provinces": [
    {
      "province_name": "Zinder",
      "cities": [
        {
          "city_name": "Zinder"
        },
        {
          "city_name": "Matamey"
        },
        {
          "city_name": "Gouré"
        },
        {
          "city_name": "Magaria"
        },
        {
          "city_name": "Mirriah"
        },
        {
          "city_name": "Tanout"
        },
        {
          "city_name": "Kantché"
        }
      ]
    },
    {
      "province_name": "Tahoua",
      "cities": [
        {
          "city_name": "Tahoua"
        },
        {
          "city_name": "Birnin Konni"
        },
        {
          "city_name": "Madaoua"
        },
        {
          "city_name": "Keïta"
        },
        {
          "city_name": "Illéla"
        },
        {
          "city_name": "Bouza"
        },
        {
          "city_name": "Abalak"
        },
        {
          "city_name": "Tchintabaraden"
        }
      ]
    },
    {
      "province_name": "Maradi",
      "cities": [
        {
          "city_name": "Maradi"
        },
        {
          "city_name": "Guidan Roumdji"
        },
        {
          "city_name": "Madarounfa"
        },
        {
          "city_name": "Aguié"
        },
        {
          "city_name": "Dakoro"
        },
        {
          "city_name": "Mayahi"
        },
        {
          "city_name": "Tessaoua"
        }
      ]
    },
    {
      "province_name": "Dosso Region",
      "cities": [
        {
          "city_name": "Dosso"
        },
        {
          "city_name": "Gaya"
        },
        {
          "city_name": "Loga"
        },
        {
          "city_name": "Birnin Gaouré"
        },
        {
          "city_name": "Dogondoutchi"
        },
        {
          "city_name": "Kouré"
        }
      ]
    },
    {
      "province_name": "Diffa",
      "cities": [
        {
          "city_name": "Diffa"
        },
        {
          "city_name": "Nguigmi"
        },
        {
          "city_name": "Maïné Soroa"
        }
      ]
    },
    {
      "province_name": "Agadez",
      "cities": [
        {
          "city_name": "Agadez"
        },
        {
          "city_name": "Arlit"
        },
        {
          "city_name": "Tchirozérine"
        },
        {
          "city_name": "Bilma"
        }
      ]
    },
    {
      "province_name": "Tillaberi Region",
      "cities": [
        {
          "city_name": "Tillabéri"
        },
        {
          "city_name": "Ayorou"
        },
        {
          "city_name": "Filingué"
        },
        {
          "city_name": "Say"
        },
        {
          "city_name": "Ouallam"
        },
        {
          "city_name": "Téra"
        }
      ]
    },
    {
      "province_name": "Niamey",
      "cities": [
        {
          "city_name": "Niamey"
        },
        {
          "city_name": "Kollo"
        }
      ]
    }
  ]
}
