{
  "country_name": "Montenegro",
  "country_id": "ME",
  "provinces": [
    {
      "province_name": "Podgorica",
      "cities": [
        { "city_name": "Podgorica" },
        { "city_name": "Tuzi" },
        { "city_name": "Golubovci" },
        { "city_name": "Mojanovići" },
        { "city_name": "Botun" },
        { "city_name": "Goričani" },
        { "city_name": "Tomba" },
        { "city_name": "Donji Kokoti" },
        { "city_name": "Berislavci" },
        { "city_name": "Lajkovići" },
        { "city_name": "Lagatori" },
        { "city_name": "Vladni" },
        { "city_name": "Farmaci" },
        { "city_name": "Beri" },
        { "city_name": "Desni Meteh" },
        { "city_name": "Sustaš" },
        { "city_name": "Dinoša" },
        { "city_name": "Berislavci" },
        { "city_name": "Lajkovići" },
        { "city_name": "Lagatori" },
        { "city_name": "Vladni" },
        { "city_name": "Farmaci" },
        { "city_name": "Beri" },
        { "city_name": "Desni Meteh" },
        { "city_name": "Sustaš" },
        { "city_name": "Dinoša" }
      ]
    },
    {
      "province_name": "Nikšić",
      "cities": [
        { "city_name": "Nikšić" },
        { "city_name": "Rakonje" },
        { "city_name": "Kosić" },
        { "city_name": "Donji Mileš" },
        { "city_name": "Zgrada" },
        { "city_name": "Sustaš" },
        { "city_name": "Berislavci" },
        { "city_name": "Lajkovići" },
        { "city_name": "Lagatori" },
        { "city_name": "Vladni" },
        { "city_name": "Farmaci" },
        { "city_name": "Beri" },
        { "city_name": "Desni Meteh" },
        { "city_name": "Sustaš" },
        { "city_name": "Dinoša" }
      ]
    },
    {
      "province_name": "Ulcinj",
      "cities": [
        { "city_name": "Ulcinj" },
        { "city_name": "Šušanj" },
        { "city_name": "Stari Bar" },
        { "city_name": "Sutomore" },
        { "city_name": "Šušanj" },
        { "city_name": "Stari Bar" },
        { "city_name": "Sutomore" }
      ]
    },
    {
      "province_name": "Herceg Novi",
      "cities": [
        { "city_name": "Herceg Novi" },
        { "city_name": "Igalo" },
        { "city_name": "Bijela" },
        { "city_name": "Zelenika" },
        { "city_name": "Kumbor" },
        { "city_name": "Đenovići" },
        { "city_name": "Baošići" },
        { "city_name": "Kuti" },
        { "city_name": "Prijevor" },
        { "city_name": "Podi" },
        { "city_name": "Mahala" },
        { "city_name": "Tomba" },
        { "city_name": "Đenovići" },
        { "city_name": "Baošići" },
        { "city_name": "Kuti" },
        { "city_name": "Prijevor" },
        { "city_name": "Podi" },
        { "city_name": "Mahala" }
      ]
    },
    {
      "province_name": "Pljevlja",
      "cities": [
        { "city_name": "Pljevlja" },
        { "city_name": "Šula" },
        { "city_name": "Gradac" },
        { "city_name": "Gradina" },
        { "city_name": "Gradina" },
        { "city_name": "Gradina" }
      ]
    },
    {
      "province_name": "Budva",
      "cities": [
        { "city_name": "Budva" },
        { "city_name": "Bečići" },
        { "city_name": "Petrovac na Moru" },
        { "city_name": "Sveti Stefan" },
        { "city_name": "Pržno" },
        { "city_name": "Podostrog" },
        { "city_name": "Zagrađe" },
        { "city_name": "Podostrog" },
        { "city_name": "Zagrađe" }
      ]
    },
    {
      "province_name": "Bar",
      "cities": [
        { "city_name": "Bar" },
        { "city_name": "Šušanj" },
        { "city_name": "Stari Bar" },
        { "city_name": "Sutomore" },
        { "city_name": "Šušanj" },
        { "city_name": "Stari Bar" },
        { "city_name": "Sutomore" }
      ]
    },
    {
      "province_name": "Plav",
      "cities": [
        { "city_name": "Plav" },
        { "city_name": "Gusinje" },
        { "city_name": "Murino" },
        { "city_name": "Murino" }
      ]
    },
    {
      "province_name": "Rožaje",
      "cities": [{ "city_name": "Rožaje" }, { "city_name": "Rožaje" }]
    },
    {
      "province_name": "Kotor",
      "cities": [
        { "city_name": "Kotor" },
        { "city_name": "Donji Stoliv" },
        { "city_name": "Donji Orahovac" },
        { "city_name": "Donji Morinj" },
        { "city_name": "Donji Stoliv" },
        { "city_name": "Donji Orahovac" },
        { "city_name": "Donji Morinj" }
      ]
    },
    {
      "province_name": "Bijelo Polje",
      "cities": [
        { "city_name": "Bijelo Polje" },
        { "city_name": "Bijelo Polje" }
      ]
    },
    {
      "province_name": "Cetinje",
      "cities": [{ "city_name": "Cetinje" }, { "city_name": "Cetinje" }]
    },
    {
      "province_name": "Berane",
      "cities": [{ "city_name": "Berane" }, { "city_name": "Berane" }]
    },
    {
      "province_name": "Tivat",
      "cities": [
        { "city_name": "Tivat" },
        { "city_name": "Donja Lastva" },
        { "city_name": "Donja Lastva" }
      ]
    },
    {
      "province_name": "Petnjica",
      "cities": [{ "city_name": "Petnjica" }, { "city_name": "Petnjica" }]
    },
    {
      "province_name": "Danilovgrad",
      "cities": [{ "city_name": "Danilovgrad" }, { "city_name": "Danilovgrad" }]
    },
    {
      "province_name": "Mojkovac",
      "cities": [{ "city_name": "Mojkovac" }, { "city_name": "Mojkovac" }]
    },
    {
      "province_name": "Kolašin",
      "cities": [{ "city_name": "Kolašin" }, { "city_name": "Kolašin" }]
    },
    {
      "province_name": "Šavnik",
      "cities": [{ "city_name": "Šavnik" }, { "city_name": "Šavnik" }]
    },
    {
      "province_name": "Plužine",
      "cities": [{ "city_name": "Plužine" }, { "city_name": "Plužine" }]
    },
    {
      "province_name": "Andrijevica",
      "cities": [{ "city_name": "Andrijevica" }, { "city_name": "Andrijevica" }]
    },
    {
      "province_name": "Gusinje",
      "cities": [{ "city_name": "Gusinje" }, { "city_name": "Gusinje" }]
    }
  ]
}
