{
  "country_name": "Turkmenistan",
  "country_id": "TM",
  "provinces": [
    {
      "province_name": "Balkan",
      "cities": [
        { "city_name": "Balkanabat" },
        { "city_name": "Türkmenbaşy" },
        { "city_name": "Hazar" },
        { "city_name": "Bereket" },
        { "city_name": "Garabogaz" },
        { "city_name": "Gumdag" },
        { "city_name": "Magtymguly" }
      ]
    },
    {
      "province_name": "Ahal",
      "cities": [
        { "city_name": "Baharly District" },
        { "city_name": "Änew" },
        { "city_name": "Tejen" },
        { "city_name": "Abadan" },
        { "city_name": "Kaka" },
        { "city_name": "Baharly" },
        { "city_name": "Gökdepe" },
        { "city_name": "Sarahs" },
        { "city_name": "Babadaýhan" },
        { "city_name": "Shatlyk" },
        { "city_name": "Galkynyş" },
        { "city_name": "Nyyazow" }
      ]
    },
    {
      "province_name": "Ashgabat",
      "cities": [{ "city_name": "Ashgabat" }]
    },
    {
      "province_name": "Dasoguz Welayaty",
      "cities": [
        { "city_name": "Daşoguz" },
        { "city_name": "Köneürgench" },
        { "city_name": "Akdepe" },
        { "city_name": "Gazojak" },
        { "city_name": "Gyzylgaya" },
        { "city_name": "Takhta-Bazar" }
      ]
    },
    {
      "province_name": "Mary",
      "cities": [
        { "city_name": "Tagtabazar Etrap" },
        { "city_name": "Gusgy Etrap" },
        { "city_name": "Mary" },
        { "city_name": "Bayramaly" },
        { "city_name": "Yolöten" },
        { "city_name": "Murgap" },
        { "city_name": "Serhetabat" },
        { "city_name": "Sakarchäge" }
      ]
    },
    {
      "province_name": "Lebap",
      "cities": [
        { "city_name": "Türkmenabat" },
        { "city_name": "Gazojak" },
        { "city_name": "Seydi" },
        { "city_name": "Farap" },
        { "city_name": "Hojambaz" },
        { "city_name": "Darganata" },
        { "city_name": "Halaç" },
        { "city_name": "Amyderýa" }
      ]
    }
  ]
}
