{
  "country_name": "Barbados",
  "country_id": "BB",
  "provinces": [
    {
      "province_name": "Saint Thomas",
      "cities": [{ "city_name": "Bridgetown" }]
    },
    {
      "province_name": "Saint Philip",
      "cities": [
        { "city_name": "Oistins" },
        { "city_name": "Pine Housing Estate" },
        { "city_name": "Friendship Terrace" },
        { "city_name": "Green Hill" }
      ]
    },
    {
      "province_name": "Saint Peter",
      "cities": [{ "city_name": "Speightstown" }]
    },
    {
      "province_name": "Saint Michael",
      "cities": [
        { "city_name": "Bridgetown" },
        { "city_name": "Black Rock" },
        { "city_name": "Waterford" },
        { "city_name": "Haggatt Hall" },
        { "city_name": "Jackmans" },
        { "city_name": "Rouen" },
        { "city_name": "Rock Dundo" },
        { "city_name": "Jackson" },
        { "city_name": "Wanstead" },
        { "city_name": "Kent" },
        { "city_name": "Dayrells" },
        { "city_name": "Lower Birneys" },
        { "city_name": "Mapp Hill" },
        { "city_name": "Lazaretto" },
        { "city_name": "Warrens" },
        { "city_name": "Clermont" },
        { "city_name": "Bournes" },
        { "city_name": "Lancaster" },
        { "city_name": "Porters" },
        { "city_name": "Upper Carlton" },
        { "city_name": "Sandy Lane" },
        { "city_name": "Husbands" },
        { "city_name": "Thorpes" },
        { "city_name": "Greenwich" },
        { "city_name": "Fitts" },
        { "city_name": "Trents" },
        { "city_name": "Hoytes" },
        { "city_name": "Blowers" },
        { "city_name": "Prospect" },
        { "city_name": "Haynesville" },
        { "city_name": "Deanes" },
        { "city_name": "Halls" },
        { "city_name": "Folkestone Park" },
        { "city_name": "Mount Standfast" },
        { "city_name": "The Garden" },
        { "city_name": "Durants" },
        { "city_name": "Holders Hill" },
        { "city_name": "Lower Carlton" },
        { "city_name": "Seaview" },
        { "city_name": "Green Garden" },
        { "city_name": "Ealing Grove" },
        { "city_name": "Fairview" },
        { "city_name": "Bannatyne" },
        { "city_name": "Pilgrim Place" },
        { "city_name": "Providence" },
        { "city_name": "Parish Land" },
        { "city_name": "Fairy Valley" },
        { "city_name": "Packers" },
        { "city_name": "Below Rock" },
        { "city_name": "Edey" },
        { "city_name": "Hopewell" },
        { "city_name": "Ridge" },
        { "city_name": "Round Rock" },
        { "city_name": "Lowland" },
        { "city_name": "Pilgrim Road" },
        { "city_name": "Chancery Lane" },
        { "city_name": "Staple Grove" },
        { "city_name": "Silver Sands" },
        { "city_name": "Sion Hill" },
        { "city_name": "Coverley" },
        { "city_name": "Boarded Hall" },
        { "city_name": "Hannays Tenantry" },
        { "city_name": "Atlantic Shores" },
        { "city_name": "Charnocks" },
        { "city_name": "Lead Vale" },
        { "city_name": "Gibbons" },
        { "city_name": "Briggs" },
        { "city_name": "Searles" },
        { "city_name": "Wilcox" },
        { "city_name": "Skeenes Hill" },
        { "city_name": "Paragon" },
        { "city_name": "Goodland" },
        { "city_name": "Sayes Court" },
        { "city_name": "Enterprise" },
        { "city_name": "Ealing Park" },
        { "city_name": "Fairy Valley Rock" },
        { "city_name": "St. Patricks" },
        { "city_name": "Walronds" }
      ]
    },
    {
      "province_name": "Saint Lucy",
      "cities": [{ "city_name": "Black Rock" }]
    },
    {
      "province_name": "Saint Joseph",
      "cities": [{ "city_name": "Belle" }, { "city_name": "Green Hill" }]
    },
    {
      "province_name": "Saint John",
      "cities": [{ "city_name": "Waterford" }]
    },
    {
      "province_name": "Saint James",
      "cities": [
        { "city_name": "Holetown" },
        { "city_name": "Sandy Lane" },
        { "city_name": "Porters" }
      ]
    },
    {
      "province_name": "Saint George",
      "cities": [{ "city_name": "Haggatt Hall" }]
    },
    {
      "province_name": "Saint Andrew",
      "cities": [{ "city_name": "The Garden" }]
    },
    {
      "province_name": "Christ Church",
      "cities": [
        { "city_name": "Oistins" },
        { "city_name": "Neils" },
        { "city_name": "Seaview" }
      ]
    }
  ]
}
