{
  "country_name": "Netherlands",
  "country_id": "NL",
  "provinces": [
    {
      "province_name": "Provincie Zuid-Holland",
      "cities": [
        {
          "city_name": "Gemeente Zwijndrecht"
        },
        {
          "city_name": "Gemeente Zoeterwoude"
        },
        {
          "city_name": "Gemeente Zoetermeer"
        },
        {
          "city_name": "Gemeente Westvoorne"
        },
        {
          "city_name": "Gemeente Wassenaar"
        },
        {
          "city_name": "Gemeente Waddinxveen"
        },
        {
          "city_name": "Gemeente Voorschoten"
        },
        {
          "city_name": "Gemeente Vlaardingen"
        },
        {
          "city_name": "Gemeente Strijen"
        },
        {
          "city_name": "Gemeente Sliedrecht"
        },
        {
          "city_name": "Gemeente Den Haag"
        },
        {
          "city_name": "Gemeente Schiedam"
        },
        {
          "city_name": "Gemeente Rotterdam"
        },
        {
          "city_name": "Gemeente Rijswijk"
        },
        {
          "city_name": "Gemeente Ridderkerk"
        },
        {
          "city_name": "Gemeente Papendrecht"
        },
        {
          "city_name": "Gemeente Oud-Beijerland"
        },
        {
          "city_name": "Gemeente Oegstgeest"
        },
        {
          "city_name": "Gemeente Noordwijkerhout"
        },
        {
          "city_name": "Gemeente Noordwijk"
        },
        {
          "city_name": "Gemeente Nieuwkoop"
        },
        {
          "city_name": "Gemeente Maassluis"
        },
        {
          "city_name": "Gemeente Lisse"
        },
        {
          "city_name": "Gemeente Leiderdorp"
        },
        {
          "city_name": "Gemeente Leiden"
        },
        {
          "city_name": "Gemeente Leerdam"
        },
        {
          "city_name": "Gemeente Krimpen aan den IJssel"
        },
        {
          "city_name": "Gemeente Katwijk"
        },
        {
          "city_name": "Gemeente Hillegom"
        },
        {
          "city_name": "Gemeente Hendrik-Ido-Ambacht"
        },
        {
          "city_name": "Gemeente Hellevoetsluis"
        },
        {
          "city_name": "Gemeente Hardinxveld-Giessendam"
        },
        {
          "city_name": "Gemeente Gouda"
        },
        {
          "city_name": "Gemeente Gorinchem"
        },
        {
          "city_name": "Gemeente Dordrecht"
        },
        {
          "city_name": "Gemeente Delft"
        },
        {
          "city_name": "Gemeente Capelle aan den IJssel"
        },
        {
          "city_name": "Gemeente Brielle"
        },
        {
          "city_name": "Gemeente Barendrecht"
        },
        {
          "city_name": "Gemeente Alphen aan den Rijn"
        },
        {
          "city_name": "Gemeente Alblasserdam"
        },
        {
          "city_name": "Gemeente Pijnacker-Nootdorp"
        },
        {
          "city_name": "Gemeente Kaag en Braassem"
        },
        {
          "city_name": "Gemeente Giessenlanden"
        },
        {
          "city_name": "Gemeente Binnenmaas"
        },
        {
          "city_name": "Gemeente Albrandswaard"
        },
        {
          "city_name": "Gemeente Leidschendam-Voorburg"
        },
        {
          "city_name": "Gemeente Westland"
        },
        {
          "city_name": "Gemeente Midden-Delfland"
        },
        {
          "city_name": "Gemeente Zederik"
        },
        {
          "city_name": "Gemeente Cromstrijen"
        },
        {
          "city_name": "Gemeente Lansingerland"
        },
        {
          "city_name": "Gemeente Teylingen"
        },
        {
          "city_name": "Gemeente Korendijk"
        },
        {
          "city_name": "Gemeente Zuidplas"
        },
        {
          "city_name": "Bodegraven-Reeuwijk"
        },
        {
          "city_name": "Gemeente Goeree-Overflakkee"
        },
        {
          "city_name": "Molenwaard"
        },
        {
          "city_name": "Krimpenerwaard"
        },
        {
          "city_name": "Nissewaard"
        }
      ]
    },
    {
      "province_name": "Provincie Zeeland",
      "cities": [
        {
          "city_name": "Gemeente Vlissingen"
        },
        {
          "city_name": "Gemeente Veere"
        },
        {
          "city_name": "Gemeente Tholen"
        },
        {
          "city_name": "Gemeente Terneuzen"
        },
        {
          "city_name": "Gemeente Sluis"
        },
        {
          "city_name": "Gemeente Reimerswaal"
        },
        {
          "city_name": "Gemeente Middelburg"
        },
        {
          "city_name": "Gemeente Kapelle"
        },
        {
          "city_name": "Gemeente Hulst"
        },
        {
          "city_name": "Gemeente Goes"
        },
        {
          "city_name": "Gemeente Borsele"
        },
        {
          "city_name": "Schouwen-Duiveland"
        },
        {
          "city_name": "Gemeente Noord-Beveland"
        }
      ]
    },
    {
      "province_name": "Provincie Utrecht",
      "cities": [
        {
          "city_name": "Gemeente Zeist"
        },
        {
          "city_name": "Gemeente Woudenberg"
        },
        {
          "city_name": "Gemeente Woerden"
        },
        {
          "city_name": "Gemeente Wijk bij Duurstede"
        },
        {
          "city_name": "Gemeente Vianen"
        },
        {
          "city_name": "Gemeente Veenendaal"
        },
        {
          "city_name": "Gemeente Utrecht"
        },
        {
          "city_name": "Gemeente Soest"
        },
        {
          "city_name": "Gemeente Rhenen"
        },
        {
          "city_name": "Gemeente Renswoude"
        },
        {
          "city_name": "Gemeente Oudewater"
        },
        {
          "city_name": "Gemeente Nieuwegein"
        },
        {
          "city_name": "Gemeente Montfoort"
        },
        {
          "city_name": "Gemeente Lopik"
        },
        {
          "city_name": "Gemeente Leusden"
        },
        {
          "city_name": "Gemeente IJsselstein"
        },
        {
          "city_name": "Gemeente Houten"
        },
        {
          "city_name": "Gemeente Eemnes"
        },
        {
          "city_name": "Gemeente Utrechtse Heuvelrug"
        },
        {
          "city_name": "Gemeente De Bilt"
        },
        {
          "city_name": "Gemeente Bunschoten"
        },
        {
          "city_name": "Gemeente Bunnik"
        },
        {
          "city_name": "Gemeente Baarn"
        },
        {
          "city_name": "Gemeente Amersfoort"
        },
        {
          "city_name": "Gemeente De Ronde Venen"
        },
        {
          "city_name": "Stichtse Vecht"
        }
      ]
    },
    {
      "province_name": "Provincie Overijssel",
      "cities": [
        {
          "city_name": "Gemeente Zwolle"
        },
        {
          "city_name": "Gemeente Wierden"
        },
        {
          "city_name": "Gemeente Tubbergen"
        },
        {
          "city_name": "Gemeente Staphorst"
        },
        {
          "city_name": "Gemeente Raalte"
        },
        {
          "city_name": "Gemeente Ommen"
        },
        {
          "city_name": "Gemeente Oldenzaal"
        },
        {
          "city_name": "Gemeente Losser"
        },
        {
          "city_name": "Gemeente Kampen"
        },
        {
          "city_name": "Gemeente Hengelo"
        },
        {
          "city_name": "Gemeente Hellendoorn"
        },
        {
          "city_name": "Gemeente Hardenberg"
        },
        {
          "city_name": "Gemeente Haaksbergen"
        },
        {
          "city_name": "Gemeente Enschede"
        },
        {
          "city_name": "Gemeente Deventer"
        },
        {
          "city_name": "Gemeente Dalfsen"
        },
        {
          "city_name": "Gemeente Borne"
        },
        {
          "city_name": "Gemeente Almelo"
        },
        {
          "city_name": "Gemeente Rijssen-Holten"
        },
        {
          "city_name": "Gemeente Steenwijkerland"
        },
        {
          "city_name": "Gemeente Twenterand"
        },
        {
          "city_name": "Gemeente Olst-Wijhe"
        },
        {
          "city_name": "Gemeente Zwartewaterland"
        },
        {
          "city_name": "Gemeente Dinkelland"
        },
        {
          "city_name": "Gemeente Hof van Twente"
        }
      ]
    },
    {
      "province_name": "Provincie Noord-Holland",
      "cities": [
        {
          "city_name": "Gemeente Zandvoort"
        },
        {
          "city_name": "Gemeente Zaanstad"
        },
        {
          "city_name": "Gemeente Weesp"
        },
        {
          "city_name": "Gemeente Velsen"
        },
        {
          "city_name": "Gemeente Uithoorn"
        },
        {
          "city_name": "Gemeente Uitgeest"
        },
        {
          "city_name": "Gemeente Texel"
        },
        {
          "city_name": "Gemeente Schagen"
        },
        {
          "city_name": "Gemeente Purmerend"
        },
        {
          "city_name": "Gemeente Ouder-Amstel"
        },
        {
          "city_name": "Gemeente Opmeer"
        },
        {
          "city_name": "Gemeente Oostzaan"
        },
        {
          "city_name": "Gemeente Medemblik"
        },
        {
          "city_name": "Gemeente Laren"
        },
        {
          "city_name": "Gemeente Langedijk"
        },
        {
          "city_name": "Gemeente Landsmeer"
        },
        {
          "city_name": "Gemeente Huizen"
        },
        {
          "city_name": "Gemeente Hoorn"
        },
        {
          "city_name": "Gemeente Hilversum"
        },
        {
          "city_name": "Gemeente Heiloo"
        },
        {
          "city_name": "Gemeente Heerhugowaard"
        },
        {
          "city_name": "Gemeente Heemstede"
        },
        {
          "city_name": "Gemeente Heemskerk"
        },
        {
          "city_name": "Gemeente Haarlemmermeer"
        },
        {
          "city_name": "Gemeente Haarlemmerliede en Spaarnwoude"
        },
        {
          "city_name": "Gemeente Haarlem"
        },
        {
          "city_name": "Gemeente Enkhuizen"
        },
        {
          "city_name": "Gemeente Edam-Volendam"
        },
        {
          "city_name": "Gemeente Diemen"
        },
        {
          "city_name": "Gemeente Den Helder"
        },
        {
          "city_name": "Gemeente Castricum"
        },
        {
          "city_name": "Gemeente Waterland"
        },
        {
          "city_name": "Gemeente Bloemendaal"
        },
        {
          "city_name": "Gemeente Blaricum"
        },
        {
          "city_name": "Gemeente Beverwijk"
        },
        {
          "city_name": "Gemeente Bergen"
        },
        {
          "city_name": "Gemeente Beemster"
        },
        {
          "city_name": "Gemeente Amsterdam"
        },
        {
          "city_name": "Gemeente Amstelveen"
        },
        {
          "city_name": "Gemeente Alkmaar"
        },
        {
          "city_name": "Gemeente Aalsmeer"
        },
        {
          "city_name": "Gemeente Wijdemeren"
        },
        {
          "city_name": "Gemeente Koggenland"
        },
        {
          "city_name": "Gemeente Stede Broec"
        },
        {
          "city_name": "Gemeente Drechterland"
        },
        {
          "city_name": "Gemeente Wormerland"
        },
        {
          "city_name": "Gemeente Hollands Kroon"
        },
        {
          "city_name": "Gooise Meren"
        }
      ]
    },
    {
      "province_name": "Provincie Noord-Brabant",
      "cities": [
        {
          "city_name": "Gemeente Zundert"
        },
        {
          "city_name": "Gemeente Woudrichem"
        },
        {
          "city_name": "Gemeente Woensdrecht"
        },
        {
          "city_name": "Gemeente Werkendam"
        },
        {
          "city_name": "Gemeente Waalwijk"
        },
        {
          "city_name": "Gemeente Waalre"
        },
        {
          "city_name": "Gemeente Vught"
        },
        {
          "city_name": "Gemeente Veldhoven"
        },
        {
          "city_name": "Gemeente Valkenswaard"
        },
        {
          "city_name": "Gemeente Uden"
        },
        {
          "city_name": "Gemeente Tilburg"
        },
        {
          "city_name": "Gemeente Steenbergen"
        },
        {
          "city_name": "Gemeente Son en Breugel"
        },
        {
          "city_name": "Gemeente Someren"
        },
        {
          "city_name": "Gemeente Sint-Michielsgestel"
        },
        {
          "city_name": "Gemeente 's-Hertogenbosch"
        },
        {
          "city_name": "Gemeente Rucphen"
        },
        {
          "city_name": "Roosendaal"
        },
        {
          "city_name": "Gemeente Oss"
        },
        {
          "city_name": "Gemeente Sint Anthonis"
        },
        {
          "city_name": "Gemeente Oosterhout"
        },
        {
          "city_name": "Gemeente Oisterwijk"
        },
        {
          "city_name": "Gemeente Oirschot"
        },
        {
          "city_name": "Gemeente Nuenen, Gerwen en Nederwetten"
        },
        {
          "city_name": "Gemeente Mill en Sint Hubert"
        },
        {
          "city_name": "Gemeente Drimmelen"
        },
        {
          "city_name": "Gemeente Loon op Zand"
        },
        {
          "city_name": "Gemeente Hilvarenbeek"
        },
        {
          "city_name": "Gemeente Heusden"
        },
        {
          "city_name": "Gemeente Helmond"
        },
        {
          "city_name": "Gemeente Haaren"
        },
        {
          "city_name": "Gemeente Grave"
        },
        {
          "city_name": "Gemeente Goirle"
        },
        {
          "city_name": "Gemeente Gilze en Rijen"
        },
        {
          "city_name": "Gemeente Geertruidenberg"
        },
        {
          "city_name": "Gemeente Etten-Leur"
        },
        {
          "city_name": "Gemeente Eindhoven"
        },
        {
          "city_name": "Gemeente Eersel"
        },
        {
          "city_name": "Gemeente Dongen"
        },
        {
          "city_name": "Gemeente Deurne"
        },
        {
          "city_name": "Gemeente Cuijk"
        },
        {
          "city_name": "Gemeente Breda"
        },
        {
          "city_name": "Gemeente Boxtel"
        },
        {
          "city_name": "Gemeente Boxmeer"
        },
        {
          "city_name": "Gemeente Boekel"
        },
        {
          "city_name": "Gemeente Bladel"
        },
        {
          "city_name": "Gemeente Best"
        },
        {
          "city_name": "Bergeijk"
        },
        {
          "city_name": "Gemeente Bergen op Zoom"
        },
        {
          "city_name": "Gemeente Baarle-Nassau"
        },
        {
          "city_name": "Gemeente Asten"
        },
        {
          "city_name": "Gemeente Aalburg"
        },
        {
          "city_name": "Gemeente Moerdijk"
        },
        {
          "city_name": "Gemeente Geldrop-Mierlo"
        },
        {
          "city_name": "Gemeente Alphen-Chaam"
        },
        {
          "city_name": "Gemeente Laarbeek"
        },
        {
          "city_name": "Gemeente Bernheze"
        },
        {
          "city_name": "Gemeente Halderberge"
        },
        {
          "city_name": "Gemeente Heeze-Leende"
        },
        {
          "city_name": "Gemeente Gemert-Bakel"
        },
        {
          "city_name": "Gemeente Reusel-De Mierden"
        },
        {
          "city_name": "Gemeente Cranendonck"
        },
        {
          "city_name": "Gemeente Landerd"
        },
        {
          "city_name": "Meierijstad"
        }
      ]
    },
    {
      "province_name": "Provincie Limburg",
      "cities": [
        {
          "city_name": "Gemeente Weert"
        },
        {
          "city_name": "Gemeente Voerendaal"
        },
        {
          "city_name": "Gemeente Venray"
        },
        {
          "city_name": "Gemeente Venlo"
        },
        {
          "city_name": "Gemeente Vaals"
        },
        {
          "city_name": "Gemeente Stein"
        },
        {
          "city_name": "Gemeente Simpelveld"
        },
        {
          "city_name": "Gemeente Schinnen"
        },
        {
          "city_name": "Gemeente Roermond"
        },
        {
          "city_name": "Gemeente Nuth"
        },
        {
          "city_name": "Gemeente Nederweert"
        },
        {
          "city_name": "Gemeente Mook en Middelaar"
        },
        {
          "city_name": "Gemeente Meerssen"
        },
        {
          "city_name": "Gemeente Maastricht"
        },
        {
          "city_name": "Gemeente Kerkrade"
        },
        {
          "city_name": "Gemeente Heerlen"
        },
        {
          "city_name": "Gemeente Gennep"
        },
        {
          "city_name": "Gemeente Echt-Susteren"
        },
        {
          "city_name": "Gemeente Brunssum"
        },
        {
          "city_name": "Gemeente Bergen"
        },
        {
          "city_name": "Gemeente Beesel"
        },
        {
          "city_name": "Gemeente Beek"
        },
        {
          "city_name": "Gulpen-Wittem"
        },
        {
          "city_name": "Gemeente Leudal"
        },
        {
          "city_name": "Gemeente Horst aan de Maas"
        },
        {
          "city_name": "Gemeente Maasgouw"
        },
        {
          "city_name": "Gemeente Sittard-Geleen"
        },
        {
          "city_name": "Landgraaf"
        },
        {
          "city_name": "Gemeente Roerdalen"
        },
        {
          "city_name": "Gemeente Onderbanken"
        },
        {
          "city_name": "Valkenburg aan de Geul"
        },
        {
          "city_name": "Gemeente Peel en Maas"
        },
        {
          "city_name": "Eijsden-Margraten"
        }
      ]
    },
    {
      "province_name": "Provincie Groningen",
      "cities": [
        {
          "city_name": "Gemeente Zuidhorn"
        },
        {
          "city_name": "Gemeente Winsum"
        },
        {
          "city_name": "Gemeente Vlagtwedde"
        },
        {
          "city_name": "Gemeente Veendam"
        },
        {
          "city_name": "Gemeente Ten Boer"
        },
        {
          "city_name": "Gemeente Stadskanaal"
        },
        {
          "city_name": "Gemeente Slochteren"
        },
        {
          "city_name": "Gemeente Marum"
        },
        {
          "city_name": "Gemeente Loppersum"
        },
        {
          "city_name": "Gemeente Leek"
        },
        {
          "city_name": "Gemeente Hoogezand-Sappemeer"
        },
        {
          "city_name": "Gemeente Haren"
        },
        {
          "city_name": "Gemeente Grootegast"
        },
        {
          "city_name": "Gemeente Groningen"
        },
        {
          "city_name": "Gemeente Delfzijl"
        },
        {
          "city_name": "Gemeente Bellingwedde"
        },
        {
          "city_name": "Gemeente Bedum"
        },
        {
          "city_name": "Gemeente Appingedam"
        },
        {
          "city_name": "Gemeente De Marne"
        },
        {
          "city_name": "Gemeente Menterwolde"
        },
        {
          "city_name": "Gemeente Pekela"
        },
        {
          "city_name": "Gemeente Eemsmond"
        },
        {
          "city_name": "Gemeente  Oldambt"
        }
      ]
    },
    {
      "province_name": "Provincie Gelderland",
      "cities": [
        {
          "city_name": "Gemeente Zutphen"
        },
        {
          "city_name": "Gemeente Zevenaar"
        },
        {
          "city_name": "Gemeente Zaltbommel"
        },
        {
          "city_name": "Gemeente Winterswijk"
        },
        {
          "city_name": "Gemeente Wijchen"
        },
        {
          "city_name": "Gemeente Westervoort"
        },
        {
          "city_name": "Gemeente Wageningen"
        },
        {
          "city_name": "Gemeente Voorst"
        },
        {
          "city_name": "Gemeente Tiel"
        },
        {
          "city_name": "Gemeente Scherpenzeel"
        },
        {
          "city_name": "Gemeente Rozendaal"
        },
        {
          "city_name": "Gemeente Rheden"
        },
        {
          "city_name": "Gemeente Renkum"
        },
        {
          "city_name": "Gemeente Putten"
        },
        {
          "city_name": "Gemeente Oldebroek"
        },
        {
          "city_name": "Gemeente Nunspeet"
        },
        {
          "city_name": "Gemeente Nijmegen"
        },
        {
          "city_name": "Gemeente Nijkerk"
        },
        {
          "city_name": "Gemeente Maasdriel"
        },
        {
          "city_name": "Gemeente Lochem"
        },
        {
          "city_name": "Gemeente Heumen"
        },
        {
          "city_name": "Gemeente Heerde"
        },
        {
          "city_name": "Gemeente Hattem"
        },
        {
          "city_name": "Gemeente Harderwijk"
        },
        {
          "city_name": "Gemeente Berg en Dal"
        },
        {
          "city_name": "Gemeente Geldermalsen"
        },
        {
          "city_name": "Gemeente Ermelo"
        },
        {
          "city_name": "Gemeente Epe"
        },
        {
          "city_name": "Gemeente Elburg"
        },
        {
          "city_name": "Gemeente Ede"
        },
        {
          "city_name": "Gemeente Duiven"
        },
        {
          "city_name": "Gemeente Druten"
        },
        {
          "city_name": "Gemeente Doetinchem"
        },
        {
          "city_name": "Gemeente Doesburg"
        },
        {
          "city_name": "Gemeente Culemborg"
        },
        {
          "city_name": "Gemeente Buren"
        },
        {
          "city_name": "Gemeente Brummen"
        },
        {
          "city_name": "Gemeente Beuningen"
        },
        {
          "city_name": "Gemeente Barneveld"
        },
        {
          "city_name": "Gemeente Arnhem"
        },
        {
          "city_name": "Gemeente Apeldoorn"
        },
        {
          "city_name": "Gemeente Aalten"
        },
        {
          "city_name": "Oude IJsselstreek"
        },
        {
          "city_name": "Oost Gelre"
        },
        {
          "city_name": "Gemeente Lingewaard"
        },
        {
          "city_name": "Gemeente Lingewaal"
        },
        {
          "city_name": "Gemeente Montferland"
        },
        {
          "city_name": "Gemeente West Maas en Waal"
        },
        {
          "city_name": "Gemeente Neder-Betuwe"
        },
        {
          "city_name": "Gemeente Rijnwaarden"
        },
        {
          "city_name": "Gemeente Overbetuwe"
        },
        {
          "city_name": "Berkelland"
        },
        {
          "city_name": "Gemeente Bronckhorst"
        },
        {
          "city_name": "Gemeente Neerijnen"
        }
      ]
    },
    {
      "province_name": "Provincie Friesland",
      "cities": [
        {
          "city_name": "Gemeente Weststellingwerf"
        },
        {
          "city_name": "Gemeente Vlieland"
        },
        {
          "city_name": "Gemeente Terschelling"
        },
        {
          "city_name": "Gemeente Smallingerland"
        },
        {
          "city_name": "Gemeente Schiermonnikoog"
        },
        {
          "city_name": "Gemeente Opsterland"
        },
        {
          "city_name": "Gemeente Ooststellingwerf"
        },
        {
          "city_name": "Gemeente Dongeradeel"
        },
        {
          "city_name": "Gemeente Leeuwarderadeel"
        },
        {
          "city_name": "Gemeente Leeuwarden"
        },
        {
          "city_name": "Gemeente Kollumerland en Nieuwkruisland"
        },
        {
          "city_name": "Gemeente Het Bildt"
        },
        {
          "city_name": "Gemeente Heerenveen"
        },
        {
          "city_name": "Gemeente Harlingen"
        },
        {
          "city_name": "Gemeente Franekeradeel"
        },
        {
          "city_name": "Gemeente Ferwerderadiel"
        },
        {
          "city_name": "Gemeente Dantumadiel"
        },
        {
          "city_name": "Gemeente Ameland"
        },
        {
          "city_name": "Gemeente Achtkarspelen"
        },
        {
          "city_name": "Gemeente Littenseradiel"
        },
        {
          "city_name": "Gemeente Tytsjerksteradiel"
        },
        {
          "city_name": "Menameradiel"
        },
        {
          "city_name": "Sudwest Fryslan"
        },
        {
          "city_name": "De Fryske Marren"
        }
      ]
    },
    {
      "province_name": "Provincie Drenthe",
      "cities": [
        {
          "city_name": "Gemeente Meppel"
        },
        {
          "city_name": "Gemeente Hoogeveen"
        },
        {
          "city_name": "Gemeente Emmen"
        },
        {
          "city_name": "Gemeente Coevorden"
        },
        {
          "city_name": "Gemeente Borger-Odoorn"
        },
        {
          "city_name": "Gemeente Assen"
        },
        {
          "city_name": "Gemeente De Wolden"
        },
        {
          "city_name": "Gemeente Westerveld"
        },
        {
          "city_name": "Gemeente Tynaarlo"
        },
        {
          "city_name": "Gemeente Noordenveld"
        },
        {
          "city_name": "Gemeente Aa en Hunze"
        },
        {
          "city_name": "Gemeente Midden-Drenthe"
        }
      ]
    },
    {
      "province_name": "Provincie Flevoland",
      "cities": [
        {
          "city_name": "Gemeente Zeewolde"
        },
        {
          "city_name": "Gemeente Urk"
        },
        {
          "city_name": "Gemeente Noordoostpolder"
        },
        {
          "city_name": "Gemeente Lelystad"
        },
        {
          "city_name": "Gemeente Dronten"
        },
        {
          "city_name": "Gemeente Almere"
        }
      ]
    }
  ]
}
