{
  "country_name": "Singapore",
  "country_id": "SG",
  "provinces": [
    {
      "province_name": "Central Singapore Community Development Council",
      "cities": [
        { "city_name": "Singapore" },
        { "city_name": "Kampong Serangoon Kechil" },
        { "city_name": "Jalan Kayu" },
        { "city_name": "Bukit Sembawang Estate" },
        { "city_name": "Keat Hong Village" },
        { "city_name": "Kampong Cutforth" },
        { "city_name": "Matilda Estate" },
        { "city_name": "Serangoon" },
        { "city_name": "Kampong Pinang" },
        { "city_name": "Kampong Tongkang Pechah" },
        { "city_name": "Kampong Teban" },
        { "city_name": "Kampong Sungai Tengah" },
        { "city_name": "Kangkar" },
        { "city_name": "Kampong Beremban" },
        { "city_name": "Seletar Hills Estate" },
        { "city_name": "Song Hah Estate" },
        { "city_name": "Mok Peng Hiang Estate" },
        { "city_name": "Tay Keng Loon Estate" },
        { "city_name": "Somapah Serangoon" },
        { "city_name": "Kampong Sireh" },
        { "city_name": "Kampong Bukit Panjang" },
        { "city_name": "Marsiling Estate" },
        { "city_name": "Ong Lee" },
        { "city_name": "Kampong Chai Chee" },
        { "city_name": "Ulu Bedok" },
        { "city_name": "Kampong Pachitan" },
        { "city_name": "Bedok Ville" },
        { "city_name": "Kampong Ladang" },
        { "city_name": "Kampong Reteh" },
        { "city_name": "Kampong Ubi" },
        { "city_name": "Kampong Wak Hassan" },
        { "city_name": "Chong Pang" },
        { "city_name": "Yio Chu Kang" },
        { "city_name": "Yio Chu Kang Estate" },
        { "city_name": "Kampong Amoy Quee" },
        { "city_name": "Kampong Lew Lian" },
        { "city_name": "Kampong Kebun Baharu" },
        { "city_name": "Saint Michael’s Estate" },
        { "city_name": "Kam Wak Hassan" },
        { "city_name": "Sungai Simpang" },
        { "city_name": "Teacher’s Housing Estate" },
        { "city_name": "Tanjong Pagar" },
        { "city_name": "Kampong Kopit" },
        { "city_name": "Saga" },
        { "city_name": "Kampong Siren" },
        { "city_name": "Nee Soon Estate" },
        { "city_name": "Kampong Pengkalan Kundor" },
        { "city_name": "Kampong Punggol" },
        { "city_name": "Punggol" },
        { "city_name": "Kampong Sungai Blukar" },
        { "city_name": "Kampong Loyang" },
        { "city_name": "Springleaf Park" },
        { "city_name": "Kampong Tebing Terjun" },
        { "city_name": "Kampong Belimbing" },
        { "city_name": "West Coast Village" },
        { "city_name": "Kampong Sungai Pandan" },
        { "city_name": "Kampong Pengkalan Petai" },
        { "city_name": "Sarang Rimau" }
      ]
    },
    {
      "province_name": "North East Community Development Region",
      "cities": [
        { "city_name": "Choa Chu Kang New Town" },
        { "city_name": "Bukit Panjang Estate" },
        { "city_name": "Woodlands New Town" },
        { "city_name": "Jurong Town" },
        { "city_name": "Bukit Panjang New Town" },
        { "city_name": "Marsiling" },
        { "city_name": "Kampong Kranji" },
        { "city_name": "Jurong West" },
        { "city_name": "Kampong Ulu Jurong" },
        { "city_name": "Boon Lay" },
        { "city_name": "Bedok New Town" },
        { "city_name": "Yew Tee" },
        { "city_name": "Yishun New Town" }
      ]
    },
    {
      "province_name": "South East Community Development Council",
      "cities": []
    },
    {
      "province_name": "South West Community Development Council",
      "cities": []
    },
    {
      "province_name": "North West Community Development Council",
      "cities": []
    }
  ]
}
