{
  "country_name": "Nauru",
  "country_id": "NR",
  "provinces": [
    {
      "province_name": "Yaren",
      "cities": [{ "city_name": "Yaren" }]
    },
    {
      "province_name": "Uaboe District"
    },
    {
      "province_name": "Nibok District"
    },
    {
      "province_name": "Meneng District",
      "cities": [{ "city_name": "Meneng Terrace" }]
    },
    {
      "province_name": "Ijuw District"
    },
    {
      "province_name": "Ewa District"
    },
    {
      "province_name": "Denigomodu District"
    },
    {
      "province_name": "Buada District"
    },
    {
      "province_name": "Boe District"
    },
    {
      "province_name": "Baiti District"
    },
    {
      "province_name": "Anibare District",
      "cities": [{ "city_name": "Ronave" }]
    },
    {
      "province_name": "Anetan District"
    },
    {
      "province_name": "Anabar District"
    },
    {
      "province_name": "Aiwo District",
      "cities": [{ "city_name": "Yangor" }]
    }
  ]
}
