[
  {
    "id": "paquet",
    "title": "Tipologia articolo",
    "isSub": true,
    "class": {
      "container": "bhwd-bg-black second-collamn",
      "buttonClass": "button-class",
      "formMainClass": "scheda-form",
      "active": "bhwd-bg-black"
    },
    "subItems": [
      {
        "title": "Massello",
        "isSub": false,
        "items": []
      },
      {
        "title": "Prefinito",
        "isSub": false,
        "items": []
      },
      {
        "title": "Laminato",
        "isSub": false,
        "items": []
      },
      {
        "title": "SPC",
        "isSub": false,
        "items": []
      },
      {
        "title": "Pavimenti da esterno",
        "isSub": false,
        "items": []
      }
    ],
    "form": [
      {
        "label": "Metri quadri effettivi",
        "type": "text",
        "name": "Metri quadri effettivi",
        "class": "",
        "placholder": ""
      },
      {
        "label": "Colorazione o essenza",
        "type": "text",
        "name": "Colorazione o essenza",
        "class": "",
        "placholder": ""
      },
      {
        "label": "Posa",
        "name": "posa",
        "type": "radio",
        "class": "posa-radios ",
        "placholder": "",
        "options": [
          {
            "label": "Si",
            "value": "si",
            "checked": false,
            "openField": true
          },
          {
            "label": "No",
            "value": "no",
            "checked": true
          }
        ]
      },
      {
        "label": "Tipo di posa flottante / a colla",
        "type": "text",
        "class": "posa-text-field change-field-condition-in-text-field",
        "disabled": true,
        "name": "Tipo di posa flottante / a colla",
        "placholder": ""
      },
      {
        "label": "Trasporto",
        "name": "trasporto",
        "type": "radio",
        "class": "trasporto-radios change-field-condition-using-radios",
        "placholder": "",
        "options": [
          {
            "label": "Si",
            "value": "si",
            "checked": false,
            "openField": true
          },
          {
            "label": "No",
            "value": "no",
            "checked": true
          }
        ]
      },
      {
        "label": "Indirizzo Completo",
        "type": "text",
        "name": "Indirizzo Completo",
        "disabled": true,
        "class": "trasporto-text-field change-field-condition-in-text-field",
        "placholder": ""
      },
      {
        "label": "Note aggiuntive",
        "type": "textarea",
        "name": "Note aggiuntive",
        "class": "",
        "placholder": ""
      }
    ]
  },
  {
    "id": "porte-interne",
    "title": "Nr porte",
    "isSub": true,
    "class": {
      "container": "bhwd-bg-black second-collamn",
      "buttonClass": "button-class",
      "formMainClass": "scheda-form",
      "active": "bhwd-bg-black"
    },
    "subItems": [
      {
        "title": "1",
        "isSub": false,
        "items": []
      },
      {
        "title": "2",
        "isSub": false,
        "items": []
      },
      {
        "title": "3",
        "isSub": false,
        "items": []
      },
      {
        "title": "4",
        "isSub": false,
        "items": []
      },
      {
        "title": "5",
        "isSub": false,
        "items": []
      },
      {
        "title": "6",
        "isSub": false,
        "items": []
      },
      {
        "title": "7",
        "isSub": false,
        "items": []
      },
      {
        "title": "8",
        "isSub": false,
        "items": []
      },
      {
        "title": "9",
        "isSub": false,
        "items": []
      },
      {
        "title": "10",
        "isSub": false,
        "items": []
      }
    ],
    "form": [
      {
        "label": "Santra or dastra",
        "type": "santraOrDastra",
        "name": "santra or dastra",
        "radiosButton": [
          {
            "label": "Santra"
          },
          {
            "label": "Dastra"
          }
        ],
        "class": "",
        "placholder": ""
      },
      {
        "label": "Larghezza",
        "name": "larghezza",
        "type": "radio",
        "class": "posa-radios ",
        "placholder": "",
        "options": [
          {
            "label": 60,
            "value": 60,
            "checked": true
          },
          {
            "label": 70,
            "value": 70,
            "checked": false
          },
          {
            "label": 80,
            "value": 80,
            "checked": false
          },
          {
            "label": 90,
            "value": 90,
            "checked": false
          },
          {
            "label": "Fuori Misura",
            "value": "Fuori Misura",
            "checked": false,
            "openField": true
          }
        ]
      },
      {
        "label": "Scrivere le dimensioni",
        "type": "text",
        "class": "larghezza change-field-condition-in-text-field",
        "disabled": true,
        "name": "Scrivere le dimensioni",
        "placholder": ""
      },
      {
        "label": "Altezza",
        "name": "altezza",
        "type": "radio",
        "class": "altezza",
        "placholder": "",
        "options": [
          {
            "label": 210,
            "value": 210,
            "checked": true
          },
          {
            "label": "Fuori Misura",
            "value": "Fuori Misura",
            "checked": false,
            "openField": true
          }
        ]
      },
      {
        "label": "Scrivere le dimensioni",
        "type": "text",
        "class": "larghezza change-field-condition-in-text-field",
        "disabled": true,
        "name": "Scrivere le dimensioni",
        "placholder": ""
      },
      {
        "label": "Maniglia",
        "name": "maniglia",
        "type": "radio",
        "class": "maniglia ",
        "placholder": "",
        "options": [
          {
            "label": "Si",
            "value": "si",
            "checked": false,
            "openField": true
          },
          {
            "label": "no",
            "value": "no",
            "checked": true
          }
        ]
      },
      {
        "label": "Nome della maniglia",
        "type": "text",
        "class": "larghezza change-field-condition-in-text-field",
        "disabled": true,
        "name": "Nome della maniglia",
        "placholder": ""
      },
      {
        "label": "Posa",
        "name": "posa",
        "type": "radio",
        "class": "posa-radios ",
        "placholder": "",
        "options": [
          {
            "label": "Si",
            "value": "si",
            "checked": false,
            "openField": true
          },
          {
            "label": "No",
            "value": "no",
            "checked": true
          }
        ]
      },
      {
        "label": "Tipo di posa flottante / a colla",
        "type": "text",
        "class": "posa-text-field change-field-condition-in-text-field",
        "disabled": true,
        "name": "Tipo di posa flottante / a colla",
        "placholder": ""
      },
      {
        "label": "Trasporto",
        "name": "trasporto",
        "type": "radio",
        "class": "trasporto-radios",
        "placholder": "",
        "options": [
          {
            "label": "Si",
            "value": "si",
            "checked": false,
            "openField": true
          },
          {
            "label": "No",
            "value": "no",
            "checked": true
          }
        ]
      },
      {
        "label": "Indirizzo Completo",
        "type": "text",
        "name": "Indirizzo Completo",
        "disabled": true,
        "class": "trasporto-text-field change-field-condition-in-text-field",
        "placholder": ""
      },
      {
        "label": "Note aggiuntive",
        "type": "textarea",
        "name": "Note aggiuntive",
        "class": "",
        "placholder": ""
      }
    ]
  },
  {
    "id": "porta-blindata",
    "title": "Nr porte",
    "isSub": true,
    "class": {
      "container": "bhwd-bg-black second-collamn",
      "buttonClass": "button-class",
      "formMainClass": "scheda-form",
      "active": "bhwd-bg-black"
    },
    "subItems": [
      {
        "title": "1",
        "isSub": false,
        "items": []
      },
      {
        "title": "2",
        "isSub": false,
        "items": []
      },
      {
        "title": "3",
        "isSub": false,
        "items": []
      },
      {
        "title": "4",
        "isSub": false,
        "items": []
      },
      {
        "title": "5",
        "isSub": false,
        "items": []
      },
      {
        "title": "6",
        "isSub": false,
        "items": []
      },
      {
        "title": "7",
        "isSub": false,
        "items": []
      },
      {
        "title": "8",
        "isSub": false,
        "items": []
      }
    ],
    "form": [
      {
        "label": "Santra or dastra",
        "type": "santraOrDastra",
        "name": "santra or dastra",
        "radiosButton": [
          {
            "label": "Santra",
            "orderID": 1
          },
          {
            "label": "Dastra",
            "orderID": 2
          }
        ],
        "class": "",
        "placholder": ""
      },
      {
        "label": "Larghezza",
        "name": "larghezza",
        "type": "radio",
        "class": "posa-radios ",
        "placholder": "",
        "options": [
          {
            "label": 60,
            "value": 60,
            "checked": true
          },
          {
            "label": 70,
            "value": 70,
            "checked": false
          },
          {
            "label": 80,
            "value": 80,
            "checked": false
          },
          {
            "label": 90,
            "value": 90,
            "checked": false
          },
          {
            "label": "Fuori Misura",
            "value": "Fuori Misura",
            "checked": false,
            "openField": true
          }
        ],
        "first": [],
        "second": []
      },
      {
        "label": "Scrivere le dimensioni",
        "type": "text",
        "class": "larghezza change-field-condition-in-text-field",
        "disabled": true,
        "name": "Scrivere le dimensioni",
        "placholder": ""
      },
      {
        "label": "Altezza",
        "name": "altezza",
        "type": "radio",
        "class": "altezza",
        "placholder": "",
        "options": [
          {
            "label": 210,
            "value": 210,
            "checked": true
          },
          {
            "label": "Fuori Misura",
            "value": "Fuori Misura",
            "checked": false,
            "openField": true
          }
        ]
      },
      {
        "label": "Scrivere le dimensioni",
        "type": "text",
        "class": "larghezza change-field-condition-in-text-field",
        "disabled": true,
        "name": "Scrivere le dimensioni",
        "placholder": ""
      },
      {
        "label": "Accessori",
        "name": "accessori",
        "type": "radio",
        "class": "accessori ",
        "placholder": "",
        "options": [
          {
            "label": "Cromati",
            "value": "cromati",
            "checked": false
          },
          {
            "label": "Ottonati",
            "value": "ottonati",
            "checked": true
          }
        ]
      },

      {
        "label": "Posa",
        "name": "posa",
        "type": "radio",
        "class": "posa-radios ",
        "placholder": "",
        "options": [
          {
            "label": "Si",
            "value": "si",
            "checked": false,
            "openField": true
          },
          {
            "label": "No",
            "value": "no",
            "checked": true
          }
        ]
      },
      {
        "label": "Tipo di posa flottante / a colla",
        "type": "text",
        "class": "posa-text-field change-field-condition-in-text-field",
        "disabled": true,
        "name": "Tipo di posa flottante / a colla",
        "placholder": ""
      },
      {
        "label": "Trasporto",
        "name": "trasporto",
        "type": "radio",
        "class": "trasporto-radios",
        "placholder": "",
        "options": [
          {
            "label": "Si",
            "value": "si",
            "checked": false,
            "openField": true
          },
          {
            "label": "No",
            "value": "no",
            "checked": true
          }
        ]
      },
      {
        "label": "Indirizzo Completo",
        "type": "text",
        "name": "Indirizzo Completo",
        "disabled": true,
        "class": "trasporto-text-field change-field-condition-in-text-field",
        "placholder": ""
      },
      {
        "label": "Note aggiuntive",
        "type": "textarea",
        "name": "Note aggiuntive",
        "class": "",
        "placholder": ""
      }
    ]
  },
  {
    "id": "arredo-bagno",
    "title": "Nr porte",
    "isSub": false,
    "class": {
      "container": "bhwd-bg-black second-collamn",
      "buttonClass": "button-class",
      "formMainClass": "scheda-form",
      "active": "bhwd-bg-black"
    },
    "subItems": [],
    "form": [
      {
        "label": "Nome",
        "type": "text",
        "name": "Nome",
        "class": "",
        "placholder": ""
      },
      {
        "label": "Codice prodotto",
        "type": "text",
        "name": "Codice prodotto",
        "class": "",
        "placholder": ""
      },
      {
        "label": "Link del prodotto ",
        "type": "text",
        "name": "Link del prodotto ",
        "class": "",
        "placholder": ""
      },

      {
        "label": "Trasporto",
        "name": "trasporto",
        "type": "radio",
        "class": "trasporto-radios",
        "placholder": "",
        "options": [
          {
            "label": "Si",
            "value": "si",
            "checked": false,
            "openField": true
          },
          {
            "label": "No",
            "value": "no",
            "checked": true
          }
        ]
      },
      {
        "label": "Indirizzo Completo",
        "type": "text",
        "name": "Indirizzo Completo",
        "disabled": true,
        "class": "trasporto-text-field change-field-condition-in-text-field",
        "placholder": ""
      },
      {
        "label": "Note aggiuntive",
        "type": "textarea",
        "name": "Note aggiuntive",
        "class": "",
        "placholder": ""
      }
    ]
  },
  {
    "id": "infissi",
    "title": "Nr porte",
    "isSub": true,
    "class": {
      "container": "bhwd-bg-black second-collamn",
      "buttonClass": "button-class",
      "formMainClass": "scheda-form",
      "active": "bhwd-bg-black"
    },
    "subItems": [
      {
        "title": "Wood",
        "isSub": false,
        "items": []
      },
      {
        "title": "PVC",
        "isSub": false,
        "items": []
      },
      {
        "title": "Alluminio",
        "isSub": false,
        "items": []
      }
    ],
    "form": [
      {
        "label": "Nr Finestre",
        "type": "text",
        "name": "Nr Finestre",
        "class": "",
        "placholder": ""
      },
      {
        "label": "Nr pore finestre",
        "type": "text",
        "name": "Nr pore finestre",
        "class": "",
        "placholder": ""
      },
      {
        "label": "Colore Interno / Esterno",
        "type": "text",
        "name": "Colore Interno / Esterno",
        "class": "",
        "placholder": ""
      },
      {
        "label": "Note (Scrivere tutte le misure degli infissi desiderati)",
        "type": "textarea",
        "name": "Note",
        "class": "",
        "placholder": ""
      },
      {
        "label": "Tapparelle, Persiane, Zanzariere ",
        "type": "text",
        "class": "posa-text-field",
        "name": "Tapparelle, Persiane, Zanzariere ",
        "placholder": ""
      },
      {
        "label": "Posa",
        "name": "posa",
        "type": "radio",
        "class": "posa-radios",
        "placholder": "",
        "options": [
          {
            "label": "Si",
            "value": "si",
            "checked": false,
            "openField": true
          },
          {
            "label": "No",
            "value": "no",
            "checked": true
          }
        ]
      },
      {
        "label": "Tipo di posa flottante / a colla",
        "type": "text",
        "class": "posa-text-field change-field-condition-in-text-field",
        "disabled": true,
        "name": "Tipo di posa flottante / a colla",
        "placholder": ""
      },
      {
        "label": "Trasporto",
        "name": "trasporto",
        "type": "radio",
        "class": "trasporto-radios",
        "placholder": "",
        "options": [
          {
            "label": "Si",
            "value": "si",
            "checked": false,
            "openField": true
          },
          {
            "label": "No",
            "value": "no",
            "checked": true
          }
        ]
      },
      {
        "label": "Indirizzo Completo",
        "type": "text",
        "name": "Indirizzo Completo",
        "disabled": true,
        "class": "trasporto-text-field change-field-condition-in-text-field",
        "placholder": ""
      }
    ]
  },
  {
    "id": "materassi",
    "title": "Nr porte",
    "isSub": true,
    "class": {
      "container": "bhwd-bg-black second-collamn",
      "buttonClass": "button-class",
      "formMainClass": "scheda-form",
      "active": "bhwd-bg-black"
    },
    "subItems": [
      {
        "title": "Singolo",
        "isSub": false,
        "items": []
      },
      {
        "title": "Matrimoniale",
        "isSub": false,
        "items": []
      },
      {
        "title": "Bambini & Ragazzi",
        "isSub": false,
        "items": []
      }
    ],
    "form": [
      {
        "label": "Seleziona Tipo",
        "type": "moleAndMemory",
        "name": "Seleziona Tipo",
        "radiosButton": [
          {
            "label": "Mole"
          },
          {
            "label": "Memory"
          }
        ],
        "class": "",
        "placholder": ""
      },
      {
        "label": "Note aggiuntive",
        "type": "textarea",
        "name": "Note aggiuntive",
        "class": "",
        "placholder": ""
      },
      {
        "label": "Posa",
        "name": "posa",
        "type": "radio",
        "class": "posa-radios",
        "placholder": "",
        "options": [
          {
            "label": "Si",
            "value": "si",
            "checked": false,
            "openField": true
          },
          {
            "label": "No",
            "value": "no",
            "checked": true
          }
        ]
      },
      {
        "label": "Tipo di posa flottante / a colla",
        "type": "text",
        "class": "posa-text-field change-field-condition-in-text-field",
        "disabled": true,
        "name": "Tipo di posa flottante / a colla",
        "placholder": ""
      },
      {
        "label": "Trasporto",
        "name": "trasporto",
        "type": "radio",
        "class": "trasporto-radios",
        "placholder": "",
        "options": [
          {
            "label": "Si",
            "value": "si",
            "checked": false,
            "openField": true
          },
          {
            "label": "No",
            "value": "no",
            "checked": true
          }
        ]
      },
      {
        "label": "Indirizzo Completo",
        "type": "text",
        "name": "Indirizzo Completo",
        "disabled": true,
        "class": "trasporto-text-field change-field-condition-in-text-field",
        "placholder": ""
      },
      {
        "label": "Note aggiuntive",
        "type": "textarea",
        "name": "Note aggiuntive",
        "class": "",
        "placholder": ""
      }
    ]
  },
  {
    "id": "ceramiche",
    "title": "Nr porte",
    "isSub": false,
    "class": {
      "container": "bhwd-bg-black second-collamn",
      "buttonClass": "button-class",
      "formMainClass": "scheda-form",
      "active": "bhwd-bg-black"
    },
    "subItems": [],
    "form": [
      {
        "label": "Metri quadri desiderati",
        "type": "text",
        "class": "posa-text-field",
        "disabled": true,
        "name": "Metri quadri desiderati",
        "placholder": ""
      },
      {
        "label": "Note (Inserire il nome, codice oppure il link del prodotto che desidera)",
        "type": "textarea",
        "name": "Note",
        "class": "",
        "placholder": ""
      },
      {
        "label": "Trasporto",
        "name": "trasporto",
        "type": "radio",
        "class": "trasporto-radios",
        "placholder": "",
        "options": [
          {
            "label": "Si",
            "value": "si",
            "checked": false,
            "openField": true
          },
          {
            "label": "No",
            "value": "no",
            "checked": true
          }
        ]
      },
      {
        "label": "Indirizzo Completo",
        "type": "text",
        "name": "Indirizzo Completo",
        "disabled": true,
        "class": "trasporto-text-field change-field-condition-in-text-field",
        "placholder": ""
      }
    ]
  },
  {
    "id": "divani",
    "title": "Nr porte",
    "isSub": false,
    "class": {
      "container": "bhwd-bg-black second-collamn",
      "buttonClass": "button-class",
      "formMainClass": "scheda-form",
      "active": "bhwd-bg-black"
    },
    "subItems": [],
    "form": [
      {
        "label": "Nome",
        "type": "text",
        "name": "Nome",
        "class": "",
        "placholder": ""
      },
      {
        "label": "Codice prodotto",
        "type": "text",
        "name": "Codice prodotto",
        "class": "",
        "placholder": ""
      },
      {
        "label": "Link del prodotto ",
        "type": "text",
        "name": "Link del prodotto ",
        "class": "",
        "placholder": ""
      },

      {
        "label": "Trasporto",
        "name": "trasporto",
        "type": "radio",
        "class": "trasporto-radios",
        "placholder": "",
        "options": [
          {
            "label": "Si",
            "value": "si",
            "checked": false,
            "openField": true
          },
          {
            "label": "No",
            "value": "no",
            "checked": true
          }
        ]
      },
      {
        "label": "Indirizzo Completo",
        "type": "text",
        "name": "Indirizzo Completo",
        "disabled": true,
        "class": "trasporto-text-field change-field-condition-in-text-field",
        "placholder": ""
      },
      {
        "label": "Note aggiuntive",
        "type": "textarea",
        "name": "Note aggiuntive",
        "class": "",
        "placholder": ""
      }
    ]
  },
  {
    "id": "camerette-bambini",
    "title": "Nr porte",
    "isSub": false,
    "class": {
      "container": "bhwd-bg-black second-collamn",
      "buttonClass": "button-class",
      "formMainClass": "scheda-form",
      "active": "bhwd-bg-black"
    },
    "subItems": [],
    "form": [
      {
        "label": "Nome",
        "type": "text",
        "name": "Nome",
        "class": "",
        "placholder": ""
      },
      {
        "label": "Codice prodotto",
        "type": "text",
        "name": "Codice prodotto",
        "class": "",
        "placholder": ""
      },
      {
        "label": "Link del prodotto ",
        "type": "text",
        "name": "Link del prodotto ",
        "class": "",
        "placholder": ""
      },

      {
        "label": "Trasporto",
        "name": "trasporto",
        "type": "radio",
        "class": "trasporto-radios",
        "placholder": "",
        "options": [
          {
            "label": "Si",
            "value": "si",
            "checked": false,
            "openField": true
          },
          {
            "label": "No",
            "value": "no",
            "checked": true
          }
        ]
      },
      {
        "label": "Indirizzo Completo",
        "type": "text",
        "name": "Indirizzo Completo",
        "disabled": true,
        "class": "trasporto-text-field change-field-condition-in-text-field",
        "placholder": ""
      },
      {
        "label": "Note aggiuntive",
        "type": "textarea",
        "name": "Note aggiuntive",
        "class": "",
        "placholder": ""
      }
    ]
  }
]
