{
  "country_name": "Côte d'Ivoire",
  "country_id": "CI",
  "provinces": [
    {
      "province_name": "Abidjan",
      "cities": [
        { "city_name": "Abidjan" },
        { "city_name": "Yopougon" },
        { "city_name": "Cocody" },
        { "city_name": "Port-Bouët" },
        { "city_name": "Koumassi" }
      ]
    },
    {
      "province_name": "Bouaké",
      "cities": [{ "city_name": "Bouaké" }]
    },
    {
      "province_name": "San-Pédro",
      "cities": [{ "city_name": "San-Pédro" }]
    },
    {
      "province_name": "Daloa",
      "cities": [{ "city_name": "Daloa" }]
    },
    {
      "province_name": "Attiecoubé",
      "cities": [{ "city_name": "Attiecoubé" }]
    },
    {
      "province_name": "Korhogo",
      "cities": [{ "city_name": "Korhogo" }]
    },
    {
      "province_name": "Gagnoa",
      "cities": [{ "city_name": "Gagnoa" }]
    },
    {
      "province_name": "Soubré",
      "cities": [{ "city_name": "Soubré" }]
    },
    {
      "province_name": "Oumé",
      "cities": [{ "city_name": "Oumé" }]
    },
    {
      "province_name": "Man",
      "cities": [{ "city_name": "Man" }]
    },
    {
      "province_name": "Duekoué",
      "cities": [{ "city_name": "Duekoué" }]
    },
    {
      "province_name": "Bingerville",
      "cities": [{ "city_name": "Bingerville" }]
    },
    {
      "province_name": "Divo",
      "cities": [{ "city_name": "Divo" }]
    },
    {
      "province_name": "Abengourou",
      "cities": [{ "city_name": "Abengourou" }]
    },
    {
      "province_name": "Ferkessédougou",
      "cities": [{ "city_name": "Ferkessédougou" }]
    },
    {
      "province_name": "Adzopé",
      "cities": [{ "city_name": "Adzopé" }]
    },
    {
      "province_name": "Bondoukou",
      "cities": [{ "city_name": "Bondoukou" }]
    },
    {
      "province_name": "Dabou",
      "cities": [{ "city_name": "Dabou" }]
    },
    {
      "province_name": "Sinfra",
      "cities": [{ "city_name": "Sinfra" }]
    },
    {
      "province_name": "Agboville",
      "cities": [{ "city_name": "Agboville" }]
    },
    {
      "province_name": "Grand-Bassam",
      "cities": [{ "city_name": "Grand-Bassam" }]
    },
    {
      "province_name": "Daoukro",
      "cities": [{ "city_name": "Daoukro" }]
    },
    {
      "province_name": "Aboisso",
      "cities": [{ "city_name": "Aboisso" }]
    },
    {
      "province_name": "Odienné",
      "cities": [{ "city_name": "Odienné" }]
    },
    {
      "province_name": "Dimbokro",
      "cities": [{ "city_name": "Dimbokro" }]
    },
    {
      "province_name": "Séguéla",
      "cities": [{ "city_name": "Séguéla" }]
    },
    {
      "province_name": "Yamoussoukro",
      "cities": [{ "city_name": "Yamoussoukro" }]
    },
    {
      "province_name": "Bangolo",
      "cities": [{ "city_name": "Bangolo" }]
    },
    {
      "province_name": "Anyama",
      "cities": [{ "city_name": "Anyama" }]
    },
    {
      "province_name": "Méagui",
      "cities": [{ "city_name": "Méagui" }]
    }
  ]
}
