{
    "country_name": "Poland",
    "country_id": "PL",
    "provinces": [
        {
            "province_name": "Wojewodztwo Lubelskie",
            "cities": [
                {
                    "city_name": "Biala Podlaska"
                },
                {
                    "city_name": "Chelm"
                },
                {
                    "city_name": "Zamosc"
                },
                {
                    "city_name": "Powiat bilgorajski"
                },
                {
                    "city_name": "Powiat chelmski"
                },
                {
                    "city_name": "Powiat hrubieszowski"
                },
                {
                    "city_name": "Powiat janowski"
                },
                {
                    "city_name": "Powiat krasnostawski"
                },
                {
                    "city_name": "Powiat krasnicki"
                },
                {
                    "city_name": "Powiat lubartowski"
                },
                {
                    "city_name": "Powiat lubelski"
                },
                {
                    "city_name": "Powiat leczynski"
                },
                {
                    "city_name": "Powiat lukowski"
                },
                {
                    "city_name": "Powiat opolski"
                },
                {
                    "city_name": "Powiat parczewski"
                },
                {
                    "city_name": "Powiat pulawski"
                },
                {
                    "city_name": "Powiat radzynski"
                },
                {
                    "city_name": "Powiat rycki"
                },
                {
                    "city_name": "Powiat swidnicki"
                },
                {
                    "city_name": "Powiat tomaszowski"
                },
                {
                    "city_name": "Powiat wlodawski"
                },
                {
                    "city_name": "Powiat zamojski"
                },
                {
                    "city_name": "Powiat bialski"
                },
                {
                    "city_name": "Lublin"
                }
            ]
        },
        {
            "province_name": "Wojewodztwo Malopolskie",
            "cities": [
                {
                    "city_name": "Powiat miechowski"
                },
                {
                    "city_name": "Powiat bochenski"
                },
                {
                    "city_name": "Powiat brzeski"
                },
                {
                    "city_name": "Powiat chrzanowski"
                },
                {
                    "city_name": "Powiat dabrowski"
                },
                {
                    "city_name": "Powiat gorlicki"
                },
                {
                    "city_name": "Krakow"
                },
                {
                    "city_name": "Powiat limanowski"
                },
                {
                    "city_name": "Powiat myslenicki"
                },
                {
                    "city_name": "Powiat nowosadecki"
                },
                {
                    "city_name": "Powiat nowotarski"
                },
                {
                    "city_name": "Powiat olkuski"
                },
                {
                    "city_name": "Powiat oswiecimski"
                },
                {
                    "city_name": "Powiat proszowicki"
                },
                {
                    "city_name": "Powiat suski"
                },
                {
                    "city_name": "Powiat tarnowski"
                },
                {
                    "city_name": "Powiat tatrzanski"
                },
                {
                    "city_name": "Powiat wadowicki"
                },
                {
                    "city_name": "Powiat wielicki"
                },
                {
                    "city_name": "Powiat krakowski"
                },
                {
                    "city_name": "Powiat nowosadecki"
                },
                {
                    "city_name": "Powiat tarnowski"
                }
            ]
        },
        {
            "province_name": "Wojewodztwo Mazowieckie",
            "cities": [
                {
                    "city_name": "Warszawa"
                },
                {
                    "city_name": "Powiat kozienicki"
                },
                {
                    "city_name": "Powiat wegrowski"
                },
                {
                    "city_name": "Powiat wolominski"
                },
                {
                    "city_name": "Powiat wyszkowski"
                },
                {
                    "city_name": "Powiat grojecki"
                },
                {
                    "city_name": "Powiat przysuski"
                },
                {
                    "city_name": "Powiat sochaczewski"
                },
                {
                    "city_name": "Powiat zyrardowski"
                },
                {
                    "city_name": "Powiat makowski"
                },
                {
                    "city_name": "Powiat piaseczynski"
                },
                {
                    "city_name": "Powiat minski"
                },
                {
                    "city_name": "Powiat radomski"
                },
                {
                    "city_name": "Powiat nowodworski"
                },
                {
                    "city_name": "Powiat mlawski"
                },
                {
                    "city_name": "Powiat ostrolecki"
                },
                {
                    "city_name": "Powiat ostrowski"
                },
                {
                    "city_name": "Powiat otwocki"
                },
                {
                    "city_name": "Powiat plonski"
                },
                {
                    "city_name": "Powiat pruszkowski"
                },
                {
                    "city_name": "Powiat przasnyski"
                },
                {
                    "city_name": "Powiat pultuski"
                },
                {
                    "city_name": "Powiat sokolowski"
                },
                {
                    "city_name": "Powiat szydlowiecki"
                },
                {
                    "city_name": "Powiat plocki"
                },
                {
                    "city_name": "Powiat lipski"
                },
                {
                    "city_name": "Powiat losicki"
                },
                {
                    "city_name": "Powiat siedlecki"
                },
                {
                    "city_name": "Powiat zwolenski"
                },
                {
                    "city_name": "Powiat bialobrzeski"
                },
                {
                    "city_name": "Powiat ciechanowski"
                },
                {
                    "city_name": "Powiat grodziski"
                },
                {
                    "city_name": "Powiat legionowski"
                },
                {
                    "city_name": "Powiat gostyninski"
                },
                {
                    "city_name": "Powiat sierpecki"
                },
                {
                    "city_name": "Powiat zurominski"
                },
                {
                    "city_name": "Plock"
                },
                {
                    "city_name": "Siedlce"
                },
                {
                    "city_name": "Ostroleka"
                },
                {
                    "city_name": "Radom"
                },
                {
                    "city_name": "Powiat warszawski zachodni"
                },
                {
                    "city_name": "Powiat garwolinski"
                }
            ]
        },
        {
            "province_name": "Wojewodztwo Podkarpackie",
            "cities": [
                {
                    "city_name": "Przemysl"
                },
                {
                    "city_name": "Powiat debicki"
                },
                {
                    "city_name": "Powiat jasielski"
                },
                {
                    "city_name": "Powiat mielecki"
                },
                {
                    "city_name": "Powiat kolbuszowski"
                },
                {
                    "city_name": "Powiat krosnienski"
                },
                {
                    "city_name": "Powiat leski"
                },
                {
                    "city_name": "Powiat lancucki"
                },
                {
                    "city_name": "Powiat przemyski"
                },
                {
                    "city_name": "Powiat ropczycko-sedziszowski"
                },
                {
                    "city_name": "Powiat rzeszowski"
                },
                {
                    "city_name": "Powiat sanocki"
                },
                {
                    "city_name": "Powiat strzyzowski"
                },
                {
                    "city_name": "Rzeszow"
                },
                {
                    "city_name": "Powiat jaroslawski"
                },
                {
                    "city_name": "Tarnobrzeg"
                },
                {
                    "city_name": "Powiat lezajski"
                },
                {
                    "city_name": "Powiat lubaczowski"
                },
                {
                    "city_name": "Powiat nizanski"
                },
                {
                    "city_name": "Powiat przeworski"
                },
                {
                    "city_name": "Powiat stalowowolski"
                },
                {
                    "city_name": "Krosno"
                },
                {
                    "city_name": "Powiat bieszczadzki"
                },
                {
                    "city_name": "Powiat brzozowski"
                },
                {
                    "city_name": "Powiat tarnobrzeski"
                }
            ]
        },
        {
            "province_name": "Wojewodztwo Podlaskie",
            "cities": [
                {
                    "city_name": "Bialystok"
                },
                {
                    "city_name": "Lomza"
                },
                {
                    "city_name": "Powiat kolnenski"
                },
                {
                    "city_name": "Powiat lomzynski"
                },
                {
                    "city_name": "Powiat zambrowski"
                },
                {
                    "city_name": "Powiat augustowski"
                },
                {
                    "city_name": "Powiat siemiatycki"
                },
                {
                    "city_name": "Suwalki"
                },
                {
                    "city_name": "Powiat wysokomazowiecki"
                },
                {
                    "city_name": "Powiat bialostocki"
                },
                {
                    "city_name": "Powiat bielski"
                },
                {
                    "city_name": "Powiat grajewski"
                },
                {
                    "city_name": "Powiat hajnowski"
                },
                {
                    "city_name": "Powiat moniecki"
                },
                {
                    "city_name": "Powiat sejnenski"
                },
                {
                    "city_name": "Powiat sokolski"
                },
                {
                    "city_name": "Powiat suwalski"
                }
            ]
        },
        {
            "province_name": "Wojewodztwo Swietokrzyskie",
            "cities": [
                {
                    "city_name": "Powiat konecki"
                },
                {
                    "city_name": "Powiat wloszczowski"
                },
                {
                    "city_name": "Powiat kielecki"
                },
                {
                    "city_name": "Powiat ostrowiecki"
                },
                {
                    "city_name": "Powiat opatowski"
                },
                {
                    "city_name": "Kielce"
                },
                {
                    "city_name": "Powiat sandomierski"
                },
                {
                    "city_name": "Powiat skarzyski"
                },
                {
                    "city_name": "Powiat starachowicki"
                },
                {
                    "city_name": "Powiat buski"
                },
                {
                    "city_name": "Powiat jedrzejowski"
                },
                {
                    "city_name": "Powiat kazimierski"
                },
                {
                    "city_name": "Powiat pinczowski"
                },
                {
                    "city_name": "Powiat staszowski"
                }
            ]
        },
        {
            "province_name": "Wojewodztwo Warminsko-Mazurskie",
            "cities": [
                {
                    "city_name": "Powiat olsztynski"
                },
                {
                    "city_name": "Powiat ostrodzki"
                },
                {
                    "city_name": "Powiat braniewski"
                },
                {
                    "city_name": "Powiat elblaski"
                },
                {
                    "city_name": "Powiat bartoszycki"
                },
                {
                    "city_name": "Powiat gizycki"
                },
                {
                    "city_name": "Powiat lidzbarski"
                },
                {
                    "city_name": "Powiat szczycienski"
                },
                {
                    "city_name": "Powiat wegorzewski"
                },
                {
                    "city_name": "Powiat ketrzynski"
                },
                {
                    "city_name": "Powiat dzialdowski"
                },
                {
                    "city_name": "Powiat ilawski"
                },
                {
                    "city_name": "Powiat nowomiejski"
                },
                {
                    "city_name": "Olsztyn"
                },
                {
                    "city_name": "Powiat nidzicki"
                },
                {
                    "city_name": "Powiat piski"
                },
                {
                    "city_name": "Powiat elcki"
                },
                {
                    "city_name": "Powiat olecki"
                },
                {
                    "city_name": "Powiat goldapski"
                },
                {
                    "city_name": "Powiat mragowski"
                },
                {
                    "city_name": "Elblag"
                }
            ]
        },
        {
            "province_name": "Wojewodztwo Dolnoslaskie",
            "cities": [
                {
                    "city_name": "Jelenia Gora"
                },
                {
                    "city_name": "Wroclaw"
                },
                {
                    "city_name": "Powiat boleslawiecki"
                },
                {
                    "city_name": "Powiat dzierzoniowski"
                },
                {
                    "city_name": "Powiat glogowski"
                },
                {
                    "city_name": "Powiat gorowski"
                },
                {
                    "city_name": "Powiat jaworski"
                },
                {
                    "city_name": "Powiat jeleniogorski"
                },
                {
                    "city_name": "Powiat klodzki"
                },
                {
                    "city_name": "Powiat legnicki"
                },
                {
                    "city_name": "Powiat lubanski"
                },
                {
                    "city_name": "Powiat lubinski"
                },
                {
                    "city_name": "Powiat lwowecki"
                },
                {
                    "city_name": "Powiat milicki"
                },
                {
                    "city_name": "Powiat olesnicki"
                },
                {
                    "city_name": "Powiat olawski"
                },
                {
                    "city_name": "Powiat polkowicki"
                },
                {
                    "city_name": "Powiat strzelinski"
                },
                {
                    "city_name": "Powiat sredzki"
                },
                {
                    "city_name": "Powiat swidnicki"
                },
                {
                    "city_name": "Powiat trzebnicki"
                },
                {
                    "city_name": "Powiat walbrzyski"
                },
                {
                    "city_name": "Powiat wolowski"
                },
                {
                    "city_name": "Powiat wroclawski"
                },
                {
                    "city_name": "Powiat zabkowicki"
                },
                {
                    "city_name": "Powiat zgorzelecki"
                },
                {
                    "city_name": "Powiat zlotoryjski"
                },
                {
                    "city_name": "Legnica"
                },
                {
                    "city_name": "Powiat kamiennogorski"
                },
                {
                    "city_name": "Walbrzych"
                }
            ]
        },
        {
            "province_name": "Wojewodztwo Lodzkie",
            "cities": [
                {
                    "city_name": "powiat Lodzki Wschodni"
                },
                {
                    "city_name": "powiat Lowicki"
                },
                {
                    "city_name": "Piotrkow Trybunalski"
                },
                {
                    "city_name": "Powiat kutnowski"
                },
                {
                    "city_name": "Powiat rawski"
                },
                {
                    "city_name": "Skierniewice"
                },
                {
                    "city_name": "Powiat piotrkowski"
                },
                {
                    "city_name": "Powiat poddebicki"
                },
                {
                    "city_name": "Powiat radomszczanski"
                },
                {
                    "city_name": "Powiat sieradzki"
                },
                {
                    "city_name": "Powiat belchatowski"
                },
                {
                    "city_name": "Powiat laski"
                },
                {
                    "city_name": "Powiat leczycki"
                },
                {
                    "city_name": "Powiat brzezinski"
                },
                {
                    "city_name": "Powiat lodzki wschodni"
                },
                {
                    "city_name": "Powiat opoczynski"
                },
                {
                    "city_name": "Powiat pabianicki"
                },
                {
                    "city_name": "Powiat pajeczanski"
                },
                {
                    "city_name": "Powiat skierniewicki"
                },
                {
                    "city_name": "Powiat tomaszowski"
                },
                {
                    "city_name": "Powiat wielunski"
                },
                {
                    "city_name": "Powiat wieruszowski"
                },
                {
                    "city_name": "Powiat zdunskowolski"
                },
                {
                    "city_name": "Powiat zgierski"
                }
            ]
        },
        {
            "province_name": "Wojewodztwo Lubuskie",
            "cities": [
                {
                    "city_name": "Powiat zarski"
                },
                {
                    "city_name": "Gorzow Wielkopolski"
                },
                {
                    "city_name": "Powiat wschowski"
                },
                {
                    "city_name": "Powiat nowosolski"
                },
                {
                    "city_name": "Powiat zaganski"
                },
                {
                    "city_name": "Powiat gorzowski"
                },
                {
                    "city_name": "Powiat miedzyrzecki"
                },
                {
                    "city_name": "Powiat slubicki"
                },
                {
                    "city_name": "Powiat strzelecko-drezdenecki"
                },
                {
                    "city_name": "Powiat sulecinski"
                },
                {
                    "city_name": "Powiat swiebodzinski"
                },
                {
                    "city_name": "Zielona Gora"
                },
                {
                    "city_name": "Powiat zielonogorski"
                },
                {
                    "city_name": "Powiat krosnienski"
                }
            ]
        },
        {
            "province_name": "Wojewodztwo Opolskie",
            "cities": [
                {
                    "city_name": "Powiat brzeski"
                },
                {
                    "city_name": "Powiat namyslowski"
                },
                {
                    "city_name": "Powiat nyski"
                },
                {
                    "city_name": "Powiat kluczborski"
                },
                {
                    "city_name": "Powiat oleski"
                },
                {
                    "city_name": "Opole"
                },
                {
                    "city_name": "Powiat glubczycki"
                },
                {
                    "city_name": "Powiat prudnicki"
                },
                {
                    "city_name": "Powiat kedzierzynsko-kozielski"
                },
                {
                    "city_name": "Powiat opolski"
                },
                {
                    "city_name": "Powiat krapkowicki"
                },
                {
                    "city_name": "Powiat strzelecki"
                }
            ]
        },
        {
            "province_name": "Wojewodztwo Pomorskie",
            "cities": [
                {
                    "city_name": "Powiat koscierski"
                },
                {
                    "city_name": "Powiat leborski"
                },
                {
                    "city_name": "Powiat malborski"
                },
                {
                    "city_name": "Powiat pucki"
                },
                {
                    "city_name": "Powiat kartuski"
                },
                {
                    "city_name": "Sopot"
                },
                {
                    "city_name": "Powiat chojnicki"
                },
                {
                    "city_name": "Powiat czluchowski"
                },
                {
                    "city_name": "Powiat kwidzynski"
                },
                {
                    "city_name": "Powiat starogardzki"
                },
                {
                    "city_name": "Powiat tczewski"
                },
                {
                    "city_name": "Slupsk"
                },
                {
                    "city_name": "Gdynia"
                },
                {
                    "city_name": "Powiat gdanski"
                },
                {
                    "city_name": "Gdansk"
                },
                {
                    "city_name": "Powiat bytowski"
                },
                {
                    "city_name": "Powiat nowodworski"
                },
                {
                    "city_name": "Powiat slupski"
                },
                {
                    "city_name": "Powiat wejherowski"
                },
                {
                    "city_name": "Powiat sztumski"
                }
            ]
        },
        {
            "province_name": "Wojewodztwo Slaskie",
            "cities": [
                {
                    "city_name": "Powiat bedzinski"
                },
                {
                    "city_name": "Dabrowa Gornicza"
                },
                {
                    "city_name": "Powiat czestochowski"
                },
                {
                    "city_name": "Powiat klobucki"
                },
                {
                    "city_name": "Rybnik"
                },
                {
                    "city_name": "Bielsko-Biala"
                },
                {
                    "city_name": "Katowice"
                },
                {
                    "city_name": "Powiat cieszynski"
                },
                {
                    "city_name": "Powiat mikolowski"
                },
                {
                    "city_name": "Powiat myszkowski"
                },
                {
                    "city_name": "Powiat rybnicki"
                },
                {
                    "city_name": "Jaworzno"
                },
                {
                    "city_name": "Powiat wodzislawski"
                },
                {
                    "city_name": "Gliwice"
                },
                {
                    "city_name": "Myslowice"
                },
                {
                    "city_name": "Ruda Slaska"
                },
                {
                    "city_name": "Zabrze"
                },
                {
                    "city_name": "Zory"
                },
                {
                    "city_name": "Jastrzebie-Zdroj"
                },
                {
                    "city_name": "Czestochowa"
                },
                {
                    "city_name": "Piekary Slaskie"
                },
                {
                    "city_name": "Chorzow"
                },
                {
                    "city_name": "Sosnowiec"
                },
                {
                    "city_name": "Tychy"
                },
                {
                    "city_name": "Siemianowice Slaskie"
                },
                {
                    "city_name": "Bytom"
                },
                {
                    "city_name": "Swietochlowice"
                },
                {
                    "city_name": "Powiat bielski"
                },
                {
                    "city_name": "Powiat pszczynski"
                },
                {
                    "city_name": "Powiat bierunsko-ledzinski"
                },
                {
                    "city_name": "Powiat zawiercianski"
                },
                {
                    "city_name": "Powiat zywiecki"
                },
                {
                    "city_name": "Powiat lubliniecki"
                },
                {
                    "city_name": "Powiat tarnogorski"
                },
                {
                    "city_name": "Powiat raciborski"
                },
                {
                    "city_name": "Powiat gliwicki"
                }
            ]
        },
        {
            "province_name": "Wojewodztwo Wielkopolskie",
            "cities": [
                {
                    "city_name": "Powiat kepinski"
                },
                {
                    "city_name": "Powiat kaliski"
                },
                {
                    "city_name": "Powiat obornicki"
                },
                {
                    "city_name": "Poznan"
                },
                {
                    "city_name": "Powiat pleszewski"
                },
                {
                    "city_name": "Kalisz"
                },
                {
                    "city_name": "Powiat krotoszynski"
                },
                {
                    "city_name": "Powiat leszczynski"
                },
                {
                    "city_name": "Powiat koninski"
                },
                {
                    "city_name": "Powiat pilski"
                },
                {
                    "city_name": "Powiat slupecki"
                },
                {
                    "city_name": "Powiat wagrowiecki"
                },
                {
                    "city_name": "Powiat zlotowski"
                },
                {
                    "city_name": "Powiat czarnkowsko-trzcianecki"
                },
                {
                    "city_name": "Powiat miedzychodzki"
                },
                {
                    "city_name": "Powiat nowotomyski"
                },
                {
                    "city_name": "Powiat wolsztynski"
                },
                {
                    "city_name": "Konin"
                },
                {
                    "city_name": "Leszno"
                },
                {
                    "city_name": "Powiat poznanski"
                },
                {
                    "city_name": "Powiat szamotulski"
                },
                {
                    "city_name": "Powiat wrzesinski"
                },
                {
                    "city_name": "Powiat turecki"
                },
                {
                    "city_name": "Powiat ostrowski"
                },
                {
                    "city_name": "Powiat ostrzeszowski"
                },
                {
                    "city_name": "Powiat rawicki"
                },
                {
                    "city_name": "Powiat gostynski"
                },
                {
                    "city_name": "Powiat grodziski"
                },
                {
                    "city_name": "Powiat jarocinski"
                },
                {
                    "city_name": "Powiat koscianski"
                },
                {
                    "city_name": "Powiat chodzieski"
                },
                {
                    "city_name": "Powiat sredzki"
                },
                {
                    "city_name": "Powiat sremski"
                },
                {
                    "city_name": "Powiat gnieznienski"
                },
                {
                    "city_name": "Powiat kolski"
                }
            ]
        },
        {
            "province_name": "Wojewodztwo Zachodniopomorskie",
            "cities": [
                {
                    "city_name": "Swinoujscie"
                },
                {
                    "city_name": "Powiat koszalinski"
                },
                {
                    "city_name": "Powiat slawienski"
                },
                {
                    "city_name": "Powiat szczecinecki"
                },
                {
                    "city_name": "Powiat stargardzki"
                },
                {
                    "city_name": "Powiat goleniowski"
                },
                {
                    "city_name": "Powiat gryficki"
                },
                {
                    "city_name": "Szczecin"
                },
                {
                    "city_name": "Powiat kamienski"
                },
                {
                    "city_name": "Powiat kolobrzeski"
                },
                {
                    "city_name": "Powiat policki"
                },
                {
                    "city_name": "Powiat pyrzycki"
                },
                {
                    "city_name": "Powiat drawski"
                },
                {
                    "city_name": "Powiat choszczenski"
                },
                {
                    "city_name": "Powiat walecki"
                },
                {
                    "city_name": "Powiat bialogardzki"
                },
                {
                    "city_name": "Koszalin"
                },
                {
                    "city_name": "Powiat gryfinski"
                },
                {
                    "city_name": "Powiat mysliborski"
                },
                {
                    "city_name": "Powiat swidwinski"
                },
                {
                    "city_name": "Powiat lobeski"
                }
            ]
        },
        {
            "province_name": "Wojewodztwo Kujawsko-Pomorskie",
            "cities": [
                {
                    "city_name": "Torun"
                },
                {
                    "city_name": "Bydgoszcz"
                },
                {
                    "city_name": "Powiat aleksandrowski"
                },
                {
                    "city_name": "Powiat brodnicki"
                },
                {
                    "city_name": "Powiat bydgoski"
                },
                {
                    "city_name": "Powiat chelminski"
                },
                {
                    "city_name": "Powiat golubsko-dobrzynski"
                },
                {
                    "city_name": "Powiat grudziadzki"
                },
                {
                    "city_name": "Powiat inowroclawski"
                },
                {
                    "city_name": "Powiat lipnowski"
                },
                {
                    "city_name": "Powiat mogilenski"
                },
                {
                    "city_name": "Powiat nakielski"
                },
                {
                    "city_name": "Powiat radziejowski"
                },
                {
                    "city_name": "Powiat rypinski"
                },
                {
                    "city_name": "Powiat sepolenski"
                },
                {
                    "city_name": "Powiat swiecki"
                },
                {
                    "city_name": "Powiat torunski"
                },
                {
                    "city_name": "Powiat tucholski"
                },
                {
                    "city_name": "Powiat wabrzeski"
                },
                {
                    "city_name": "Powiat wloclawski"
                },
                {
                    "city_name": "Powiat zninski"
                },
                {
                    "city_name": "Wloclawek"
                },
                {
                    "city_name": "Grudziadz"
                }
            ]
        }
    ]
}