{
  "country_name": "Bahrain",
  "country_id": "BH",
  "provinces": [
    {
      "province_name": "Capital Governorate",
      "cities": [
        { "city_name": "Manama" },
        { "city_name": "Al Muḩarraq" },
        { "city_name": "Madīnat Ḩamad" },
        { "city_name": "Jidd Ḩafş" },
        { "city_name": "Madīnat ‘Īsá" },
        { "city_name": "Sitrah" },
        { "city_name": "Ḩālat an Na‘īm" },
        { "city_name": "Kaflān" },
        { "city_name": "Karbābād" },
        { "city_name": "Jabalat Ḩabashī" },
        { "city_name": "‘Ayn ad Dār" },
        { "city_name": "Ḩillat ‘Abd aş Şāliḩ" },
        { "city_name": "Al Muqshā‘" },
        { "city_name": "Manī" },
        { "city_name": "Al Muwaylighah" },
        { "city_name": "Al Busaytīn" },
        { "city_name": "Rayyā" },
        { "city_name": "‘Arād" },
        { "city_name": "Qalālī" },
        { "city_name": "Samāhīj" },
        { "city_name": "Ad Dayr" },
        { "city_name": "Ḩālat as Sulţah" },
        { "city_name": "Az Zimmah" },
        { "city_name": "Ḩālat al Khulayfāt" }
      ]
    },
    {
      "province_name": "Northern Governorate",
      "cities": [
        { "city_name": "Al Ḩadd" },
        { "city_name": "Umm ash Shajar" },
        { "city_name": "Al Hujayr" },
        { "city_name": "An Nuwaydirāt" },
        { "city_name": "Al Jubaylāt" },
        { "city_name": "Al Qaryah" },
        { "city_name": "Ḩālah" },
        { "city_name": "Marqūbān" },
        { "city_name": "Sufālah" },
        { "city_name": "Ḩālat Umm al Bayḑ" },
        { "city_name": "Al ‘Akr" },
        { "city_name": "Al Ma‘āmīr" },
        { "city_name": "Jidd ‘Alī" },
        { "city_name": "Jurdāb" }
      ]
    },
    {
      "province_name": "Southern Governorate",
      "cities": [
        { "city_name": "Sanad" },
        { "city_name": "Al Khārijīyah" },
        { "city_name": "Kawrah" },
        { "city_name": "Mahazzah" },
        { "city_name": "Wādiyān" },
        { "city_name": "Salmābād" },
        { "city_name": "Tūblī" },
        { "city_name": "Ar Rifā‘" },
        { "city_name": "‘Ālī" },
        { "city_name": "Al Qadam" },
        { "city_name": "Jamālah" }
      ]
    }
  ]
}
