{
  "country_name": "Belize",
  "country_id": "BZ",
  "provinces": [
    {
      "province_name": "Belize City",
      "cities": [
        { "city_name": "Belize City" },
        { "city_name": "San Ignacio" },
        { "city_name": "Belmopan" },
        { "city_name": "Orange Walk" },
        { "city_name": "Corozal" },
        { "city_name": "San Pedro" },
        { "city_name": "Dangriga" },
        { "city_name": "Benque Viejo el Carmen" },
        { "city_name": "Roaring Creek" },
        { "city_name": "Ladyville" },
        { "city_name": "Punta Gorda" },
        { "city_name": "Trial Farm" },
        { "city_name": "Shipyard" }
      ]
    },
    {
      "province_name": "Guinea Grass",
      "cities": [
        { "city_name": "Guinea Grass" },
        { "city_name": "Sarteneja" },
        { "city_name": "San Jose" },
        { "city_name": "Little Belize" },
        { "city_name": "Camelote" },
        { "city_name": "San Narciso" },
        { "city_name": "San Jose Soccoths" }
      ]
    },
    {
      "province_name": "Spanish Lookout",
      "cities": [
        { "city_name": "Spanish Lookout" },
        { "city_name": "Bullet Tree Falls" },
        { "city_name": "San Antonio" },
        { "city_name": "Valley of Peace" },
        { "city_name": "San Joaquin" },
        { "city_name": "Caye Corker" }
      ]
    },
    {
      "province_name": "Teakettle Village",
      "cities": [
        { "city_name": "Teakettle Village" },
        { "city_name": "Santa Familia" },
        { "city_name": "Xaibe" },
        { "city_name": "San Estevan" },
        { "city_name": "San Felipe" },
        { "city_name": "Patchchacan" }
      ]
    },
    {
      "province_name": "Progresso",
      "cities": [
        { "city_name": "Progresso" },
        { "city_name": "Silver Creek" },
        { "city_name": "Hattieville" },
        { "city_name": "Esperanza" },
        { "city_name": "San Antonio" }
      ]
    },
    {
      "province_name": "Chunox",
      "cities": [
        { "city_name": "Chunox" },
        { "city_name": "San Pablo" },
        { "city_name": "Placentia Village" },
        { "city_name": "San Pedro" },
        { "city_name": "Black Man Eddy" }
      ]
    },
    {
      "province_name": "Blue Creek Village",
      "cities": [
        { "city_name": "Blue Creek Village" },
        { "city_name": "Gales Point" },
        { "city_name": "Indian Church" },
        { "city_name": "Cristo Rey" },
        { "city_name": "San Pedro" }
      ]
    },
    {
      "province_name": "Consejo",
      "cities": [
        { "city_name": "Consejo" },
        { "city_name": "Maya Beach" },
        { "city_name": "San Roman Village" },
        { "city_name": "Blue Creek Village" },
        { "city_name": "Salt Creek" }
      ]
    },
    {
      "province_name": "Nago Bank",
      "cities": [
        { "city_name": "Nago Bank" },
        { "city_name": "White Hill" },
        { "city_name": "Isabella" },
        { "city_name": "Flowers Bank" },
        { "city_name": "Lime Walk" }
      ]
    },
    {
      "province_name": "Sand Hill",
      "cities": [
        { "city_name": "Sand Hill" },
        { "city_name": "Egypt" },
        { "city_name": "Bermudian Landing" },
        { "city_name": "Scotland" },
        { "city_name": "Corozalito" }
      ]
    },
    {
      "province_name": "Maskall",
      "cities": [
        { "city_name": "Maskall" },
        { "city_name": "Biscayne" },
        { "city_name": "Butcher Burns" },
        { "city_name": "Bakers" },
        { "city_name": "Cedar Bank" }
      ]
    },
    {
      "province_name": "Davis Bank",
      "cities": [
        { "city_name": "Davis Bank" },
        { "city_name": "Santana" },
        { "city_name": "Bomba" },
        { "city_name": "Burrell Boom" },
        { "city_name": "Lucky Strike" }
      ]
    },
    {
      "province_name": "More Force",
      "cities": [
        { "city_name": "More Force" },
        { "city_name": "Little Bermudian Landing" },
        { "city_name": "Washing Tree" },
        { "city_name": "Ferguson Bank" },
        { "city_name": "Grace Bank" }
      ]
    },
    {
      "province_name": "Watters Bank",
      "cities": [
        { "city_name": "Watters Bank" },
        { "city_name": "Rockstone Pond" },
        { "city_name": "May Pen" },
        { "city_name": "Rockville" },
        { "city_name": "Bocotora" }
      ]
    },
    {
      "province_name": "Tropical Park",
      "cities": [
        { "city_name": "Tropical Park" },
        { "city_name": "Cowhead Creek" },
        { "city_name": "Joe Wagner Boom" },
        { "city_name": "Freetown Sibun" },
        { "city_name": "Chicago" }
      ]
    },
    {
      "province_name": "Gracy Rock Bank",
      "cities": [
        { "city_name": "Gracy Rock Bank" },
        { "city_name": "Bob Eiley" },
        { "city_name": "Santiago Jalacte" },
        { "city_name": "Rancho" },
        { "city_name": "Bacalar Chico" }
      ]
    },
    {
      "province_name": "San Antonio",
      "cities": [
        { "city_name": "San Antonio" },
        { "city_name": "Estrella" },
        { "city_name": "Pueblo Nuevo" },
        { "city_name": "Chunch" },
        { "city_name": "Carolina" }
      ]
    },
    {
      "province_name": "Benque Viejo",
      "cities": [
        { "city_name": "Benque Viejo" },
        { "city_name": "Campa Pita" },
        { "city_name": "Shipstern" },
        { "city_name": "Yo Chen" },
        { "city_name": "Cowpen" }
      ]
    },
    {
      "province_name": "Cocos",
      "cities": [
        { "city_name": "Cocos" },
        { "city_name": "Santa Rita" },
        { "city_name": "Remate" },
        { "city_name": "Chan Chen" },
        { "city_name": "Tacistal" }
      ]
    },
    {
      "province_name": "San Francisco",
      "cities": [
        { "city_name": "San Francisco" },
        { "city_name": "Puebla Nueva" },
        { "city_name": "Rancho Corozal" },
        { "city_name": "Villa Alfonso" },
        { "city_name": "Aventura" }
      ]
    },
    {
      "province_name": "Concepcion",
      "cities": [
        { "city_name": "Concepcion" },
        { "city_name": "Libertad" },
        { "city_name": "Chacan Chac Mol" },
        { "city_name": "Calcutta" },
        { "city_name": "Shipstern Landing" }
      ]
    },
    {
      "province_name": "Hill Bank",
      "cities": [{ "city_name": "Hill Bank" }, { "city_name": "Louisville" }]
    }
  ]
}
