{
  "country_name": "Azerbaijan",
  "country_id": "AZ",
  "province": true,
  "provinces": [
    {
      "province_name": "Baku",
      "cities": [
        { "city_name": "Baku" },
        { "city_name": "Sumqayıt" },
        { "city_name": "Xırdalan" },
        { "city_name": "Qaraçuxur" },
        { "city_name": "Hövsan" },
        { "city_name": "Bakıxanov" },
        { "city_name": "Biləcəri" },
        { "city_name": "Maştağa" },
        { "city_name": "Binəqədi" },
        { "city_name": "Lökbatan" },
        { "city_name": "Buzovna" },
        { "city_name": "Əmircan" },
        { "city_name": "Binə" },
        { "city_name": "Keşlə" },
        { "city_name": "Mərdəkan" },
        { "city_name": "Zabrat" },
        { "city_name": "Sabunçu" },
        { "city_name": "Sahil" },
        { "city_name": "Badamdar" },
        { "city_name": "Balaxanı" },
        { "city_name": "Zirə" },
        { "city_name": "Əhmədli" },
        { "city_name": "Sabunçu" },
        { "city_name": "Nardaran" },
        { "city_name": "Bilgəh" },
        { "city_name": "Pirallahı" },
        { "city_name": "Pirşağı" },
        { "city_name": "Novxanı" },
        { "city_name": "Hökməli" },
        { "city_name": "Sulutəpə" },
        { "city_name": "Masazır" },
        { "city_name": "Qala" },
        { "city_name": "Məmmədli" },
        { "city_name": "Aşağı Güzdək" },
        { "city_name": "Türkan" },
        { "city_name": "Qızıldaş" },
        { "city_name": "Şağan" },
        { "city_name": "Qovlar" },
        { "city_name": "Qalağayın" },
        { "city_name": "Müşkür" }
      ]
    },
    {
      "province_name": "Nakhchivan Autonomous Republic",
      "cities": [
        { "city_name": "Naxçıvan" },
        { "city_name": "Culfa" },
        { "city_name": "Ordubad" },
        { "city_name": "Babək" },
        { "city_name": "Şərur" },
        { "city_name": "Nehrəm" },
        { "city_name": "Heydərabad" }
      ]
    },
    {
      "province_name": "Ganja-Gazakh Region",
      "cities": [
        { "city_name": "Gəncə" },
        { "city_name": "Şəmkir" },
        { "city_name": "Qazax" },
        { "city_name": "Tovuz" },
        { "city_name": "Samux" },
        { "city_name": "Ağstafa" },
        { "city_name": "Daşkəsən" },
        { "city_name": "Goranboy" },
        { "city_name": "Balakən" },
        { "city_name": "Qəbələ" },
        { "city_name": "Şəki" },
        { "city_name": "Zaqatala" },
        { "city_name": "Qax" },
        { "city_name": "Oğuz" },
        { "city_name": "Qazmalar" },
        { "city_name": "Şamaxı" },
        { "city_name": "Göygöl" },
        { "city_name": "Yevlax" },
        { "city_name": "Göyçay" },
        { "city_name": "Salyan" },
        { "city_name": "Ağdaş" },
        { "city_name": "Ağsu" },
        { "city_name": "İsmayıllı" },
        { "city_name": "Bərdə" }
      ]
    },
    {
      "province_name": "Karabakh Region",
      "cities": [
        { "city_name": "Xankəndi" },
        { "city_name": "Şuşa" },
        { "city_name": "Ağdam" },
        { "city_name": "Xocavənd" },
        { "city_name": "Laçın" },
        { "city_name": "Qubadlı" },
        { "city_name": "Füzuli" },
        { "city_name": "Kəlbəcər" },
        { "city_name": "Cəbrayıl" },
        { "city_name": "Tərtər" },
        { "city_name": "Qaradağlı" },
        { "city_name": "Ağdərə" },
        { "city_name": "Hadrut" }
      ]
    },
    {
      "province_name": "Central and Southern Regions",
      "cities": [
        { "city_name": "Mingəçevir" },
        { "city_name": "Lənkəran" },
        { "city_name": "Şirvan" },
        { "city_name": "Maştağa" },
        { "city_name": "Astara" },
        { "city_name": "Masallı" },
        { "city_name": "Cəlilabad" },
        { "city_name": "Neftçala" },
        { "city_name": "Siyəzən" },
        { "city_name": "Saatlı" },
        { "city_name": "Sabirabad" },
        { "city_name": "Biləsuvar" },
        { "city_name": "Hacıqabul" },
        { "city_name": "Qobustan" },
        { "city_name": "Ucar" },
        { "city_name": "İmişli" },
        { "city_name": "Kürdəmir" },
        { "city_name": "Sədərək" },
        { "city_name": "Zərdab" },
        { "city_name": "Lerik" },
        { "city_name": "Yardımlı" },
        { "city_name": "Xaçmaz" },
        { "city_name": "Quba" },
        { "city_name": "Qusar" }
      ]
    },
    {
      "province_name": "Other Areas",
      "cities": [
        { "city_name": "Xudat" },
        { "city_name": "Əliabad" },
        { "city_name": "Saray" },
        { "city_name": "Naftalan" },
        { "city_name": "Göytəpə" },
        { "city_name": "Boladı" },
        { "city_name": "Gədəbəy" },
        { "city_name": "Zəyəm" },
        { "city_name": "Qovlar" },
        { "city_name": "Gədəbəy" },
        { "city_name": "Əfətli" },
        { "city_name": "Bəcirəvan" },
        { "city_name": "Banbaşı" },
        { "city_name": "Şiləvar" },
        { "city_name": "Şahbuz" },
        { "city_name": "Dəvəçi" },
        { "city_name": "Xızı" },
        { "city_name": "Xocalı" }
      ]
    }
  ]
}
