{
    "country_name": "Guatemala",
    "country_id": "GT",
    "provinces": [
        {
            "province_name": "Departamento de Zacapa",
            "cities": [
                {
                    "city_name": "Municipio de Zacapa"
                },
                {
                    "city_name": "Municipio de Usumatlan"
                },
                {
                    "city_name": "Municipio de Teculutan"
                },
                {
                    "city_name": "Municipio de San Diego"
                },
                {
                    "city_name": "Municipio de Rio Hondo"
                },
                {
                    "city_name": "Municipio de La Union"
                },
                {
                    "city_name": "Municipio de Huite"
                },
                {
                    "city_name": "Municipio de Gualan"
                },
                {
                    "city_name": "Municipio de Estanzuela"
                },
                {
                    "city_name": "Municipio de Cabanas"
                },
                {
                    "city_name": "Municipio de San Jorge"
                }
            ]
        },
        {
            "province_name": "Departamento de Totonicapan",
            "cities": [
                {
                    "city_name": "Municipio de Totonicapan"
                },
                {
                    "city_name": "Municipio de Santa Maria Chiquimula"
                },
                {
                    "city_name": "Municipio de Santa Lucia La Reforma"
                },
                {
                    "city_name": "Municipio de San Francisco El Alto"
                },
                {
                    "city_name": "Municipio de San Cristobal Totonicapan"
                },
                {
                    "city_name": "Municipio de San Bartolo"
                },
                {
                    "city_name": "Municipio de San Andres Xecul"
                },
                {
                    "city_name": "Municipio de Momostenango"
                }
            ]
        },
        {
            "province_name": "Departamento de Suchitepequez",
            "cities": [
                {
                    "city_name": "Municipio de Zunilito"
                },
                {
                    "city_name": "Municipio de Santo Tomas La Union"
                },
                {
                    "city_name": "Municipio de Santo Domingo Suchitepequez"
                },
                {
                    "city_name": "Municipio de Santa Barbara"
                },
                {
                    "city_name": "Municipio de San Pablo Jocopilas"
                },
                {
                    "city_name": "Municipio de San Miguel Panan"
                },
                {
                    "city_name": "Municipio de San Lorenzo"
                },
                {
                    "city_name": "Municipio de San Juan Bautista"
                },
                {
                    "city_name": "Municipio de San Jose El Idolo"
                },
                {
                    "city_name": "Municipio de San Gabriel"
                },
                {
                    "city_name": "Municipio de San Francisco Zapotitlan"
                },
                {
                    "city_name": "Municipio de San Bernardino"
                },
                {
                    "city_name": "Municipio de San Antonio Suchitepequez"
                },
                {
                    "city_name": "Municipio de Samayac"
                },
                {
                    "city_name": "Municipio de Rio Bravo"
                },
                {
                    "city_name": "Municipio de Pueblo Nuevo"
                },
                {
                    "city_name": "Municipio de Patulul"
                },
                {
                    "city_name": "Municipio de Mazatenango"
                },
                {
                    "city_name": "Municipio de Cuyotenango"
                },
                {
                    "city_name": "Municipio de Chicacao"
                },
                {
                    "city_name": "Municipio de San Jose La Maquina"
                }
            ]
        },
        {
            "province_name": "Departamento de Solola",
            "cities": [
                {
                    "city_name": "Municipio de Solola"
                },
                {
                    "city_name": "Municipio de Santiago Atitlan"
                },
                {
                    "city_name": "Municipio de Santa Maria Visitacion"
                },
                {
                    "city_name": "Municipio de Santa Lucia Utatlan"
                },
                {
                    "city_name": "Municipio de Santa Cruz La Laguna"
                },
                {
                    "city_name": "Municipio de Santa Clara La Laguna"
                },
                {
                    "city_name": "Municipio de Santa Catarina Palopo"
                },
                {
                    "city_name": "Municipio de Santa Catarina Ixtahuacan"
                },
                {
                    "city_name": "Municipio de San Pedro La Laguna"
                },
                {
                    "city_name": "Municipio de San Pablo La Laguna"
                },
                {
                    "city_name": "Municipio de San Marcos La Laguna"
                },
                {
                    "city_name": "Municipio de San Lucas Toliman"
                },
                {
                    "city_name": "Municipio de San Juan La Laguna"
                },
                {
                    "city_name": "Municipio de San Jose Chacaya"
                },
                {
                    "city_name": "Municipio de San Antonio Palopo"
                },
                {
                    "city_name": "Municipio de San Andres Semetabaj"
                },
                {
                    "city_name": "Municipio de Panajachel"
                },
                {
                    "city_name": "Municipio de Nahuala"
                },
                {
                    "city_name": "Municipio de Concepcion"
                },
                {
                    "city_name": "Lago de Atitlan"
                }
            ]
        },
        {
            "province_name": "Departamento de Santa Rosa",
            "cities": [
                {
                    "city_name": "Municipio de Taxisco"
                },
                {
                    "city_name": "Municipio de Santa Rosa de Lima"
                },
                {
                    "city_name": "Municipio de Santa Maria Ixhuatan"
                },
                {
                    "city_name": "Municipio de Santa Cruz Naranjo"
                },
                {
                    "city_name": "Municipio de San Rafael Las Flores"
                },
                {
                    "city_name": "Municipio de San Juan Tecuaco"
                },
                {
                    "city_name": "Municipio de Pueblo Nuevo Vinas"
                },
                {
                    "city_name": "Municipio de Oratorio"
                },
                {
                    "city_name": "Municipio de Nueva Santa Rosa"
                },
                {
                    "city_name": "Municipio de Guazacapan"
                },
                {
                    "city_name": "Municipio de Cuilapa"
                },
                {
                    "city_name": "Municipio de Chiquimulilla"
                },
                {
                    "city_name": "Municipio de Casillas"
                },
                {
                    "city_name": "Municipio de Barberena"
                }
            ]
        },
        {
            "province_name": "Departamento de San Marcos",
            "cities": [
                {
                    "city_name": "Municipio de Tejutla"
                },
                {
                    "city_name": "Municipio de Tajumulco"
                },
                {
                    "city_name": "Municipio de Tacana"
                },
                {
                    "city_name": "Municipio de Sipacapa"
                },
                {
                    "city_name": "Municipio de Sibinal"
                },
                {
                    "city_name": "Municipio de San Rafael Pie de La Cuesta"
                },
                {
                    "city_name": "Municipio de San Pedro Sacatepequez"
                },
                {
                    "city_name": "Municipio de San Pablo"
                },
                {
                    "city_name": "Municipio de San Miguel Ixtahuacan"
                },
                {
                    "city_name": "Municipio de San Marcos"
                },
                {
                    "city_name": "Municipio de San Lorenzo"
                },
                {
                    "city_name": "Municipio de San Jose Ojetenam"
                },
                {
                    "city_name": "Municipio de San Cristobal Cucho"
                },
                {
                    "city_name": "Municipio de San Antonio Sacatepequez"
                },
                {
                    "city_name": "Municipio de Rio Blanco"
                },
                {
                    "city_name": "Municipio de Pajapita"
                },
                {
                    "city_name": "Municipio de Ocos"
                },
                {
                    "city_name": "Municipio de Nuevo Progreso"
                },
                {
                    "city_name": "Municipio de Malacatan"
                },
                {
                    "city_name": "Municipio de La Reforma"
                },
                {
                    "city_name": "Municipio de Ixchiguan"
                },
                {
                    "city_name": "Municipio de Esquipulas Palo Gordo"
                },
                {
                    "city_name": "Municipio de El Tumbador"
                },
                {
                    "city_name": "Municipio de San Jose El Rodeo"
                },
                {
                    "city_name": "Municipio de El Quetzal"
                },
                {
                    "city_name": "Municipio de Concepcion Tutuapa"
                },
                {
                    "city_name": "Municipio de Comitancillo"
                },
                {
                    "city_name": "Municipio de Catarina"
                },
                {
                    "city_name": "Municipio de Ayutla"
                },
                {
                    "city_name": "Municipio de La Blanca"
                }
            ]
        },
        {
            "province_name": "Departamento de Sacatepequez",
            "cities": [
                {
                    "city_name": "Municipio de Sumpango"
                },
                {
                    "city_name": "Municipio de Santo Domingo Xenacoj"
                },
                {
                    "city_name": "Municipio de Santiago Sacatepequez"
                },
                {
                    "city_name": "Municipio de Santa Maria de Jesus"
                },
                {
                    "city_name": "Municipio de Santa Lucia Milpas Altas"
                },
                {
                    "city_name": "Municipio de Santa Catarina Barahona"
                },
                {
                    "city_name": "Municipio de San Miguel Duenas"
                },
                {
                    "city_name": "Municipio de San Lucas Sacatepequez"
                },
                {
                    "city_name": "Municipio de San Bartolome Milpas Altas"
                },
                {
                    "city_name": "Municipio de San Antonio Aguas Calientes"
                },
                {
                    "city_name": "Municipio de Pastores"
                },
                {
                    "city_name": "Municipio de Magdalena Milpas Altas"
                },
                {
                    "city_name": "Municipio de Jocotenango"
                },
                {
                    "city_name": "Municipio de Ciudad Vieja"
                },
                {
                    "city_name": "Municipio de Antigua"
                },
                {
                    "city_name": "Municipio de Alotenango"
                }
            ]
        },
        {
            "province_name": "Departamento de Retalhuleu",
            "cities": [
                {
                    "city_name": "Municipio de Santa Cruz Mulua"
                },
                {
                    "city_name": "Municipio de San Sebastian"
                },
                {
                    "city_name": "Municipio de San Martin Zapotitlan"
                },
                {
                    "city_name": "Municipio de San Felipe"
                },
                {
                    "city_name": "Municipio de San Andres Villa Seca"
                },
                {
                    "city_name": "Municipio de Retalhuleu"
                },
                {
                    "city_name": "Municipio de Nuevo San Carlos"
                },
                {
                    "city_name": "Municipio de El Asintal"
                },
                {
                    "city_name": "Municipio de Champerico"
                }
            ]
        },
        {
            "province_name": "Departamento del Quiche",
            "cities": [
                {
                    "city_name": "Municipio de Uspantan"
                },
                {
                    "city_name": "Municipio de Santa Cruz del Quiche"
                },
                {
                    "city_name": "Municipio de San Pedro Jocopilas"
                },
                {
                    "city_name": "Municipio de San Juan Cotzal"
                },
                {
                    "city_name": "Municipio de San Bartolome Jocotenango"
                },
                {
                    "city_name": "Municipio de San Antonio Ilotenango"
                },
                {
                    "city_name": "Municipio de San Andres Sajcabaja"
                },
                {
                    "city_name": "Municipio de Sacapulas"
                },
                {
                    "city_name": "Municipio de Patzite"
                },
                {
                    "city_name": "Municipio de Nebaj"
                },
                {
                    "city_name": "Municipio de Joyabaj"
                },
                {
                    "city_name": "Municipio de Cunen"
                },
                {
                    "city_name": "Municipio de Chinique"
                },
                {
                    "city_name": "Municipio de Santo Tomas Chichicastenango"
                },
                {
                    "city_name": "Municipio de Chiche"
                },
                {
                    "city_name": "Municipio de Chajul"
                },
                {
                    "city_name": "Municipio de Canilla"
                },
                {
                    "city_name": "Municipio de Ixcan"
                },
                {
                    "city_name": "Municipio de Chicaman"
                },
                {
                    "city_name": "Municipio de Zacualpa"
                },
                {
                    "city_name": "Municipio de Pachalum"
                }
            ]
        },
        {
            "province_name": "Departamento de Quetzaltenango",
            "cities": [
                {
                    "city_name": "Municipio de Zunil"
                },
                {
                    "city_name": "Municipio de Sibilia"
                },
                {
                    "city_name": "Municipio de San Miguel Siguila"
                },
                {
                    "city_name": "Municipio de San Mateo"
                },
                {
                    "city_name": "Municipio de San Martin Sacatepequez"
                },
                {
                    "city_name": "Municipio de San Francisco La Union"
                },
                {
                    "city_name": "Municipio de San Carlos Sija"
                },
                {
                    "city_name": "Municipio de Salcaja"
                },
                {
                    "city_name": "Municipio de Quetzaltenango"
                },
                {
                    "city_name": "Municipio de Palestina de los Altos"
                },
                {
                    "city_name": "Municipio de Ostuncalco"
                },
                {
                    "city_name": "Municipio de Olintepeque"
                },
                {
                    "city_name": "Municipio de La Esperanza"
                },
                {
                    "city_name": "Municipio de Huitan"
                },
                {
                    "city_name": "Municipio de Genova Costa Cuca"
                },
                {
                    "city_name": "Municipio de Flores Costa Cuca"
                },
                {
                    "city_name": "Municipio de El Palmar"
                },
                {
                    "city_name": "Municipio de Concepcion Chiquirichapa"
                },
                {
                    "city_name": "Municipio de Colomba Costa Cuca"
                },
                {
                    "city_name": "Municipio de Coatepeque"
                },
                {
                    "city_name": "Municipio de Cantel"
                },
                {
                    "city_name": "Municipio de Cajola"
                },
                {
                    "city_name": "Municipio de Cabrican"
                },
                {
                    "city_name": "Municipio de Almolonga"
                },
                {
                    "city_name": "Municipo de San Juan Ostuncalco"
                }
            ]
        },
        {
            "province_name": "Departamento del Peten",
            "cities": [
                {
                    "city_name": "Municipio de Sayaxche"
                },
                {
                    "city_name": "Municipio de Santa Ana"
                },
                {
                    "city_name": "Municipio de San Luis"
                },
                {
                    "city_name": "Municipio de San Jose"
                },
                {
                    "city_name": "Municipio de San Francisco"
                },
                {
                    "city_name": "Municipio de San Benito"
                },
                {
                    "city_name": "Municipio de San Andres"
                },
                {
                    "city_name": "Municipio de Poptun"
                },
                {
                    "city_name": "Municipio de Melchor de Mencos"
                },
                {
                    "city_name": "Municipio de La Libertad"
                },
                {
                    "city_name": "Municipio de Flores"
                },
                {
                    "city_name": "Municipio de Dolores"
                },
                {
                    "city_name": "Las Cruces"
                },
                {
                    "city_name": "Municipio de El Chal"
                }
            ]
        },
        {
            "province_name": "Departamento de Jutiapa",
            "cities": [
                {
                    "city_name": "Municipio de Zapotitlan"
                },
                {
                    "city_name": "Municipio de Yupiltepeque"
                },
                {
                    "city_name": "Municipio de Santa Catarina Mita"
                },
                {
                    "city_name": "Municipio de San Jose Acatempa"
                },
                {
                    "city_name": "Municipio de Quesada"
                },
                {
                    "city_name": "Municipio de Pasaco"
                },
                {
                    "city_name": "Municipio de Moyuta"
                },
                {
                    "city_name": "Municipio de Jutiapa"
                },
                {
                    "city_name": "Municipio de Jerez"
                },
                {
                    "city_name": "Municipio de Jalpatagua"
                },
                {
                    "city_name": "Municipio de El Progreso"
                },
                {
                    "city_name": "Municipio de El Adelanto"
                },
                {
                    "city_name": "Municipio de Conguaco"
                },
                {
                    "city_name": "Municipio de Comapa"
                },
                {
                    "city_name": "Municipio de Atescatempa"
                },
                {
                    "city_name": "Municipio de Asuncion Mita"
                },
                {
                    "city_name": "Municipio de Agua Blanca"
                }
            ]
        },
        {
            "province_name": "Departamento de Jalapa",
            "cities": [
                {
                    "city_name": "Municipio de San Pedro Pinula"
                },
                {
                    "city_name": "Municipio de San Manuel Chaparron"
                },
                {
                    "city_name": "Municipio de San Luis Jilotepeque"
                },
                {
                    "city_name": "Municipio de San Carlos Alzatate"
                },
                {
                    "city_name": "Municipio de Monjas"
                },
                {
                    "city_name": "Municipio de Mataquescuintla"
                },
                {
                    "city_name": "Municipio de Jalapa"
                }
            ]
        },
        {
            "province_name": "Departamento de Izabal",
            "cities": [
                {
                    "city_name": "Municipio de Puerto Barrios"
                },
                {
                    "city_name": "Municipio de Morales"
                },
                {
                    "city_name": "Municipio de Los Amates"
                },
                {
                    "city_name": "Municipio de Livingston"
                },
                {
                    "city_name": "Municipio de El Estor"
                }
            ]
        },
        {
            "province_name": "Departamento de Huehuetenango",
            "cities": [
                {
                    "city_name": "Municipio de Todos Santos Cuchumatan"
                },
                {
                    "city_name": "Municipio de Tectitan"
                },
                {
                    "city_name": "Municipio de Soloma"
                },
                {
                    "city_name": "Municipio de Santiago Chimaltenango"
                },
                {
                    "city_name": "Municipio de Santa Eulalia"
                },
                {
                    "city_name": "Municipio de Santa Barbara"
                },
                {
                    "city_name": "Municipio de Santa Ana Huista"
                },
                {
                    "city_name": "Municipio de San Sebastian Huehuetenango"
                },
                {
                    "city_name": "Municipio de San Sebastian Coatan"
                },
                {
                    "city_name": "Municipio de San Rafael Petzal"
                },
                {
                    "city_name": "Municipio de San Rafael La Independencia"
                },
                {
                    "city_name": "Municipio de San Pedro Necta"
                },
                {
                    "city_name": "Municipio de San Miguel Acatan"
                },
                {
                    "city_name": "Municipio de San Mateo Ixtatan"
                },
                {
                    "city_name": "Municipio de San Juan Ixcoy"
                },
                {
                    "city_name": "Municipio de San Juan Atitan"
                },
                {
                    "city_name": "Municipio de San Gaspar Ixchil"
                },
                {
                    "city_name": "Municipio de San Antonio Huista"
                },
                {
                    "city_name": "Municipio de Nenton"
                },
                {
                    "city_name": "Municipio de Malacatancito"
                },
                {
                    "city_name": "Municipio de La Libertad"
                },
                {
                    "city_name": "Municipio de La Democracia"
                },
                {
                    "city_name": "Municipio de Jacaltenango"
                },
                {
                    "city_name": "Municipio de San Ildefonso Ixtahuacan"
                },
                {
                    "city_name": "Municipio de Huehuetenango"
                },
                {
                    "city_name": "Municipio de Cuilco"
                },
                {
                    "city_name": "Municipio de Concepcion Huista"
                },
                {
                    "city_name": "Municipio de Colotenango"
                },
                {
                    "city_name": "Municipio de Chiantla"
                },
                {
                    "city_name": "Municipio de Barillas"
                },
                {
                    "city_name": "Municipio de Aguacatan"
                },
                {
                    "city_name": "Municipio de Union Cantinil"
                },
                {
                    "city_name": "Municipo de Union Cantinil"
                },
                {
                    "city_name": "Municipo de San Ildefonso Ixtahuacan"
                }
            ]
        },
        {
            "province_name": "Departamento de Guatemala",
            "cities": [
                {
                    "city_name": "Municipio de Villa Nueva"
                },
                {
                    "city_name": "Municipio de Villa Canales"
                },
                {
                    "city_name": "Municipio de Santa Catarina Pinula"
                },
                {
                    "city_name": "Municipio de San Raimundo"
                },
                {
                    "city_name": "Municipio de San Pedro Sacatepequez"
                },
                {
                    "city_name": "Municipio de San Pedro Ayampuc"
                },
                {
                    "city_name": "Municipio de San Juan Sacatepequez"
                },
                {
                    "city_name": "Municipio de San Jose Pinula"
                },
                {
                    "city_name": "Municipio de San Jose del Golfo"
                },
                {
                    "city_name": "Municipio de Petapa"
                },
                {
                    "city_name": "Municipio de Palencia"
                },
                {
                    "city_name": "Municipio de Mixco"
                },
                {
                    "city_name": "Municipio de Guatemala"
                },
                {
                    "city_name": "Municipio de Fraijanes"
                },
                {
                    "city_name": "Municipio de Chuarrancho"
                },
                {
                    "city_name": "Municipio de Chinautla"
                },
                {
                    "city_name": "Municipio de Amatitlan"
                },
                {
                    "city_name": "Lago de Amatitlan"
                }
            ]
        },
        {
            "province_name": "Departamento de Escuintla",
            "cities": [
                {
                    "city_name": "Municipio de Tiquisate"
                },
                {
                    "city_name": "Municipio de Siquinala"
                },
                {
                    "city_name": "Municipio de San Vicente Pacaya"
                },
                {
                    "city_name": "Municipio de Santa Lucia Cotzumalguapa"
                },
                {
                    "city_name": "Municipio de San Jose"
                },
                {
                    "city_name": "Municipio de Palin"
                },
                {
                    "city_name": "Municipio de Nueva Concepcion"
                },
                {
                    "city_name": "Municipio de Masagua"
                },
                {
                    "city_name": "Municipio de La Gomera"
                },
                {
                    "city_name": "Municipio de La Democracia"
                },
                {
                    "city_name": "Municipio de Iztapa"
                },
                {
                    "city_name": "Municipio de Guanagazapa"
                },
                {
                    "city_name": "Municipio de Escuintla"
                }
            ]
        },
        {
            "province_name": "Departamento de El Progreso",
            "cities": [
                {
                    "city_name": "Municipio de Sansare"
                },
                {
                    "city_name": "Municipio de San Cristobal Acasaguastlan"
                },
                {
                    "city_name": "Municipio de Sanarate"
                },
                {
                    "city_name": "Municipio de San Antonio La Paz"
                },
                {
                    "city_name": "Municipio de San Agustin Acasaguastlan"
                },
                {
                    "city_name": "Municipio de Morazan"
                },
                {
                    "city_name": "Municipio de El Progreso"
                },
                {
                    "city_name": "Municipio de El Jicaro"
                },
                {
                    "city_name": "San Cristobal Acasguastlan"
                },
                {
                    "city_name": "Municipio de Guastatoya"
                }
            ]
        },
        {
            "province_name": "Departamento de Chiquimula",
            "cities": [
                {
                    "city_name": "Municipio de San Juan Ermita"
                },
                {
                    "city_name": "Municipio de San Jose La Arada"
                },
                {
                    "city_name": "Municipio de San Jacinto"
                },
                {
                    "city_name": "Municipio de Quezaltepeque"
                },
                {
                    "city_name": "Municipio de Olopa"
                },
                {
                    "city_name": "Municipio de Jocotan"
                },
                {
                    "city_name": "Municipio de Ipala"
                },
                {
                    "city_name": "Municipio de Esquipulas"
                },
                {
                    "city_name": "Municipio de Concepcion Las Minas"
                },
                {
                    "city_name": "Municipio de Chiquimula"
                },
                {
                    "city_name": "Municipio de Camotan"
                }
            ]
        },
        {
            "province_name": "Departamento de Chimaltenango",
            "cities": [
                {
                    "city_name": "Municipio de Zaragoza"
                },
                {
                    "city_name": "Municipio de Yepocapa"
                },
                {
                    "city_name": "Municipio de Tecpan Guatemala"
                },
                {
                    "city_name": "Municipio de Santa Cruz Balanya"
                },
                {
                    "city_name": "Municipio de Santa Apolonia"
                },
                {
                    "city_name": "Municipio de San Martin Jilotepeque"
                },
                {
                    "city_name": "Municipio de San Jose Poaquil"
                },
                {
                    "city_name": "Municipio de San Andres Itzapa"
                },
                {
                    "city_name": "Municipio de Pochuta"
                },
                {
                    "city_name": "Municipio de Patzun"
                },
                {
                    "city_name": "Municipio de Patzicia"
                },
                {
                    "city_name": "Municipio de Parramos"
                },
                {
                    "city_name": "Municipio de El Tejar"
                },
                {
                    "city_name": "Municipio de San Juan Comalapa"
                },
                {
                    "city_name": "Municipio de Chimaltenango"
                },
                {
                    "city_name": "Municipio de Acatenango"
                },
                {
                    "city_name": "San Juan Comalapa"
                }
            ]
        },
        {
            "province_name": "Departamento de Baja Verapaz",
            "cities": [
                {
                    "city_name": "Municipio de San Miguel Chicaj"
                },
                {
                    "city_name": "Municipio de San Jeronimo"
                },
                {
                    "city_name": "Municipio de Salama"
                },
                {
                    "city_name": "Municipio de Rabinal"
                },
                {
                    "city_name": "Municipio de Purulha"
                },
                {
                    "city_name": "Municipio de Granados"
                },
                {
                    "city_name": "Municipio de El Chol"
                },
                {
                    "city_name": "Municipio de Cubulco"
                }
            ]
        },
        {
            "province_name": "Departamento de Alta Verapaz",
            "cities": [
                {
                    "city_name": "Municipio de Tucuru"
                },
                {
                    "city_name": "Municipio de Tamahu"
                },
                {
                    "city_name": "Municipio de Tactic"
                },
                {
                    "city_name": "Municipio de Senahu"
                },
                {
                    "city_name": "Municipio de Santa Cruz Verapaz"
                },
                {
                    "city_name": "Municipio de San Pedro Carcha"
                },
                {
                    "city_name": "Municipio de San Juan Chamelco"
                },
                {
                    "city_name": "Municipio de San Cristobal Verapaz"
                },
                {
                    "city_name": "Municipio de Panzos"
                },
                {
                    "city_name": "Municipio de Lanquin"
                },
                {
                    "city_name": "Municipio de Coban"
                },
                {
                    "city_name": "Municipio de Chisec"
                },
                {
                    "city_name": "Municipio de Chahal"
                },
                {
                    "city_name": "Municipio de Santa Maria Cahabon"
                },
                {
                    "city_name": "Municipio de Fray Bartolome de las Casas"
                },
                {
                    "city_name": "Raxruja"
                },
                {
                    "city_name": "Santa Catarina La Tinta"
                },
                {
                    "city_name": "Municipo de La Tinta"
                },
                {
                    "city_name": "Municipo de Raxruha"
                }
            ]
        }
    ]
}