{
  "country_name": "Vanuatu",
  "country_id": "VU",
  "provinces": [
    {
      "province_name": "Tafea Province",
      "cities": [{ "city_name": "Isangel" }]
    },
    {
      "province_name": "Sanma Province",
      "cities": [{ "city_name": "Luganville" }]
    },
    {
      "province_name": "Torba Province",
      "cities": [{ "city_name": "Sola" }]
    },
    {
      "province_name": "Malampa Province",
      "cities": [{ "city_name": "Norsup" }, { "city_name": "Lakatoro" }]
    },
    {
      "province_name": "Penama Province",
      "cities": [{ "city_name": "Saratamata" }]
    },
    {
      "province_name": "Shefa Province",
      "cities": [{ "city_name": "Port-Vila" }, { "city_name": "Pango" }]
    }
  ]
}
