{
  "country_name": "Tonga",
  "country_id": "TO",
  "provinces": [
    {
      "province_name": "Tongatapu",
      "cities": [
        { "city_name": "Nuku‘alofa" },
        { "city_name": "Kolovai" },
        { "city_name": "Pangaimotu" },
        { "city_name": "Fo‘ui" },
        { "city_name": "Ha‘asini" },
        { "city_name": "Kanokupolu" },
        { "city_name": "Ha‘alalo" },
        { "city_name": "Veitongo" },
        { "city_name": "Nukuleka" },
        { "city_name": "Taliai Camp" },
        { "city_name": "Ha‘atafu" },
        { "city_name": "Hā‘utu" },
        { "city_name": "Haveluliku" },
        { "city_name": "Ha‘ateiho" },
        { "city_name": "Niutoua" },
        { "city_name": "Lapaha" },
        { "city_name": "Houmakelikao" },
        { "city_name": "Nukunuku" },
        { "city_name": "Lotoha’apai" },
        { "city_name": "Ha‘avakatolo" },
        { "city_name": "Nakolo" },
        { "city_name": "Talasiu" },
        { "city_name": "Alaki" },
        { "city_name": "Makaunga" },
        { "city_name": "Utulau" },
        { "city_name": "Tatakamotonga" },
        { "city_name": "Navutoka" },
        { "city_name": "Matahau" },
        { "city_name": "Hoi" },
        { "city_name": "Vaotu‘u" },
        { "city_name": "Vaini" },
        { "city_name": "Ahau" },
        { "city_name": "Longoteme" },
        { "city_name": "Fatai" },
        { "city_name": "Puke" },
        { "city_name": "Kolonga" },
        { "city_name": "Ha‘akili" },
        { "city_name": "Koloua" },
        { "city_name": "Masilamea" },
        { "city_name": "Ha‘akame" },
        { "city_name": "Haveluloto" },
        { "city_name": "Pea" },
        { "city_name": "Tofoa" },
        { "city_name": "Nukuhetulu" },
        { "city_name": "Houma" },
        { "city_name": "Lakepa" },
        { "city_name": "Pelehake" },
        { "city_name": "Malapo" },
        { "city_name": "Kolofuu" },
        { "city_name": "Afa" },
        { "city_name": "Talafo‘ou" },
        { "city_name": "Neiafu" },
        { "city_name": "Fahefa" },
        { "city_name": "Kala‘au" },
        { "city_name": "Hofoa" },
        { "city_name": "Fua‘amotu" },
        { "city_name": "Lavengatonga" },
        { "city_name": "Te‘ekiu" },
        { "city_name": "Tokomololo" },
        { "city_name": "Holonga" },
        { "city_name": "Manuka" },
        { "city_name": "Fatumu" },
        { "city_name": "Liahona" },
        { "city_name": "Folaha" },
        { "city_name": "Hamula" },
        { "city_name": "Mu‘a" },
        { "city_name": "Hihifo" }
      ]
    },
    {
      "province_name": "Niuas",
      "cities": [{ "city_name": "Niuatoputapu" }, { "city_name": "Niuafo'ou" }]
    }
  ]
}
