{
  "country_name": "Moldova",
  "country_id": "MD",
  "provinces": [
    {
      "province_name": "Raionul Edinet",
      "cities": [{ "city_name": "Edineţ" }, { "city_name": "Cupcini" }]
    },
    {
      "province_name": "Raionul Ungheni",
      "cities": [{ "city_name": "Ungheni" }]
    },
    {
      "province_name": "Telenesti",
      "cities": [{ "city_name": "Teleneşti" }]
    },
    {
      "province_name": "Taraclia",
      "cities": []
    },
    {
      "province_name": "Raionul Stefan Voda",
      "cities": [{ "city_name": "Ştefan Vodă" }]
    },
    {
      "province_name": "Raionul Straseni",
      "cities": [{ "city_name": "Străşeni" }]
    },
    {
      "province_name": "Raionul Soroca",
      "cities": [{ "city_name": "Soroca" }]
    },
    {
      "province_name": "Riscani",
      "cities": [{ "city_name": "Rîşcani" }]
    },
    {
      "province_name": "Rezina",
      "cities": [{ "city_name": "Rezina" }]
    },
    {
      "province_name": "Orhei",
      "cities": [{ "city_name": "Orhei" }]
    },
    {
      "province_name": "Raionul Ocnita",
      "cities": [{ "city_name": "Ocniţa" }]
    },
    {
      "province_name": "Anenii Noi",
      "cities": [{ "city_name": "Anenii Noi" }]
    },
    {
      "province_name": "Nisporeni",
      "cities": [{ "city_name": "Nisporeni" }]
    },
    {
      "province_name": "Leova",
      "cities": [{ "city_name": "Leova" }]
    },
    {
      "province_name": "Singerei",
      "cities": [{ "city_name": "Sîngerei" }]
    },
    {
      "province_name": "Criuleni",
      "cities": [{ "city_name": "Criuleni" }]
    },
    {
      "province_name": "Ialoveni",
      "cities": [{ "city_name": "Ialoveni" }]
    },
    {
      "province_name": "Municipiul Chisinau",
      "cities": [
        { "city_name": "Chisinau" },
        { "city_name": "Durleşti" },
        { "city_name": "Codru" },
        { "city_name": "Truşeni" },
        { "city_name": "Băcioi" },
        { "city_name": "Sîngera" },
        { "city_name": "Stăuceni" },
        { "city_name": "Bubuieci" },
        { "city_name": "Ciorescu" },
        { "city_name": "Vadul lui Vodă" },
        { "city_name": "Ghidighici" },
        { "city_name": "Budeşti" },
        { "city_name": "Coloniţa" },
        { "city_name": "Cricova" },
        { "city_name": "Grătieşti" },
        { "city_name": "Togatin" },
        { "city_name": "Petricani" }
      ]
    },
    {
      "province_name": "Raionul Causeni",
      "cities": [{ "city_name": "Căuşeni" }]
    },
    {
      "province_name": "Cantemir",
      "cities": [{ "city_name": "Cantemir" }]
    },
    {
      "province_name": "Raionul Calarasi",
      "cities": [{ "city_name": "Călăraşi" }]
    },
    {
      "province_name": "Raionul Cahul",
      "cities": []
    },
    {
      "province_name": "Glodeni",
      "cities": [{ "city_name": "Glodeni" }]
    },
    {
      "province_name": "Floresti",
      "cities": [{ "city_name": "Floreşti" }]
    },
    {
      "province_name": "Falesti",
      "cities": [{ "city_name": "Făleşti" }]
    },
    {
      "province_name": "Raionul Dubasari",
      "cities": []
    },
    {
      "province_name": "Raionul Drochia",
      "cities": [{ "city_name": "Drochia" }]
    },
    {
      "province_name": "Donduseni",
      "cities": [{ "city_name": "Donduşeni" }]
    },
    {
      "province_name": "Cimislia",
      "cities": [{ "city_name": "Cimişlia" }]
    },
    {
      "province_name": "Briceni",
      "cities": [{ "city_name": "Briceni" }]
    },
    {
      "province_name": "Basarabeasca",
      "cities": [{ "city_name": "Basarabeasca" }]
    },
    {
      "province_name": "Hincesti",
      "cities": [{ "city_name": "Hînceşti" }]
    },
    {
      "province_name": "Soldanesti",
      "cities": [{ "city_name": "Şoldăneşti" }]
    },
    {
      "province_name": "Unitatea Teritoriala din Stinga Nistrului",
      "cities": []
    },
    {
      "province_name": "Gagauzia",
      "cities": [
        { "city_name": "Comrat" },
        { "city_name": "Ceadîr-Lunga" },
        { "city_name": "Vulcăneşti" },
        { "city_name": "Congaz" },
        { "city_name": "Copceac" },
        { "city_name": "Cazaclia" },
        { "city_name": "Chirsova" },
        { "city_name": "Baurci" },
        { "city_name": "Avdarma" },
        { "city_name": "Beşalma" },
        { "city_name": "Tomai" },
        { "city_name": "Dezghingea" },
        { "city_name": "Gaidar" },
        { "city_name": "Beşghioz" }
      ]
    },
    {
      "province_name": "Municipiul Bender",
      "cities": [{ "city_name": "Bender" }]
    },
    {
      "province_name": "Municipiul Balti",
      "cities": [{ "city_name": "Bălţi" }]
    }
  ]
}
