{
  "country_name": "Liechtenstein",
  "country_id": "LI",
  "provinces": [
    {
      "province_name": "Vaduz",
      "cities": [
        { "city_name": "Vaduz" },
        { "city_name": "Berg" },
        { "city_name": "Betsche" },
        { "city_name": "Bi den undera Hötta" },
        { "city_name": "Bim Stall" },
        { "city_name": "Loch" },
        { "city_name": "Möliholz" },
        { "city_name": "Fromahus" },
        { "city_name": "Lums" },
        { "city_name": "Höfe" },
        { "city_name": "Studaberg" },
        { "city_name": "Riethof" },
        { "city_name": "Breita" },
        { "city_name": "Badäl" },
        { "city_name": "Mäls" },
        { "city_name": "Valüna" },
        { "city_name": "Welda Bongert" },
        { "city_name": "Nasshagga" },
        { "city_name": "Wangerbärg" }
      ]
    },
    {
      "province_name": "Triesenberg",
      "cities": [{ "city_name": "Triesenberg" }]
    },
    {
      "province_name": "Triesen",
      "cities": [{ "city_name": "Triesen" }]
    },
    {
      "province_name": "Schellenberg",
      "cities": [{ "city_name": "Schellenberg" }]
    },
    {
      "province_name": "Schaan",
      "cities": [{ "city_name": "Schaan" }, { "city_name": "Schaanwald" }]
    },
    {
      "province_name": "Ruggell",
      "cities": [{ "city_name": "Ruggell" }]
    },
    {
      "province_name": "Planken",
      "cities": [{ "city_name": "Planken" }]
    },
    {
      "province_name": "Mauren",
      "cities": [{ "city_name": "Mauren" }, { "city_name": "Nendeln" }]
    },
    {
      "province_name": "Gamprin",
      "cities": [{ "city_name": "Gamprin" }, { "city_name": "Bendern" }]
    },
    {
      "province_name": "Eschen",
      "cities": [{ "city_name": "Eschen" }]
    },
    {
      "province_name": "Balzers",
      "cities": [{ "city_name": "Balzers" }]
    }
  ]
}
