{
  "country_name": "Liberia",
  "country_id": "LR",
  "provinces": [
    {
      "province_name": "Sinoe County",
      "cities": [
        {
          "city_name": "Wedjah-Cabade"
        },
        {
          "city_name": "Toto"
        },
        {
          "city_name": "Topo"
        },
        {
          "city_name": "Tasu"
        },
        {
          "city_name": "Tarjuazon"
        },
        {
          "city_name": "Seedor"
        },
        {
          "city_name": "Nuohn Point"
        },
        {
          "city_name": "Numo"
        },
        {
          "city_name": "Nana Kru"
        },
        {
          "city_name": "Nake"
        },
        {
          "city_name": "Matro"
        },
        {
          "city_name": "Kulu"
        },
        {
          "city_name": "Kabor"
        },
        {
          "city_name": "Seekon"
        },
        {
          "city_name": "Jeetrah"
        },
        {
          "city_name": "Jeadepo"
        },
        {
          "city_name": "Butaw"
        },
        {
          "city_name": "Pyneston District"
        },
        {
          "city_name": "Kulu Shaw Boe District"
        },
        {
          "city_name": "Plahn Nyarn District"
        },
        {
          "city_name": "Juarzon District"
        },
        {
          "city_name": "Pynes Town District"
        },
        {
          "city_name": "Wedjah District"
        },
        {
          "city_name": "Greenville District"
        },
        {
          "city_name": "Kpayan District"
        },
        {
          "city_name": "Dugbe River District"
        },
        {
          "city_name": "Bokon District"
        },
        {
          "city_name": "Jaedae District"
        },
        {
          "city_name": "Bodae District"
        },
        {
          "city_name": "Sanquin District Number One"
        },
        {
          "city_name": "Sanquin District Number Two"
        },
        {
          "city_name": "Sanquin District Number Three"
        }
      ]
    },
    {
      "province_name": "Nimba County",
      "cities": [
        {
          "city_name": "Zo-Ge"
        },
        {
          "city_name": "Yarwein Mehnsonnoh"
        },
        {
          "city_name": "Sanniquellie Mahn"
        },
        {
          "city_name": "Sagleipie-Ma"
        },
        {
          "city_name": "Keaple"
        },
        {
          "city_name": "Gbokole"
        },
        {
          "city_name": "Gbi and Doru"
        },
        {
          "city_name": "Gbehlay-Geh"
        },
        {
          "city_name": "Doe"
        },
        {
          "city_name": "Sanniquelleh- Mahn"
        },
        {
          "city_name": "Saclepea-Mah"
        },
        {
          "city_name": "Tappita"
        },
        {
          "city_name": "Wee-Gbehy-Mahn"
        },
        {
          "city_name": "Kparblee District"
        },
        {
          "city_name": "Boe and Quilla District"
        },
        {
          "city_name": "Buu-Yao District"
        },
        {
          "city_name": "Zoe-Gbao District"
        },
        {
          "city_name": "Gbor District"
        },
        {
          "city_name": "Leewehpea-Mahn District"
        },
        {
          "city_name": "Meinpea-Mahn District"
        },
        {
          "city_name": "Garr-Bain District"
        },
        {
          "city_name": "Twan River District"
        },
        {
          "city_name": "Yarpea Mahn District"
        },
        {
          "city_name": "Yarmein District"
        }
      ]
    },
    {
      "province_name": "Montserrado County",
      "cities": [
        {
          "city_name": "Todee"
        },
        {
          "city_name": "Kakata"
        },
        {
          "city_name": "Ding"
        },
        {
          "city_name": "Careysburg"
        },
        {
          "city_name": "Topee"
        },
        {
          "city_name": "Mambah-Kaba"
        },
        {
          "city_name": "Greater Monrovia"
        },
        {
          "city_name": "St. Paul River"
        },
        {
          "city_name": "Saint Paul River District"
        },
        {
          "city_name": "Commonwealth District"
        }
      ]
    },
    {
      "province_name": "Maryland County",
      "cities": [
        {
          "city_name": "Yederabo"
        },
        {
          "city_name": "Tuobo"
        },
        {
          "city_name": "Sodoke"
        },
        {
          "city_name": "Rock Town"
        },
        {
          "city_name": "Po River"
        },
        {
          "city_name": "Pleebo/Sodoken"
        },
        {
          "city_name": "Picnicess"
        },
        {
          "city_name": "Pate"
        },
        {
          "city_name": "Nyanbo"
        },
        {
          "city_name": "Nemea"
        },
        {
          "city_name": "Little Wrebo"
        },
        {
          "city_name": "Grawa"
        },
        {
          "city_name": "Glebo"
        },
        {
          "city_name": "Gedetarbo"
        },
        {
          "city_name": "Gedabo"
        },
        {
          "city_name": "Gbeta Klepo"
        },
        {
          "city_name": "Gbelakpo"
        },
        {
          "city_name": "Gbarlobo"
        },
        {
          "city_name": "Flenipo"
        },
        {
          "city_name": "Firestone"
        },
        {
          "city_name": "Dorobo"
        },
        {
          "city_name": "Dedabo"
        },
        {
          "city_name": "Cavalla"
        },
        {
          "city_name": "Bolobo"
        },
        {
          "city_name": "Barobo"
        },
        {
          "city_name": "Pleebo/Sodeken District"
        },
        {
          "city_name": "Whojah District"
        },
        {
          "city_name": "Gwelekpoken District"
        },
        {
          "city_name": "Nyorken District"
        },
        {
          "city_name": "Karluway Number One District"
        },
        {
          "city_name": "Karluway Number Two District"
        }
      ]
    },
    {
      "province_name": "Lofa County",
      "cities": [
        {
          "city_name": "Waiglomai-Woniglomai"
        },
        {
          "city_name": "Kisi"
        },
        {
          "city_name": "Kambo Hills"
        },
        {
          "city_name": "Guma-Mendi"
        },
        {
          "city_name": "Gizima-Ziema"
        },
        {
          "city_name": "Gbandi"
        },
        {
          "city_name": "Gbalein Faala"
        },
        {
          "city_name": "Bonde-Wubomai"
        },
        {
          "city_name": "Guma"
        },
        {
          "city_name": "Vahun District"
        },
        {
          "city_name": "Foya District"
        },
        {
          "city_name": "Kolahun District"
        },
        {
          "city_name": "Voinjama District"
        },
        {
          "city_name": "Zorzor District"
        },
        {
          "city_name": "Salayea District"
        },
        {
          "city_name": "Quardu Gboni District"
        }
      ]
    },
    {
      "province_name": "Grand Gedeh County",
      "cities": [
        {
          "city_name": "Tchien"
        },
        {
          "city_name": "Putu"
        },
        {
          "city_name": "Niabo"
        },
        {
          "city_name": "Konobo"
        },
        {
          "city_name": "Glio-Twarbo"
        },
        {
          "city_name": "Gbobo"
        },
        {
          "city_name": "Gbazohn"
        },
        {
          "city_name": "B'hai District"
        },
        {
          "city_name": "Gboe-Ploe District"
        },
        {
          "city_name": "Gbao District"
        },
        {
          "city_name": "Cavala District"
        }
      ]
    },
    {
      "province_name": "Grand Cape Mount County",
      "cities": [
        {
          "city_name": "Tombe"
        },
        {
          "city_name": "Tewor"
        },
        {
          "city_name": "Porkpa District"
        },
        {
          "city_name": "Kone"
        },
        {
          "city_name": "Gola Konneh"
        },
        {
          "city_name": "Garwula"
        },
        {
          "city_name": "Robertsport District"
        },
        {
          "city_name": "Commonwealth District"
        }
      ]
    },
    {
      "province_name": "Grand Bassa County",
      "cities": [
        {
          "city_name": "Three B"
        },
        {
          "city_name": "Three A"
        },
        {
          "city_name": "Tenor"
        },
        {
          "city_name": "Jayah"
        },
        {
          "city_name": "Glarkon"
        },
        {
          "city_name": "Trade Town"
        },
        {
          "city_name": "Five A"
        },
        {
          "city_name": "Campwood"
        },
        {
          "city_name": "District #1"
        },
        {
          "city_name": "District #2"
        },
        {
          "city_name": "District #3"
        },
        {
          "city_name": "Owensgrove District"
        },
        {
          "city_name": "Saint John River City District"
        },
        {
          "city_name": "Neekreen District"
        },
        {
          "city_name": "Commonwealth District"
        },
        {
          "city_name": "District Number One"
        },
        {
          "city_name": "District Number Two"
        },
        {
          "city_name": "District Number Three"
        },
        {
          "city_name": "District Number Four"
        }
      ]
    },
    {
      "province_name": "Bong County",
      "cities": [
        {
          "city_name": "Zota"
        },
        {
          "city_name": "Sanoyeah"
        },
        {
          "city_name": "Panta"
        },
        {
          "city_name": "Nyafokole"
        },
        {
          "city_name": "Kokoyah"
        },
        {
          "city_name": "Jorquelleh"
        },
        {
          "city_name": "Fuamah"
        },
        {
          "city_name": "Jorquelleh"
        },
        {
          "city_name": "Suakoko"
        },
        {
          "city_name": "Salala"
        },
        {
          "city_name": "Yeallequelleh District"
        },
        {
          "city_name": "Kpaai District"
        },
        {
          "city_name": "Boinsen District"
        },
        {
          "city_name": "Tukpahblee District"
        }
      ]
    },
    {
      "province_name": "Bomi County",
      "cities": [
        {
          "city_name": "Suehn Mecca District"
        },
        {
          "city_name": "Gola"
        },
        {
          "city_name": "Dei"
        },
        {
          "city_name": "Klay District"
        },
        {
          "city_name": "Senjeh District"
        },
        {
          "city_name": "Dowein District"
        }
      ]
    },
    {
      "province_name": "Grand Kru County",
      "cities": [
        {
          "city_name": "Webado"
        },
        {
          "city_name": "Sasstown"
        },
        {
          "city_name": "Lower Jloh"
        },
        {
          "city_name": "Grand Cess Wedabo"
        },
        {
          "city_name": "Garraway"
        },
        {
          "city_name": "Buah"
        },
        {
          "city_name": "Bolloh District"
        },
        {
          "city_name": "Barclayville"
        },
        {
          "city_name": "Forpoh District"
        },
        {
          "city_name": "Wlogba District"
        },
        {
          "city_name": "Dweh District"
        },
        {
          "city_name": "Kpi District"
        },
        {
          "city_name": "Dorbor District"
        },
        {
          "city_name": "Fenetoe District"
        },
        {
          "city_name": "Upper Jloh District"
        },
        {
          "city_name": "Nrokwia-Wesldow District"
        },
        {
          "city_name": "Felo-Jekwi District"
        },
        {
          "city_name": "Bleebo District"
        },
        {
          "city_name": "Trenbo District"
        }
      ]
    },
    {
      "province_name": "Margibi County",
      "cities": [
        {
          "city_name": "Mambah Kaba"
        },
        {
          "city_name": "Gibi"
        },
        {
          "city_name": "Firestone"
        }
      ]
    },
    {
      "province_name": "River Cess County",
      "cities": [
        {
          "city_name": "Rock Cess"
        },
        {
          "city_name": "Mowe"
        },
        {
          "city_name": "Doedain District"
        },
        {
          "city_name": "Jo River District"
        },
        {
          "city_name": "Norwein District"
        },
        {
          "city_name": "Central River Cess District"
        },
        {
          "city_name": "Fen River District"
        },
        {
          "city_name": "Zarflahn District"
        },
        {
          "city_name": "Beawor District"
        },
        {
          "city_name": "Sam Gbalor District"
        }
      ]
    },
    {
      "province_name": "Gbarpolu County",
      "cities": [
        {
          "city_name": "Kongba District"
        },
        {
          "city_name": "Goije"
        },
        {
          "city_name": "Bopolu"
        },
        {
          "city_name": "Bokomu"
        },
        {
          "city_name": "Belleh"
        },
        {
          "city_name": "Gounwolaila District"
        },
        {
          "city_name": "Gbarma District"
        }
      ]
    },
    {
      "province_name": "River Gee County",
      "cities": [
        {
          "city_name": "Webbo District"
        },
        {
          "city_name": "Tuobo"
        },
        {
          "city_name": "Tienpo"
        },
        {
          "city_name": "Sarbo"
        },
        {
          "city_name": "Palipo"
        },
        {
          "city_name": "Kitabo"
        },
        {
          "city_name": "Glaro"
        },
        {
          "city_name": "Gbeapo District"
        },
        {
          "city_name": "Chedepo"
        },
        {
          "city_name": "Karforh District"
        },
        {
          "city_name": "Nanee District"
        },
        {
          "city_name": "Nyenawliken District"
        },
        {
          "city_name": "Potupo District"
        },
        {
          "city_name": "Nyenebo District"
        }
      ]
    }
  ]
}
