{
  "country_name": "Kuwait",
  "country_id": "KW",
  "provinces": [
    {
      "province_name": "Al Asimah Governorate",
      "cities": [{ "city_name": "Kuwait City" }]
    },
    {
      "province_name": "Muhafazat al Jahra'",
      "cities": [{ "city_name": "Al Jahrā’" }]
    },
    {
      "province_name": "Muhafazat al Ahmadi",
      "cities": [
        { "city_name": "Al Aḩmadī" },
        { "city_name": "Abū Ḩulayfah" },
        { "city_name": "Ar Riqqah" },
        { "city_name": "Al Bida‘" },
        { "city_name": "An Nijfah" },
        { "city_name": "Al Funayţīs" },
        { "city_name": "Aş Şabāḩīyah" },
        { "city_name": "Duwaydāt" },
        { "city_name": "Ju‘aydān" },
        { "city_name": "Aţ Ţawīl" },
        { "city_name": "‘Urayfijān" },
        { "city_name": "Al Qurayn" },
        { "city_name": "Aḑ Ḑibā‘īyah" },
        { "city_name": "Al Maqwa‘" },
        { "city_name": "Al ‘Uqaylah" },
        { "city_name": "An Nuqayyāt" },
        { "city_name": "Az Zawr" },
        { "city_name": "Al Manqaf" },
        { "city_name": "Manīfah" },
        { "city_name": "Şubayḩīyah" },
        { "city_name": "Al Khīrān" },
        { "city_name": "Al Mahbūlah" },
        { "city_name": "Al Wafrah" }
      ]
    },
    {
      "province_name": "Muhafazat al Farwaniyah",
      "cities": [
        { "city_name": "Al Farwānīyah" },
        { "city_name": "Al ‘Udaylīyah" },
        { "city_name": "Abraq Khayţān" },
        { "city_name": "Al ‘Abbāsīyah" },
        { "city_name": "Ash Shadādīyah" }
      ]
    },
    {
      "province_name": "Muhafazat Mubarak al Kabir",
      "cities": [
        { "city_name": "Al Quşūr" },
        { "city_name": "Mishrif" },
        { "city_name": "Al Massīlah" },
        { "city_name": "Mubārak al Kabīr" }
      ]
    }
  ]
}
