{
  "country_name": "Mauritius",
  "country_id": "MU",
  "provinces": [
    {
      "province_name": "Savanne District",
      "cities": [
        { "city_name": "Surinam" },
        { "city_name": "Saint Felix" },
        { "city_name": "Pomponnette" },
        { "city_name": "Riambel" },
        { "city_name": "Bel Étang" },
        { "city_name": "Belmont" },
        { "city_name": "Roche Terre" },
        { "city_name": "Médine" },
        { "city_name": "Saint Antoine" }
      ]
    },
    {
      "province_name": "Riviere du Rempart District",
      "cities": [
        { "city_name": "Goodlands" },
        { "city_name": "Petit Verger" },
        { "city_name": "Grand dans Fond" },
        { "city_name": "Solitude" },
        { "city_name": "Bon Air" },
        { "city_name": "Cinq Arpents" },
        { "city_name": "Saint Pierre" },
        { "city_name": "Rivière Baptiste" },
        { "city_name": "Belmont" },
        { "city_name": "Roche Terre" },
        { "city_name": "Médine" },
        { "city_name": "Bel Étang" },
        { "city_name": "Madame Azor" },
        { "city_name": "Mon Désert" },
        { "city_name": "Camp Auguste" },
        { "city_name": "Côte d’Or" },
        { "city_name": "Trou aux Biches" },
        { "city_name": "Belvédère" },
        { "city_name": "Cottage" },
        { "city_name": "Forbach" },
        { "city_name": "Notre Dame" }
      ]
    },
    {
      "province_name": "Port Louis District",
      "cities": [
        { "city_name": "Port Louis" },
        { "city_name": "Le Hochet" },
        { "city_name": "Baie du Tombeau" },
        { "city_name": "Riche Terre" },
        { "city_name": "Richelieu" },
        { "city_name": "Chébel" },
        { "city_name": "Grand River North West" },
        { "city_name": "Les Casernes" },
        { "city_name": "La Rotraite" },
        { "city_name": "Coromandel" },
        { "city_name": "Terre Rouge" },
        { "city_name": "Belle Étoile" }
      ]
    },
    {
      "province_name": "Plaines Wilhems District",
      "cities": [
        { "city_name": "Curepipe" },
        { "city_name": "Quatre Bornes" },
        { "city_name": "Rose Hill" },
        { "city_name": "Beau Bassin" },
        { "city_name": "Ebène" },
        { "city_name": "Stanley" },
        { "city_name": "Floréal" },
        { "city_name": "Eaux Coulée" },
        { "city_name": "Malherbes" },
        { "city_name": "Carreau La Liane" },
        { "city_name": "Mare Samson" },
        { "city_name": "Pellegrin" },
        { "city_name": "Camp Caval" },
        { "city_name": "Petit Verger" },
        { "city_name": "Petit Camp" },
        { "city_name": "Forest Side" },
        { "city_name": "Engrais Cathan" },
        { "city_name": "Solférino" },
        { "city_name": "Bonne Terre" },
        { "city_name": "River Side" },
        { "city_name": "Trianon" },
        { "city_name": "Vacoas" },
        { "city_name": "Glen Park" },
        { "city_name": "Petite Rivière" },
        { "city_name": "Réunion" },
        { "city_name": "La Marie" },
        { "city_name": "Phoenix" },
        { "city_name": "Belle Rose" },
        { "city_name": "La Source" },
        { "city_name": "Engrais Martial" }
      ]
    },
    {
      "province_name": "Grand Port District",
      "cities": [
        { "city_name": "Rose Belle" },
        { "city_name": "Mahébourg" },
        { "city_name": "Plaisance" },
        { "city_name": "Ville Noire" },
        { "city_name": "Holyrood" },
        { "city_name": "Bois Marchand" },
        { "city_name": "Bois Pignolet" },
        { "city_name": "La Cocoterie" },
        { "city_name": "Richeterre" },
        { "city_name": "Léonbourg" },
        { "city_name": "Camp La Savanne" },
        { "city_name": "Camp Roches" },
        { "city_name": "Mesnil" },
        { "city_name": "La Croisée" },
        { "city_name": "New Grove" },
        { "city_name": "Saint Paul" },
        { "city_name": "Mare d’Albert" },
        { "city_name": "Gros Billot" },
        { "city_name": "Bois d’Oiseaux" },
        { "city_name": "Camp Fouquereaux" },
        { "city_name": "Khoyratty" },
        { "city_name": "Bagatelle" },
        { "city_name": "Highlands" },
        { "city_name": "Belle Terre" },
        { "city_name": "Valentina" }
      ]
    },
    {
      "province_name": "Moka District",
      "cities": [
        { "city_name": "Quartier Militaire" },
        { "city_name": "Saint Pierre" },
        { "city_name": "L’Union" },
        { "city_name": "Camp Mapou" },
        { "city_name": "La Rosa" },
        { "city_name": "New Grove" },
        { "city_name": "Saint Paul" },
        { "city_name": "Phoenix" },
        { "city_name": "Mare d’Albert" },
        { "city_name": "Morcellemont Saint André" },
        { "city_name": "Triolet" }
      ]
    },
    {
      "province_name": "Flacq District",
      "cities": [
        { "city_name": "Camp Auguste" },
        { "city_name": "Côte d’Or" },
        { "city_name": "Trou aux Biches" },
        { "city_name": "Belvédère" },
        { "city_name": "Riambel" },
        { "city_name": "Cottage" },
        { "city_name": "Forbach" },
        { "city_name": "Notre Dame" }
      ]
    },
    {
      "province_name": "Black River District",
      "cities": [
        { "city_name": "Tamarin" },
        { "city_name": "Flic en Flac" },
        { "city_name": "Albion" },
        { "city_name": "Grande Rivière Noire" },
        { "city_name": "Case Noyale" },
        { "city_name": "Chamarel" },
        { "city_name": "La Gaulette" },
        { "city_name": "Le Morne" },
        { "city_name": "Petite Rivière Noire" }
      ]
    },
    {
      "province_name": "Rodrigues",
      "cities": [
        { "city_name": "Port Mathurin" },
        { "city_name": "La Ferme" },
        { "city_name": "Baie aux Huîtres" },
        { "city_name": "Baie du Nord" },
        { "city_name": "Baie Malgache" },
        { "city_name": "Baie Topaze" },
        { "city_name": "Baie du Nord" },
        { "city_name": "Baie Malgache" },
        { "city_name": "Baie Topaze" }
      ]
    }
  ]
}
