{
  "country_name": "Saint Vincent and the Grenadines",
  "country_id": "VC",
  "provinces": [
    {
      "province_name": "Parish of Saint Patrick",
      "cities": [{ "city_name": "Barrouallie" }]
    },
    {
      "province_name": "Parish of Saint George",
      "cities": [
        { "city_name": "Kingstown" },
        { "city_name": "Calliaqua" },
        { "city_name": "Greathead" },
        { "city_name": "Liberty Lodge" },
        { "city_name": "Redemption" },
        { "city_name": "Chauncey" },
        { "city_name": "Questelles" },
        { "city_name": "Camden Park" },
        { "city_name": "Montrose" },
        { "city_name": "Clare Valley" },
        { "city_name": "Pembroke" },
        { "city_name": "Edinboro" },
        { "city_name": "Dubois" },
        { "city_name": "Arnos Vale" },
        { "city_name": "Ribishi" },
        { "city_name": "Belmont" },
        { "city_name": "Stubbs" },
        { "city_name": "Brighton Village" },
        { "city_name": "Peruvian Vale" }
      ]
    },
    {
      "province_name": "Parish of Saint David",
      "cities": [{ "city_name": "Chateaubelair" }]
    },
    {
      "province_name": "Parish of Saint Andrew",
      "cities": []
    },
    {
      "province_name": "Grenadines",
      "cities": [
        { "city_name": "Port Elizabeth" },
        { "city_name": "Dovers" },
        { "city_name": "Paget Farm" },
        { "city_name": "Friendship" },
        { "city_name": "Cheltenham" }
      ]
    },
    {
      "province_name": "Parish of Charlotte",
      "cities": [
        { "city_name": "Mesopotamia" },
        { "city_name": "Richland Park" },
        { "city_name": "Greiggs" },
        { "city_name": "Adelphi" },
        { "city_name": "Biabou" },
        { "city_name": "Union" }
      ]
    }
  ]
}
