{
  "country_name": "Uruguay",
  "country_id": "UY",
  "provinces": [
    {
      "province_name": "Departamento de Treinta y Tres",
      "cities": [{ "city_name": "Treinta y Tres" }]
    },
    {
      "province_name": "Departamento de Tacuarembo",
      "cities": [{ "city_name": "Tacuarembó" }]
    },
    {
      "province_name": "Departamento de Soriano",
      "cities": [{ "city_name": "Mercedes" }]
    },
    {
      "province_name": "Departamento de San Jose",
      "cities": [
        { "city_name": "San José" },
        { "city_name": "Ciudad del Plata" }
      ]
    },
    {
      "province_name": "Departamento de Salto",
      "cities": [{ "city_name": "Salto" }]
    },
    {
      "province_name": "Departamento de Rocha",
      "cities": [{ "city_name": "Rocha" }]
    },
    {
      "province_name": "Departamento de Rivera",
      "cities": [{ "city_name": "Rivera" }]
    },
    {
      "province_name": "Departamento de Rio Negro",
      "cities": [{ "city_name": "Fray Bentos" }]
    },
    {
      "province_name": "Departamento de Paysandu",
      "cities": [{ "city_name": "Paysandú" }]
    },
    {
      "province_name": "Departamento de Montevideo",
      "cities": [{ "city_name": "Montevideo" }]
    },
    {
      "province_name": "Departamento de Maldonado",
      "cities": [{ "city_name": "Maldonado" }, { "city_name": "San Carlos" }]
    },
    {
      "province_name": "Departamento de Lavalleja",
      "cities": [{ "city_name": "Minas" }]
    },
    {
      "province_name": "Departamento de Florida",
      "cities": [{ "city_name": "Florida" }]
    },
    {
      "province_name": "Departamento de Flores",
      "cities": []
    },
    {
      "province_name": "Departamento de Durazno",
      "cities": [{ "city_name": "Durazno" }]
    },
    {
      "province_name": "Departamento de Colonia",
      "cities": [{ "city_name": "Colonia del Sacramento" }]
    },
    {
      "province_name": "Departamento de Cerro Largo",
      "cities": [{ "city_name": "Melo" }]
    },
    {
      "province_name": "Departamento de Canelones",
      "cities": [
        { "city_name": "Ciudad de la Costa" },
        { "city_name": "Las Piedras" },
        { "city_name": "Pando" },
        { "city_name": "Barros Blancos" },
        { "city_name": "Canelones" }
      ]
    },
    {
      "province_name": "Departamento de Artigas",
      "cities": [{ "city_name": "Artigas" }]
    }
  ]
}
