{
    "country_name": "Iran",
    "country_id": "IR",
    "provinces": [
        {
            "province_name": "Ostan-e Tehran",
            "cities": [
                {
                    "city_name": "Shahrestan-e Pakdasht"
                },
                {
                    "city_name": "Shahrestan-e Tehran"
                },
                {
                    "city_name": "Shahrestan-e Damavand"
                },
                {
                    "city_name": "Shahrestan-e Robat Karim"
                },
                {
                    "city_name": "Rey"
                },
                {
                    "city_name": "Shahrestan-e Shemiranat"
                },
                {
                    "city_name": "Shahrestan-e Shahriar"
                },
                {
                    "city_name": "Shahrestan-e Firuzkuh"
                },
                {
                    "city_name": "Shahrestan-e Varamin"
                },
                {
                    "city_name": "Shahrestan-e Malard"
                },
                {
                    "city_name": "Qods"
                },
                {
                    "city_name": "Shahrestan-e Baharestan"
                },
                {
                    "city_name": "Shahrestan-e Eslamshahr"
                },
                {
                    "city_name": "Shahrestan-e Pishva"
                }
            ]
        },
        {
            "province_name": "Ostan-e Zanjan",
            "cities": [
                {
                    "city_name": "Abhar"
                },
                {
                    "city_name": "Shahrestan-e Ijrud"
                },
                {
                    "city_name": "Shahrestan-e Khodabandeh"
                },
                {
                    "city_name": "Khorramdarreh"
                },
                {
                    "city_name": "Shahrestan-e Tarom"
                },
                {
                    "city_name": "Shahrestan-e Mahneshan"
                }
            ]
        },
        {
            "province_name": "Yazd",
            "cities": [
                {
                    "city_name": "Shahrestan-e Abarkuh"
                },
                {
                    "city_name": "Shahrestan-e Ardakan"
                },
                {
                    "city_name": "Shahrestan-e Bafq"
                },
                {
                    "city_name": "Taft"
                },
                {
                    "city_name": "Shahrestan-e Khatam"
                },
                {
                    "city_name": "Shahrestan-e Ashkezar"
                },
                {
                    "city_name": "Shahrestan-e Tabas"
                },
                {
                    "city_name": "Shahrestan-e Mehriz"
                },
                {
                    "city_name": "Meybod"
                },
                {
                    "city_name": "Shahrestan-e Yazd"
                },
                {
                    "city_name": "Shahrestan-e Behabad"
                }
            ]
        },
        {
            "province_name": "Ostan-e Semnan",
            "cities": [
                {
                    "city_name": "Mahdishahr"
                },
                {
                    "city_name": "Shahrestan-e Damghan"
                },
                {
                    "city_name": "Shahrestan-e Semnan"
                },
                {
                    "city_name": "Shahrestan-e Shahrud"
                },
                {
                    "city_name": "Shahrestan-e Garmsar"
                },
                {
                    "city_name": "Shahrestan-e Mayamey"
                },
                {
                    "city_name": "Shahrestan-e Aradan"
                },
                {
                    "city_name": "Sorkheh"
                }
            ]
        },
        {
            "province_name": "Ostan-e Mazandaran",
            "cities": [
                {
                    "city_name": "Shahrestan-e Amol"
                },
                {
                    "city_name": "Shahrestan-e Babol"
                },
                {
                    "city_name": "Shahrestan-e Babolsar"
                },
                {
                    "city_name": "Behshahr"
                },
                {
                    "city_name": "Shahrestan-e Tonekabon"
                },
                {
                    "city_name": "Shahrestan-e Juybar"
                },
                {
                    "city_name": "Shahrestan-e Chalus"
                },
                {
                    "city_name": "Shahrestan-e Ramsar"
                },
                {
                    "city_name": "Shahrestan-e Sari"
                },
                {
                    "city_name": "Shahrestan-e Savadkuh"
                },
                {
                    "city_name": "Shahrestan-e Qa'em Shahr"
                },
                {
                    "city_name": "Shahrestan-e Mahmudabad"
                },
                {
                    "city_name": "Shahrestan-e Neka"
                },
                {
                    "city_name": "Shahrestan-e Nur"
                },
                {
                    "city_name": "Nowshahr"
                },
                {
                    "city_name": "Savadkuh County"
                },
                {
                    "city_name": "Shahrestan-e `Abbasabad"
                },
                {
                    "city_name": "Shahrestan-e Galugah"
                },
                {
                    "city_name": "Shahrestan-e Miandorud"
                },
                {
                    "city_name": "Shahrestan-e Fareydunkenar"
                }
            ]
        },
        {
            "province_name": "Ostan-e Markazi",
            "cities": [
                {
                    "city_name": "Shahrestan-e Arak"
                },
                {
                    "city_name": "Tafresh"
                },
                {
                    "city_name": "Khomeyn"
                },
                {
                    "city_name": "Shahrestan-e Delijan"
                },
                {
                    "city_name": "Shahrestan-e Zarandiyeh"
                },
                {
                    "city_name": "Shahrestan-e Saveh"
                },
                {
                    "city_name": "Shahrestan-e Shazand"
                },
                {
                    "city_name": "Shahrestan-e Komijan"
                },
                {
                    "city_name": "Shahrestan-e Mahallat"
                },
                {
                    "city_name": "Shahrestan-e Farahan"
                },
                {
                    "city_name": "Shahrestan-e Khondab"
                }
            ]
        },
        {
            "province_name": "Ostan-e Lorestan",
            "cities": [
                {
                    "city_name": "Delfan"
                },
                {
                    "city_name": "Shahrestan-e Azna"
                },
                {
                    "city_name": "Shahrestan-e Aligudarz"
                },
                {
                    "city_name": "Shahrestan-e Borujerd"
                },
                {
                    "city_name": "Pol-e Dokhtar"
                },
                {
                    "city_name": "Shahrestan-e Khorramabad"
                },
                {
                    "city_name": "Shahrestan-e Delfan"
                },
                {
                    "city_name": "Dorud"
                },
                {
                    "city_name": "Selseleh"
                },
                {
                    "city_name": "Shahrestan-e Kuhdasht"
                },
                {
                    "city_name": "Shahrestan-e Dureh"
                }
            ]
        },
        {
            "province_name": "Ostan-e Kordestan",
            "cities": [
                {
                    "city_name": "Shahrestan-e Baneh"
                },
                {
                    "city_name": "Shahrestan-e Bijar"
                },
                {
                    "city_name": "Shahrestan-e Divandarreh"
                },
                {
                    "city_name": "Shahrestan-e Sarvabad"
                },
                {
                    "city_name": "Saqqez"
                },
                {
                    "city_name": "Sanandaj"
                },
                {
                    "city_name": "Qorveh"
                },
                {
                    "city_name": "Shahrestan-e Kamyaran"
                },
                {
                    "city_name": "Shahrestan-e Marivan"
                },
                {
                    "city_name": "Shahrestan-e Dehgolan"
                }
            ]
        },
        {
            "province_name": "Ostan-e Kohgiluyeh va Bowyer Ahmad",
            "cities": [
                {
                    "city_name": "Shahrestan-e Bowyer Ahmad"
                },
                {
                    "city_name": "Shahrestan-e Dana"
                },
                {
                    "city_name": "Shahrestan-e Kohgiluyeh"
                },
                {
                    "city_name": "Shahrestan-e Gachsaran"
                },
                {
                    "city_name": "Shahrestan-e Bahma'i"
                },
                {
                    "city_name": "Shahrestan-e Charam"
                },
                {
                    "city_name": "Shahrestan-e Basht"
                }
            ]
        },
        {
            "province_name": "Khuzestan",
            "cities": [
                {
                    "city_name": "Arvand Kenar"
                },
                {
                    "city_name": "Shahrestan-e Abadan"
                },
                {
                    "city_name": "Shahrestan-e Omidiyeh"
                },
                {
                    "city_name": "Shahrestan-e Andimeshk"
                },
                {
                    "city_name": "Shahrestan-e Ahvaz"
                },
                {
                    "city_name": "Shahrestan-e Izeh"
                },
                {
                    "city_name": "Bagh Shahrestan-e Malek"
                },
                {
                    "city_name": "Shahrestan-e Bandar-e Mahshahr"
                },
                {
                    "city_name": "Shahrestan-e Behbahan"
                },
                {
                    "city_name": "Khorramshahr"
                },
                {
                    "city_name": "Shahrestan-e Dezful"
                },
                {
                    "city_name": "Shahrestan-e Dasht-e Azadegan"
                },
                {
                    "city_name": "Shahrestan-e Ramhormoz"
                },
                {
                    "city_name": "Shahrestan-e Shadegan"
                },
                {
                    "city_name": "Shahrestan-e Shush"
                },
                {
                    "city_name": "Shahrestan-e Shushtar"
                },
                {
                    "city_name": "Shahrestan-e Lali"
                },
                {
                    "city_name": "Shahrestan-e Masjed Soleyman"
                },
                {
                    "city_name": "Shahrestan-e Hendijan"
                },
                {
                    "city_name": "Gotvand"
                },
                {
                    "city_name": "Shahrestan-e Andika"
                },
                {
                    "city_name": "Hoveyzeh"
                },
                {
                    "city_name": "Shahrestan-e Bavi"
                },
                {
                    "city_name": "Haftkel"
                },
                {
                    "city_name": "Shahrestan-e Ramshir"
                }
            ]
        },
        {
            "province_name": "Ostan-e Kermanshah",
            "cities": [
                {
                    "city_name": "Shahrestan-e Eslamabad-e Gharb"
                },
                {
                    "city_name": "Shahrestan-e Paveh"
                },
                {
                    "city_name": "Shahrestan-e Salas-e Baba Jani"
                },
                {
                    "city_name": "Shahrestan-e Javanrud"
                },
                {
                    "city_name": "Shahrestan-e Sarpol-e Zahab"
                },
                {
                    "city_name": "Sonqor"
                },
                {
                    "city_name": "Shahrestan-e Sahneh"
                },
                {
                    "city_name": "Shahrestan-e Qasr-e Shirin"
                },
                {
                    "city_name": "Shahrestan-e Kermanshah"
                },
                {
                    "city_name": "Shahrestan-e Kangavar"
                },
                {
                    "city_name": "Shahrestan-e Gilan-e Gharb"
                },
                {
                    "city_name": "Shahrestan-e Harsin"
                },
                {
                    "city_name": "Shahrestan-e Dalahu"
                },
                {
                    "city_name": "Shahrestan-e Ravansar"
                }
            ]
        },
        {
            "province_name": "Kerman",
            "cities": [
                {
                    "city_name": "Shahrestan-e Sirjan"
                },
                {
                    "city_name": "Shahrestan-e Baft"
                },
                {
                    "city_name": "Shahrestan-e Bardsir"
                },
                {
                    "city_name": "Bam"
                },
                {
                    "city_name": "Shahrestan-e Jiroft"
                },
                {
                    "city_name": "Ravar"
                },
                {
                    "city_name": "Shahrestan-e Rafsanjan"
                },
                {
                    "city_name": "Zarand"
                },
                {
                    "city_name": "Shahrestan-e Sirjan"
                },
                {
                    "city_name": "Shahrestan-e Shahr-e Babak"
                },
                {
                    "city_name": "Shahrestan-e `Anbarabad"
                },
                {
                    "city_name": "Shahrestan-e Kerman"
                },
                {
                    "city_name": "Shahrestan-e Kahnuj"
                },
                {
                    "city_name": "Shahrestan-e Manujan"
                },
                {
                    "city_name": "Shahrestan-e Anar"
                },
                {
                    "city_name": "Shahrestan-e Kuhbanan"
                },
                {
                    "city_name": "Shahrestan-e Rabor"
                },
                {
                    "city_name": "Shahrestan-e Orzu`iyeh"
                },
                {
                    "city_name": "Shahrestan-e Faryab"
                },
                {
                    "city_name": "Shahrestan-e Narmashir"
                },
                {
                    "city_name": "Fahraj"
                },
                {
                    "city_name": "Rigan"
                },
                {
                    "city_name": "Shahrestan-e Rudbar-e Jonubi"
                },
                {
                    "city_name": "Shahrestan-e Qal`eh Ganj"
                }
            ]
        },
        {
            "province_name": "Ostan-e Ilam",
            "cities": [
                {
                    "city_name": "Badreh"
                },
                {
                    "city_name": "Shahrestan-e Abdanan"
                },
                {
                    "city_name": "Shahrestan-e Ilam"
                },
                {
                    "city_name": "Shahrestan-e Eyvan"
                },
                {
                    "city_name": "Shahrestan-e Dehloran"
                },
                {
                    "city_name": "Shahrestan-e Shirvan va Chardaval"
                },
                {
                    "city_name": "Shahrestan-e Mehran"
                },
                {
                    "city_name": "Shahrestan-e Malekshahi"
                }
            ]
        },
        {
            "province_name": "Hormozgan",
            "cities": [
                {
                    "city_name": "Shahrestan-e Abu Musa"
                },
                {
                    "city_name": "Bastak"
                },
                {
                    "city_name": "Shahrestan-e Bandar `Abbas"
                },
                {
                    "city_name": "Bandar Lengeh"
                },
                {
                    "city_name": "Shahrestan-e Jask"
                },
                {
                    "city_name": "Shahrestan-e Hajjiabad"
                },
                {
                    "city_name": "Shahrestan-e Rudan"
                },
                {
                    "city_name": "Qeshm"
                },
                {
                    "city_name": "Shahrestan-e Minab"
                },
                {
                    "city_name": "Shahrestan-e Khamir"
                },
                {
                    "city_name": "Shahrestan-e Parsian"
                },
                {
                    "city_name": "Shahrestan-e Bashagard"
                },
                {
                    "city_name": "Shahrestan-e Sirik"
                }
            ]
        },
        {
            "province_name": "Ostan-e Hamadan",
            "cities": [
                {
                    "city_name": "Shahrestan-e Asadabad"
                },
                {
                    "city_name": "Shahrestan-e Bahar"
                },
                {
                    "city_name": "Shahrestan-e Tuyserkan"
                },
                {
                    "city_name": "Razan"
                },
                {
                    "city_name": "Shahrestan-e Kabudarahang"
                },
                {
                    "city_name": "Shahrestan-e Malayer"
                },
                {
                    "city_name": "Shahrestan-e Nahavand"
                },
                {
                    "city_name": "Shahrestan-e Hamadan"
                },
                {
                    "city_name": "Shahrestan-e Famenin"
                }
            ]
        },
        {
            "province_name": "Ostan-e Gilan",
            "cities": [
                {
                    "city_name": "Shahrestan-e Astara"
                },
                {
                    "city_name": "Shahrestan-e Astaneh-ye Ashrafiyeh"
                },
                {
                    "city_name": "Amlash"
                },
                {
                    "city_name": "Shahrestan-e Bandar-e Anzali"
                },
                {
                    "city_name": "Rasht"
                },
                {
                    "city_name": "Shahrestan-e Rezvanshahr"
                },
                {
                    "city_name": "Shahrestan-e Rudbar"
                },
                {
                    "city_name": "Shahrestan-e Rudsar"
                },
                {
                    "city_name": "Shahrestan-e Siahkal"
                },
                {
                    "city_name": "Shaft"
                },
                {
                    "city_name": "Shahrestan-e Sowme`eh Sara"
                },
                {
                    "city_name": "Shahrestan-e Fuman"
                },
                {
                    "city_name": "Shahrestan-e Lahijan"
                },
                {
                    "city_name": "Shahrestan-e Langarud"
                },
                {
                    "city_name": "Shahrestan-e Masal"
                },
                {
                    "city_name": "Shahrestan-e Talesh"
                }
            ]
        },
        {
            "province_name": "Fars",
            "cities": [
                {
                    "city_name": "Khesht Va Kamarej"
                },
                {
                    "city_name": "Shahrestan-e Fasa"
                },
                {
                    "city_name": "Mamasani"
                },
                {
                    "city_name": "Shahrestan-e Abadeh"
                },
                {
                    "city_name": "Shahrestan-e Arsanjan"
                },
                {
                    "city_name": "Shahrestan-e Estahban"
                },
                {
                    "city_name": "Shahrestan-e Bavanat"
                },
                {
                    "city_name": "Jahrom"
                },
                {
                    "city_name": "Shahrestan-e Khorrambid"
                },
                {
                    "city_name": "Shahrestan-e Darab"
                },
                {
                    "city_name": "Shahrestan-e Zarrin Dasht"
                },
                {
                    "city_name": "Shahrestan-e Sepidan"
                },
                {
                    "city_name": "Shahrestan-e Shiraz"
                },
                {
                    "city_name": "Shahrestan-e Farashband"
                },
                {
                    "city_name": "Shahrestan-e Fasa"
                },
                {
                    "city_name": "Shahrestan-e Firuzabad"
                },
                {
                    "city_name": "Shahrestan-e Qir va Karzin"
                },
                {
                    "city_name": "Shahrestan-e Kazerun"
                },
                {
                    "city_name": "Shahrestan-e Larestan"
                },
                {
                    "city_name": "Shahrestan-e Lamerd"
                },
                {
                    "city_name": "Marvdasht"
                },
                {
                    "city_name": "Shahrestan-e Mamasani"
                },
                {
                    "city_name": "Mohr"
                },
                {
                    "city_name": "Shahrestan-e Neyriz"
                },
                {
                    "city_name": "Shahrestan-e Eqlid"
                },
                {
                    "city_name": "Rostam"
                },
                {
                    "city_name": "Shahrestan-e Pasargad"
                },
                {
                    "city_name": "Shahrestan-e Kherameh"
                },
                {
                    "city_name": "Shahrestan-e Kavar"
                },
                {
                    "city_name": "Shahrestan-e Sarvestan"
                },
                {
                    "city_name": "Shahrestan-e Gerash"
                },
                {
                    "city_name": "Khonj"
                }
            ]
        },
        {
            "province_name": "Ostan-e Chahar Mahal va Bakhtiari",
            "cities": [
                {
                    "city_name": "Ardal"
                },
                {
                    "city_name": "Shahrestan-e Borujen"
                },
                {
                    "city_name": "Shahrekord"
                },
                {
                    "city_name": "Shahrestan-e Farsan"
                },
                {
                    "city_name": "Shahrestan-e Kuhrang"
                },
                {
                    "city_name": "Shahrestan-e Lordegan"
                },
                {
                    "city_name": "Shahrestan-e Kiar"
                }
            ]
        },
        {
            "province_name": "Bushehr",
            "cities": [
                {
                    "city_name": "Shahrestan-e Bushehr"
                },
                {
                    "city_name": "Shahrestan-e Tangestan"
                },
                {
                    "city_name": "Jam"
                },
                {
                    "city_name": "Shahrestan-e Dashtestan"
                },
                {
                    "city_name": "Shahrestan-e Dashti"
                },
                {
                    "city_name": "Deyr"
                },
                {
                    "city_name": "Deylam"
                },
                {
                    "city_name": "Shahrestan-e Kangan"
                },
                {
                    "city_name": "Shahrestan-e Genaveh"
                },
                {
                    "city_name": "Shahrestan-e `Asaluyeh"
                }
            ]
        },
        {
            "province_name": "East Azerbaijan",
            "cities": [
                {
                    "city_name": "Shahrestan-e Azarshahr"
                },
                {
                    "city_name": "Shahrestan-e Osku"
                },
                {
                    "city_name": "Ahar"
                },
                {
                    "city_name": "Shahrestan-e Bostanabad"
                },
                {
                    "city_name": "Shahrestan-e Bonab"
                },
                {
                    "city_name": "Shahrestan-e Tabriz"
                },
                {
                    "city_name": "Shahrestan-e Jolfa"
                },
                {
                    "city_name": "Shahrestan-e Charavimaq"
                },
                {
                    "city_name": "Shabestar"
                },
                {
                    "city_name": "Shahrestan-e `Ajab Shir"
                },
                {
                    "city_name": "Kaleybar"
                },
                {
                    "city_name": "Shahrestan-e Maragheh"
                },
                {
                    "city_name": "Marand"
                },
                {
                    "city_name": "Shahrestan-e Malekan"
                },
                {
                    "city_name": "Shahrestan-e Mianeh"
                },
                {
                    "city_name": "Shahrestan-e Heris"
                },
                {
                    "city_name": "Shahrestan-e Varzaqan"
                },
                {
                    "city_name": "Shahrestan-e Hashtrud"
                },
                {
                    "city_name": "Shahrestan-e Sarab"
                },
                {
                    "city_name": "Shahrestan-e Khoda Afarin"
                }
            ]
        },
        {
            "province_name": "Ostan-e Azarbayjan-e Gharbi",
            "cities": [
                {
                    "city_name": "Shahrestan-e Orumiyeh"
                },
                {
                    "city_name": "Shahrestan-e Oshnaviyeh"
                },
                {
                    "city_name": "Shahrestan-e Bukan"
                },
                {
                    "city_name": "Shahrestan-e Piranshahr"
                },
                {
                    "city_name": "Shahrestan-e Takab"
                },
                {
                    "city_name": "Shahrestan-e Chaldoran"
                },
                {
                    "city_name": "Khowy"
                },
                {
                    "city_name": "Sardasht"
                },
                {
                    "city_name": "Shahrestan-e Salmas"
                },
                {
                    "city_name": "Shahrestan-e Shahin Dezh"
                },
                {
                    "city_name": "Shahrestan-e Maku"
                },
                {
                    "city_name": "Shahrestan-e Mahabad"
                },
                {
                    "city_name": "Shahrestan-e Miandoab"
                },
                {
                    "city_name": "Naqadeh"
                },
                {
                    "city_name": "Showt"
                },
                {
                    "city_name": "Chaypareh"
                },
                {
                    "city_name": "Poldasht"
                }
            ]
        },
        {
            "province_name": "Ostan-e Ardabil",
            "cities": [
                {
                    "city_name": "Shahrestan-e Ardabil"
                },
                {
                    "city_name": "Shahrestan-e Bileh Savar"
                },
                {
                    "city_name": "Shahrestan-e Parsabad"
                },
                {
                    "city_name": "Shahrestan-e Kowsar"
                },
                {
                    "city_name": "Shahrestan-e Germi"
                },
                {
                    "city_name": "Shahrestan-e Meshgin Shahr"
                },
                {
                    "city_name": "Shahrestan-e Namin"
                },
                {
                    "city_name": "Shahrestan-e Nir"
                },
                {
                    "city_name": "Shahrestan-e Khalkhal"
                },
                {
                    "city_name": "Shahrestan-e Sar`eyn"
                }
            ]
        },
        {
            "province_name": "Isfahan",
            "cities": [
                {
                    "city_name": "Shahrestan-e Natanz"
                },
                {
                    "city_name": "Shahrestan-e Aran va Bidgol"
                },
                {
                    "city_name": "Shahrestan-e Ardestan"
                },
                {
                    "city_name": "Shahrestan-e Esfahan"
                },
                {
                    "city_name": "Shahrestan-e Borkhvar"
                },
                {
                    "city_name": "Shahrestan-e Tiran va Karvan"
                },
                {
                    "city_name": "Shahrestan-e Chadegan"
                },
                {
                    "city_name": "Shahrestan-e Khomeyni Shahr"
                },
                {
                    "city_name": "Shahrestan-e Khvansar"
                },
                {
                    "city_name": "Shahrestan-e Semirom"
                },
                {
                    "city_name": "Shahrestan-e Dehaqan"
                },
                {
                    "city_name": "Shahrestan-e Shahreza"
                },
                {
                    "city_name": "Fereydan"
                },
                {
                    "city_name": "Shahrestan-e Fareydunshahr"
                },
                {
                    "city_name": "Shahrestan-e Falavarjan"
                },
                {
                    "city_name": "Shahrestan-e Kashan"
                },
                {
                    "city_name": "Shahrestan-e Golpayegan"
                },
                {
                    "city_name": "Shahrestan-e Lenjan"
                },
                {
                    "city_name": "Shahrestan-e Mobarakeh"
                },
                {
                    "city_name": "Shahrestan-e Na'in"
                },
                {
                    "city_name": "Shahrestan-e Najafabad"
                },
                {
                    "city_name": "Shahrestan-e Natanz"
                },
                {
                    "city_name": "Shahrestan-e Khur va Biabanak"
                },
                {
                    "city_name": "Shahrestan-e Shahin Shahr va Meymeh"
                }
            ]
        },
        {
            "province_name": "Ostan-e Golestan",
            "cities": [
                {
                    "city_name": "Shahrestan-e Azadshahr"
                },
                {
                    "city_name": "Shahrestan-e Aq Qala"
                },
                {
                    "city_name": "Torkaman"
                },
                {
                    "city_name": "Bandar-e Gaz"
                },
                {
                    "city_name": "Shahrestan-e Ramian"
                },
                {
                    "city_name": "Shahrestan-e `Aliabad"
                },
                {
                    "city_name": "Shahrestan-e Kordkuy"
                },
                {
                    "city_name": "Shahrestan-e Kalaleh"
                },
                {
                    "city_name": "Shahrestan-e Gorgan"
                },
                {
                    "city_name": "Shahrestan-e Gonbad-e Kavus"
                },
                {
                    "city_name": "Shahrestan-e Minudasht"
                },
                {
                    "city_name": "Shahrestan-e Gomishan"
                },
                {
                    "city_name": "Shahrestan-e Maraveh Tappeh"
                },
                {
                    "city_name": "Shahrestan-e Galikesh"
                }
            ]
        },
        {
            "province_name": "Ostan-e Qazvin",
            "cities": [
                {
                    "city_name": "Abyek"
                },
                {
                    "city_name": "Shahrestan-e Bu'in Zahra"
                },
                {
                    "city_name": "Shahrestan-e Takestan"
                },
                {
                    "city_name": "Shahrestan-e Qazvin"
                }
            ]
        },
        {
            "province_name": "Qom",
            "cities": [
                {
                    "city_name": "Qom"
                }
            ]
        },
        {
            "province_name": "Sistan and Baluchestan",
            "cities": [
                {
                    "city_name": "Shahrestan-e Iranshahr"
                },
                {
                    "city_name": "Shahrestan-e Iranshahr"
                },
                {
                    "city_name": "Shahrestan-e Chabahar"
                },
                {
                    "city_name": "Shahrestan-e Khash"
                },
                {
                    "city_name": "Shahrestan-e Zabol"
                },
                {
                    "city_name": "Shahrestan-e Zahedan"
                },
                {
                    "city_name": "Shahrestan-e Saravan"
                },
                {
                    "city_name": "Shahrestan-e Sarbaz"
                },
                {
                    "city_name": "Shahrestan-e Nikshahr"
                },
                {
                    "city_name": "Zehak"
                },
                {
                    "city_name": "Shahrestan-e Hirmand"
                },
                {
                    "city_name": "Shahrestan-e Dalgan"
                },
                {
                    "city_name": "Shahrestan-e Konarak"
                },
                {
                    "city_name": "Shahrestan-e Mehrestan"
                },
                {
                    "city_name": "Shahrestan-e Sib va Suran"
                }
            ]
        },
        {
            "province_name": "Ostan-e Khorasan-e Jonubi",
            "cities": [
                {
                    "city_name": "Shahrestan-e Birjand"
                },
                {
                    "city_name": "Shahrestan-e Sarbisheh"
                },
                {
                    "city_name": "Ferdows"
                },
                {
                    "city_name": "Shahrestan-e Qa'en"
                },
                {
                    "city_name": "Shahrestan-e Nehbandan"
                },
                {
                    "city_name": "Shahrestan-e Darmian"
                },
                {
                    "city_name": "Boshruyeh"
                },
                {
                    "city_name": "Shahrestan-e Sarayan"
                },
                {
                    "city_name": "Shahrestan-e Khusf"
                },
                {
                    "city_name": "Shahrestan-e Zirkuh"
                }
            ]
        },
        {
            "province_name": "Ostan-e Khorasan-e Razavi",
            "cities": [
                {
                    "city_name": "Bardaskan"
                },
                {
                    "city_name": "Shahrestan-e Torbat-e Heydariyeh"
                },
                {
                    "city_name": "Shahrestan-e Chenaran"
                },
                {
                    "city_name": "Shahrestan-e Khalilabad"
                },
                {
                    "city_name": "Dargaz"
                },
                {
                    "city_name": "Shahrestan-e Roshtkhvar"
                },
                {
                    "city_name": "Shahrestan-e Sabzevar"
                },
                {
                    "city_name": "Shahrestan-e Fariman"
                },
                {
                    "city_name": "Shahrestan-e Quchan"
                },
                {
                    "city_name": "Shahrestan-e Kashmar"
                },
                {
                    "city_name": "Shahrestan-e Gonabad"
                },
                {
                    "city_name": "Mashhad"
                },
                {
                    "city_name": "Shahrestan-e Neyshabur"
                },
                {
                    "city_name": "Shahrestan-e Taybad"
                },
                {
                    "city_name": "Shahrestan-e Torbat-e Jam"
                },
                {
                    "city_name": "Shahrestan-e Khvaf"
                },
                {
                    "city_name": "Sarakhs"
                },
                {
                    "city_name": "Shahrestan-e Kalat"
                },
                {
                    "city_name": "Shahrestan-e Mah Velat"
                },
                {
                    "city_name": "Shahrestan-e Bajestan"
                },
                {
                    "city_name": "Shahrestan-e Joghatay"
                },
                {
                    "city_name": "Joveyn"
                },
                {
                    "city_name": "Shahrestan-e Khowshab"
                },
                {
                    "city_name": "Shahrestan-e Firuzeh"
                },
                {
                    "city_name": "Shahrestan-e Binalud"
                },
                {
                    "city_name": "Shahrestan-e Zaveh"
                },
                {
                    "city_name": "Shahrestan-e Bakharz"
                }
            ]
        },
        {
            "province_name": "Ostan-e Khorasan-e Shomali",
            "cities": [
                {
                    "city_name": "Shahrestan-e Esfarayen"
                },
                {
                    "city_name": "Shahrestan-e Bojnurd"
                },
                {
                    "city_name": "Shahrestan-e Jajarm"
                },
                {
                    "city_name": "Shahrestan-e Shirvan"
                },
                {
                    "city_name": "Shahrestan-e Maneh va Samalqan"
                },
                {
                    "city_name": "Shahrestan-e Faruj"
                },
                {
                    "city_name": "Garmeh"
                }
            ]
        },
        {
            "province_name": "Alborz",
            "cities": [
                {
                    "city_name": "Shahrestan-e Savojbolagh"
                },
                {
                    "city_name": "Karaj"
                },
                {
                    "city_name": "Shahrestan-e Nazarabad"
                },
                {
                    "city_name": "Shahrestan-e Taleqan"
                },
                {
                    "city_name": "Shahrestan-e Eshtehard"
                }
            ]
        }
    ]
}