{
  "country_name": "Andorra",
  "country_id": "AD",
  "province": true,
  "provinces": [
    {
      "province_name": "Andorra la Vella",
      "cities": [
        { "city_name": "Andorra la Vella" },
        { "city_name": "Santa Coloma" },
        { "city_name": "La Comella" }
      ]
    },
    {
      "province_name": "Escaldes-Engordany",
      "cities": [
        { "city_name": "Escaldes-Engordany" },
        { "city_name": "Engordany" },
        { "city_name": "Els Vilars" },
        { "city_name": "Engolasters" }
      ]
    },
    {
      "province_name": "Encamp",
      "cities": [
        { "city_name": "Encamp" },
        { "city_name": "Pas de la Casa" },
        { "city_name": "Les Bons" },
        { "city_name": "El Tremat" }
      ]
    },
    {
      "province_name": "La Massana",
      "cities": [
        { "city_name": "La Massana" },
        { "city_name": "Arinsal" },
        { "city_name": "Sispony" },
        { "city_name": "Anyós" },
        { "city_name": "Escàs" },
        { "city_name": "Erts" },
        { "city_name": "Pal" },
        { "city_name": "Xixerella" },
        { "city_name": "Mas de Ribafeta" }
      ]
    },
    {
      "province_name": "Sant Julià de Lòria",
      "cities": [
        { "city_name": "Sant Julià de Lòria" },
        { "city_name": "Aixirivall" },
        { "city_name": "Aubinyà" },
        { "city_name": "Juberri" },
        { "city_name": "Bixessarri" }
      ]
    },
    {
      "province_name": "Canillo",
      "cities": [
        { "city_name": "Canillo" },
        { "city_name": "El Tarter" },
        { "city_name": "Soldeu" },
        { "city_name": "Ransol" },
        { "city_name": "Incles" }
      ]
    },
    {
      "province_name": "Ordino",
      "cities": [
        { "city_name": "Ordino" },
        { "city_name": "La Cortinada" },
        { "city_name": "Arans" },
        { "city_name": "Llorts" },
        { "city_name": "El Serrat" }
      ]
    }
  ]
}
