{
  "country_name": "Brunei",
  "country_id": "BN",
  "provinces": [
    {
      "province_name": "Brunei-Muara",
      "cities": [
        { "city_name": "Bandar Seri Begawan" },
        { "city_name": "Seria" },
        { "city_name": "Kampong Tunah Jambu" },
        { "city_name": "Kampong Lambak" },
        { "city_name": "Kampong Mata Mata" },
        { "city_name": "Kampong Mulaut" },
        { "city_name": "Kampong Beribi" },
        { "city_name": "Kampong Rimba" },
        { "city_name": "Kampong Kiarong" },
        { "city_name": "Kuala Belait" },
        { "city_name": "Kampong Ranggu" },
        { "city_name": "Kampong Sungai Bubus" },
        { "city_name": "Kampong Jerudong" },
        { "city_name": "Kampong Peninjau" },
        { "city_name": "Kampong Kiulap" },
        { "city_name": "Kampong Serasa" },
        { "city_name": "Kampong Tanjong Nangka" },
        { "city_name": "Kampong Sungai Hanching" },
        { "city_name": "Kampong Jangsak" },
        { "city_name": "Kampong Tanjong" },
        { "city_name": "Kampong Kapok" },
        { "city_name": "Kampong Delima" },
        { "city_name": "Kampong Lumapas" },
        { "city_name": "Kampong Subok" },
        { "city_name": "Kampong Sengkurong" },
        { "city_name": "Kampong Sinarubai" },
        { "city_name": "Muara" },
        { "city_name": "Kampong Lugu" },
        { "city_name": "Kampong Katok" },
        { "city_name": "Kampong Penanjong" },
        { "city_name": "Kampong Sungai Besar" },
        { "city_name": "Kampong Junjongan" },
        { "city_name": "Kampong Sangkarai" },
        { "city_name": "Kampong Salam Bigar" },
        { "city_name": "Kampong Selayun" },
        { "city_name": "Kampong Salapit" },
        { "city_name": "Kampong Tulang" },
        { "city_name": "Kampong Bunot" },
        { "city_name": "Kampong Parit" },
        { "city_name": "Kampong Serusup" },
        { "city_name": "Kampong Nangka" },
        { "city_name": "Kampong Bebatek" },
        { "city_name": "Kampong Pugat" },
        { "city_name": "Kampong Pasang" },
        { "city_name": "Kampong Gadong" },
        { "city_name": "Kampong Batong" },
        { "city_name": "Kampong Mentiri" },
        { "city_name": "Kampong Kasat" },
        { "city_name": "Kampong Pegalayan" },
        { "city_name": "Kampong Penabai" },
        { "city_name": "Kampong Katimahar" },
        { "city_name": "Kampong Batu Marang" },
        { "city_name": "Kampong Madewa" },
        { "city_name": "Kampong Pelambayan" },
        { "city_name": "Kampong Ampar" },
        { "city_name": "Kampong Batu Empat" }
      ]
    },
    {
      "province_name": "Temburong",
      "cities": [
        { "city_name": "Bangar" },
        { "city_name": "Kampong Serdang" },
        { "city_name": "Kampong Kota Batu" },
        { "city_name": "Kampong Sungai Kelugus" },
        { "city_name": "Kampong Burong Pingai Berakas" },
        { "city_name": "Kampong Panchor Dulit" },
        { "city_name": "Kampong Pantau Marai" },
        { "city_name": "Kampong Lupak Luas" },
        { "city_name": "Kampong Pulaie" },
        { "city_name": "Kampong Sabun" },
        { "city_name": "Kampong Batu Lapan" },
        { "city_name": "Kampong Berangan" },
        { "city_name": "Kampong Sungai Lampai" },
        { "city_name": "Kampong Medaras" },
        { "city_name": "Kampong Terap Bau" },
        { "city_name": "Kampong Sungai Asam" },
        { "city_name": "Kampong Pudak" },
        { "city_name": "Kampong Ikas" },
        { "city_name": "Kampong Batu Empat" },
        { "city_name": "Kampong Buangsakar" },
        { "city_name": "Kampong Riong" },
        { "city_name": "Kampong Timbunan" },
        { "city_name": "Kampong Imang" },
        { "city_name": "Kampong Buang Tawar" }
      ]
    },
    {
      "province_name": "Tutong",
      "cities": [
        { "city_name": "Kampong Empat Setengah" },
        { "city_name": "Kampong Bibit" },
        { "city_name": "Kampong Bantun" },
        { "city_name": "Kampong Panjang" },
        { "city_name": "Kampong Berakas" },
        { "city_name": "Kampong Mengawang" },
        { "city_name": "Kampong Pulau Muda" },
        { "city_name": "Tangki Ayer" },
        { "city_name": "Istana Darul Hana" },
        { "city_name": "Rasau" },
        { "city_name": "Kampong Timahu" },
        { "city_name": "Kampong Selangan" },
        { "city_name": "Kampong Menunggol" },
        { "city_name": "Kampong Pelumpong" },
        { "city_name": "Kampong Panchuran" },
        { "city_name": "Kampong Paring" },
        { "city_name": "Kampong Kiajong" },
        { "city_name": "Kampong Limpas" },
        { "city_name": "Kampong Pepara" },
        { "city_name": "Kampong Rendangan" },
        { "city_name": "Kampong Baharu" }
      ]
    }
  ]
}
