{
  "country_name": "Grenada",
  "country_id": "GD",
  "provinces": [
    {
      "province_name": "Saint George",
      "cities": [
        { "city_name": "Saint George’s" },
        { "city_name": "Gouyave" },
        { "city_name": "Grenville" },
        { "city_name": "Willis" },
        { "city_name": "The Bocas" },
        { "city_name": "Morne Rouge" },
        { "city_name": "Mardigras" },
        { "city_name": "Laborie" },
        { "city_name": "Mango" },
        { "city_name": "Constantine" },
        { "city_name": "Petit Bouc" },
        { "city_name": "Corbeau Town" },
        { "city_name": "Golflands" },
        { "city_name": "Confer" },
        { "city_name": "Paddock" },
        { "city_name": "Richmond" },
        { "city_name": "Ruth Howard" },
        { "city_name": "Ka-fe Beau" },
        { "city_name": "True Blue" },
        { "city_name": "Blow Hole" },
        { "city_name": "Amber Belair" },
        { "city_name": "Mount Airy" },
        { "city_name": "Springs" },
        { "city_name": "Mont Tout" },
        { "city_name": "Sans Souci" },
        { "city_name": "White Gun" },
        { "city_name": "Molinière" },
        { "city_name": "Clarkes Court" },
        { "city_name": "Granton" },
        { "city_name": "Ravine" },
        { "city_name": "Morne Jaloux Ridge" },
        { "city_name": "Parade" },
        { "city_name": "Richmond Hill" },
        { "city_name": "Calivigny" },
        { "city_name": "Horne" },
        { "city_name": "Bamboo" },
        { "city_name": "Egmont" },
        { "city_name": "Calliste" },
        { "city_name": "Lower Woburn" },
        { "city_name": "Lance aux Épines" },
        { "city_name": "Tempé" },
        { "city_name": "Snug Corner" },
        { "city_name": "Café" },
        { "city_name": "Radix" },
        { "city_name": "Retreat" },
        { "city_name": "Hermitage" },
        { "city_name": "Mount Helicon" },
        { "city_name": "Mount Moritz Land Settlement" },
        { "city_name": "Morne Jaloux" },
        { "city_name": "Mount Moritz" },
        { "city_name": "Boca" },
        { "city_name": "Petit Calivigny" },
        { "city_name": "The Cliff" },
        { "city_name": "Happy Hill" },
        { "city_name": "Brizan" },
        { "city_name": "The Park" },
        { "city_name": "Beaulieu" },
        { "city_name": "Vendôme" },
        { "city_name": "Marian" },
        { "city_name": "La Mode" },
        { "city_name": "Grand Anse" },
        { "city_name": "Fort Jeudy" },
        { "city_name": "Morne Docteur" },
        { "city_name": "Gwa Kay" },
        { "city_name": "The Lime" },
        { "city_name": "Belmont" },
        { "city_name": "Frequente" },
        { "city_name": "Fontenoy" },
        { "city_name": "Gretna Green" },
        { "city_name": "Grand Mal" },
        { "city_name": "Mount Gay" },
        { "city_name": "Mardigras" },
        { "city_name": "Saint Paul’s" },
        { "city_name": "D’Arbeau" },
        { "city_name": "New Hampshire" },
        { "city_name": "Woburn" },
        { "city_name": "Falege" },
        { "city_name": "Mount Pleasant" },
        { "city_name": "Mount Rose" },
        { "city_name": "Belle Plain" },
        { "city_name": "Becke Moui" },
        { "city_name": "Epping Forest" },
        { "city_name": "Barrow" },
        { "city_name": "Perdmontemps" },
        { "city_name": "Charlotte Vale" },
        { "city_name": "Vincennes" },
        { "city_name": "Bois de Gannes" },
        { "city_name": "Westerhall Land Settlement" },
        { "city_name": "Morne Tranquille" },
        { "city_name": "La Femme" },
        { "city_name": "Corinth" },
        { "city_name": "Champs Fleurs" },
        { "city_name": "Thebaide" },
        { "city_name": "Syracuse" },
        { "city_name": "Petit Étang" },
        { "city_name": "Bellevue" },
        { "city_name": "Westerhall Point" },
        { "city_name": "Beaton" },
        { "city_name": "Petit Bacaye" },
        { "city_name": "Windsor Forest" },
        { "city_name": "Marlmount" },
        { "city_name": "Belle Isle" }
      ]
    }
  ]
}
