{
  "country_name": "Antigua and Barbuda",
  "country_id": "AG",
  "province": true,
  "provinces": [
    {
      "province_name": "Saint John's Parish",
      "cities": [
        { "city_name": "Saint John’s" },
        { "city_name": "Clare Hall" },
        { "city_name": "Potters Village" },
        { "city_name": "Branns Hamlet" },
        { "city_name": "Belmont" },
        { "city_name": "Golden Grove" },
        { "city_name": "Saint Johnston Village" },
        { "city_name": "Vernons" },
        { "city_name": "Grays Hill" },
        { "city_name": "Hattons" },
        { "city_name": "Weatherills" },
        { "city_name": "Royals" },
        { "city_name": "Woods" },
        { "city_name": "Boon House" },
        { "city_name": "Soldier" },
        { "city_name": "Bellevue Heights" },
        { "city_name": "Friars Hill" },
        { "city_name": "Olivers" },
        { "city_name": "Belvedere" },
        { "city_name": "Paradise View" },
        { "city_name": "Side Hill" },
        { "city_name": "Aberdeen" },
        { "city_name": "Black Rock" },
        { "city_name": "Martin Hill" },
        { "city_name": "Sutherland" },
        { "city_name": "Saint Clare" },
        { "city_name": "Potters Buff" },
        { "city_name": "Herberts" },
        { "city_name": "Cassada Gardens" },
        { "city_name": "Renfrew" },
        { "city_name": "Creekside" },
        { "city_name": "Saint Lukes" }
      ]
    },
    {
      "province_name": "Saint Paul Parish",
      "cities": [
        { "city_name": "Falmouth" },
        { "city_name": "English Harbour Town" },
        { "city_name": "Cobbs Cross" },
        { "city_name": "Pattersons" },
        { "city_name": "Mount William" },
        { "city_name": "Pattersons Dwelling House" },
        { "city_name": "Saint Helena" }
      ]
    },
    {
      "province_name": "Saint George Parish",
      "cities": [
        { "city_name": "Fitches Creek" },
        { "city_name": "Gunthorpes" },
        { "city_name": "North Sound" },
        { "city_name": "Osbourn" },
        { "city_name": "The Grove" },
        { "city_name": "Barnes Hill" },
        { "city_name": "Paynters" },
        { "city_name": "Lightfoots" },
        { "city_name": "Bellevue" },
        { "city_name": "Follys" }
      ]
    },
    {
      "province_name": "Saint Mary Parish",
      "cities": [
        { "city_name": "Bolans" },
        { "city_name": "Jennings" },
        { "city_name": "Old Road" },
        { "city_name": "Urlings" },
        { "city_name": "Cedar Grove" },
        { "city_name": "Five Islands Village" },
        { "city_name": "Yepton" }
      ]
    },
    {
      "province_name": "Saint Peter Parish",
      "cities": [
        { "city_name": "Parham" },
        { "city_name": "Pares" },
        { "city_name": "Seatons" },
        { "city_name": "Glavilles" }
      ]
    },
    {
      "province_name": "Saint Philip Parish",
      "cities": [{ "city_name": "Willikies" }, { "city_name": "Freetown" }]
    },
    {
      "province_name": "Saint Paul Parish",
      "cities": [
        { "city_name": "Bethesda" },
        { "city_name": "John Hughes" },
        { "city_name": "Christian Hill" }
      ]
    },
    {
      "province_name": "Barbuda",
      "cities": [{ "city_name": "Codrington" }]
    },
    {
      "province_name": "Other Areas",
      "cities": [
        { "city_name": "All Saints" },
        { "city_name": "Liberta" },
        { "city_name": "Swetes" },
        { "city_name": "New Winthorpes" },
        { "city_name": "Buckleys" },
        { "city_name": "Sea View Farm" },
        { "city_name": "Crosbies" },
        { "city_name": "Freemans" },
        { "city_name": "Tomlinson" },
        { "city_name": "Sutherlands Development" },
        { "city_name": "Willis Freemans" },
        { "city_name": "Richmond" },
        { "city_name": "The Ordnance Land" },
        { "city_name": "Green Hill" },
        { "city_name": "Tyrells" },
        { "city_name": "Weirs" },
        { "city_name": "Seaforths" },
        { "city_name": "Matthews" },
        { "city_name": "Red Hill" },
        { "city_name": "Table Hill Gordon" },
        { "city_name": "Bats Cave" },
        { "city_name": "Guinea Bush" },
        { "city_name": "Brooks" }
      ]
    }
  ]
}
