{
  "country_name": "Israel",
  "country_id": "IL",
  "provinces": [
    {
      "province_name": "Tel Aviv",
      "cities": [
        { "city_name": "Tel Aviv-Yafo" },
        { "city_name": "Rishon LeẔiyyon" },
        { "city_name": "Petaẖ Tiqwa" },
        { "city_name": "Netanya" },
        { "city_name": "Holon" },
        { "city_name": "Bené Beraq" },
        { "city_name": "Ramat Gan" },
        { "city_name": "Bat Yam" },
        { "city_name": "Reẖovot" },
        { "city_name": "Kefar Sava" },
        { "city_name": "Modi‘in Makkabbim Re‘ut" },
        { "city_name": "Herẕliyya" },
        { "city_name": "Ramat HaSharon" },
        { "city_name": "Nes Ẕiyyona" }
      ]
    },
    {
      "province_name": "Southern District",
      "cities": [
        { "city_name": "Ashdod" },
        { "city_name": "Beersheba" },
        { "city_name": "Ashqelon" },
        { "city_name": "Kiryat Gat" },
        { "city_name": "Rahat" },
        { "city_name": "Eilat" },
        { "city_name": "Dimona" },
        { "city_name": "Netivot" },
        { "city_name": "Ofaqim" }
      ]
    },
    {
      "province_name": "Haifa District",
      "cities": [
        { "city_name": "Haifa" },
        { "city_name": "Nazareth" },
        { "city_name": "Afula" },
        { "city_name": "Karmiel" },
        { "city_name": "Tiberias" }
      ]
    },
    {
      "province_name": "Central District",
      "cities": [
        { "city_name": "Jerusalem" },
        { "city_name": "Bat Shemesh" },
        { "city_name": "Lod" },
        { "city_name": "Ramla" },
        { "city_name": "Ra‘ananna" },
        { "city_name": "Qiryat Ata" },
        { "city_name": "Qiryat Moẕqin" },
        { "city_name": "Qiryat Ono" },
        { "city_name": "Shefar‘am" },
        { "city_name": "Or Yehuda" },
        { "city_name": "Yehud" },
        { "city_name": "Be’er Ya‘aqov" }
      ]
    },
    {
      "province_name": "Northern District",
      "cities": [
        { "city_name": "Umm el Faḥm" },
        { "city_name": "‘Akko" },
        { "city_name": "Tiberias" },
        { "city_name": "Eṭ Ṭaiyiba" },
        { "city_name": "Pardés H̱anna Karkur" },
        { "city_name": "Qiryat Bialik" },
        { "city_name": "Qiryat Yam" },
        { "city_name": "Ẕefat" },
        { "city_name": "Tamra" },
        { "city_name": "Sakhnīn" },
        { "city_name": "Al Khushnīyah" }
      ]
    },
    {
      "province_name": "Judea and Samaria Area",
      "cities": [
        { "city_name": "Ben Zakkay" },
        { "city_name": "Al Buţayḩah" },
        { "city_name": "Fīq" }
      ]
    }
  ]
}
