{
  "country_name": "Malta",
  "country_id": "MT",
  "provinces": [
    {
      "province_name": "Attard",
      "cities": [{ "city_name": "Attard" }]
    },
    {
      "province_name": "Balzan",
      "cities": [{ "city_name": "Balzan" }]
    },
    {
      "province_name": "Birkirkara",
      "cities": [{ "city_name": "Birkirkara" }, { "city_name": "Tal-Mejda" }]
    },
    {
      "province_name": "Birzebbuga",
      "cities": [{ "city_name": "Birżebbuġa" }]
    },
    {
      "province_name": "Dingli",
      "cities": [{ "city_name": "Dingli" }]
    },
    {
      "province_name": "Il-Fgura",
      "cities": [{ "city_name": "Fgura" }]
    },
    {
      "province_name": "Il-Fontana",
      "cities": [{ "city_name": "Fontana" }]
    },
    {
      "province_name": "Ghajnsielem",
      "cities": [{ "city_name": "Għajnsielem" }]
    },
    {
      "province_name": "L-Gharb",
      "cities": [{ "city_name": "Għarb" }]
    },
    {
      "province_name": "Hal Gharghur",
      "cities": [{ "city_name": "Għargħur" }]
    },
    {
      "province_name": "L-Ghasri",
      "cities": [{ "city_name": "Għasri" }]
    },
    {
      "province_name": "Hal Ghaxaq",
      "cities": [{ "city_name": "Għaxaq" }]
    },
    {
      "province_name": "Il-Gudja",
      "cities": [{ "city_name": "Gudja" }]
    },
    {
      "province_name": "Il-Gzira",
      "cities": [{ "city_name": "Gżira" }]
    },
    {
      "province_name": "Il-Hamrun",
      "cities": [{ "city_name": "Ħamrun" }]
    },
    {
      "province_name": "L-Iklin",
      "cities": [{ "city_name": "Iklin" }]
    },
    {
      "province_name": "L-Imdina",
      "cities": [{ "city_name": "Imdina" }]
    },
    {
      "province_name": "L-Imgarr",
      "cities": [{ "city_name": "Imġarr" }]
    },
    {
      "province_name": "L-Imqabba",
      "cities": [{ "city_name": "Imqabba" }]
    },
    {
      "province_name": "L-Imsida",
      "cities": [{ "city_name": "Imsida" }]
    },
    {
      "province_name": "L-Imtarfa",
      "cities": [{ "city_name": "Imtarfa" }]
    },
    {
      "province_name": "Il-Kalkara",
      "cities": [{ "city_name": "Kalkara" }]
    },
    {
      "province_name": "Ta' Kercem",
      "cities": [{ "city_name": "Kerċem" }]
    },
    {
      "province_name": "Kirkop",
      "cities": [{ "city_name": "Kirkop" }]
    },
    {
      "province_name": "Lija",
      "cities": [{ "city_name": "Lija" }]
    },
    {
      "province_name": "Luqa",
      "cities": [{ "city_name": "Luqa" }]
    },
    {
      "province_name": "Il-Marsa",
      "cities": [{ "city_name": "Marsa" }]
    },
    {
      "province_name": "Marsaskala",
      "cities": [{ "city_name": "Marsaskala" }, { "city_name": "Żonqor" }]
    },
    {
      "province_name": "Marsaxlokk",
      "cities": [{ "city_name": "Marsaxlokk" }]
    },
    {
      "province_name": "Il-Mellieha",
      "cities": [{ "city_name": "Mellieħa" }]
    },
    {
      "province_name": "Il-Mosta",
      "cities": [{ "city_name": "Mosta" }, { "city_name": "Ħas-Sajd" }]
    },
    {
      "province_name": "Il-Munxar",
      "cities": [{ "city_name": "Munxar" }]
    },
    {
      "province_name": "In-Nadur",
      "cities": [{ "city_name": "Nadur" }]
    },
    {
      "province_name": "In-Naxxar",
      "cities": [
        { "city_name": "Naxxar" },
        { "city_name": "Ta’ Ċantar" },
        { "city_name": "Il-Madliena" }
      ]
    },
    {
      "province_name": "Paola",
      "cities": [{ "city_name": "Paola" }]
    },
    {
      "province_name": "Pembroke",
      "cities": [{ "city_name": "Pembroke" }]
    },
    {
      "province_name": "Tal-Pieta",
      "cities": [{ "city_name": "Pietà" }]
    },
    {
      "province_name": "Il-Qala",
      "cities": [{ "city_name": "Qala" }]
    },
    {
      "province_name": "Qormi",
      "cities": [
        { "city_name": "Qormi" },
        { "city_name": "Tal-Borġ" },
        { "city_name": "Il-Ħandaq" }
      ]
    },
    {
      "province_name": "Il-Qrendi",
      "cities": [{ "city_name": "Qrendi" }]
    },
    {
      "province_name": "Ir-Rabat",
      "cities": [{ "city_name": "Rabat" }, { "city_name": "Tal-Mejda" }]
    },
    {
      "province_name": "Victoria",
      "cities": [{ "city_name": "Victoria" }]
    },
    {
      "province_name": "Safi",
      "cities": [{ "city_name": "Safi" }]
    },
    {
      "province_name": "Saint Julian's",
      "cities": [{ "city_name": "San Ġiljan" }, { "city_name": "Il-Qattara" }]
    },
    {
      "province_name": "Saint Lawrence",
      "cities": [{ "city_name": "San Lawrenz" }]
    },
    {
      "province_name": "Saint Paul's Bay",
      "cities": [
        { "city_name": "Saint Paul’s Bay" },
        { "city_name": "Beżbeżija" },
        { "city_name": "Wied l-Arkata" }
      ]
    },
    {
      "province_name": "Saint Venera",
      "cities": [{ "city_name": "Santa Venera" }]
    },
    {
      "province_name": "Sannat",
      "cities": [{ "city_name": "Sannat" }]
    },
    {
      "province_name": "Is-Siggiewi",
      "cities": [{ "city_name": "Siġġiewi" }]
    },
    {
      "province_name": "Tas-Sliema",
      "cities": [{ "city_name": "Sliema" }, { "city_name": "Il-Gżira" }]
    },
    {
      "province_name": "Is-Swieqi",
      "cities": [{ "city_name": "Swieqi" }, { "city_name": "Il-Madliena" }]
    },
    {
      "province_name": "Tarxien",
      "cities": [{ "city_name": "Tarxien" }]
    },
    {
      "province_name": "Ta' Xbiex",
      "cities": [{ "city_name": "Ta’ Xbiex" }]
    },
    {
      "province_name": "Ix-Xaghra",
      "cities": [{ "city_name": "Xagħra" }]
    },
    {
      "province_name": "Ix-Xewkija",
      "cities": [{ "city_name": "Xewkija" }]
    },
    {
      "province_name": "Ix-Xghajra",
      "cities": [{ "city_name": "Xgħajra" }]
    },
    {
      "province_name": "Haz-Zabbar",
      "cities": [{ "city_name": "Żabbar" }, { "city_name": "Misraħ Strejnu" }]
    },
    {
      "province_name": "Haz-Zebbug",
      "cities": [{ "city_name": "Żebbuġ" }, { "city_name": "Tal-Ħandaq" }]
    },
    {
      "province_name": "Iz-Zejtun",
      "cities": [{ "city_name": "Żejtun" }, { "city_name": "Santa Luċija" }]
    },
    {
      "province_name": "Iz-Zurrieq",
      "cities": [{ "city_name": "Żurrieq" }]
    },
    {
      "province_name": "Il-Belt Valletta",
      "cities": [{ "city_name": "Valletta" }, { "city_name": "Floriana" }]
    }
  ]
}
