{
  "country_name": "Lesotho",
  "country_id": "LS",
  "provinces": [
    {
      "province_name": "Maseru",
      "cities": [
        { "city_name": "Maseru" },
        { "city_name": "Makhaleng Constituency" },
        { "city_name": "Rothe" },
        { "city_name": "Maseru Central" },
        { "city_name": "Mazenod" },
        { "city_name": "Ratau" },
        { "city_name": "Nyakosoba" },
        { "city_name": "Tikoe" },
        { "city_name": "Tsiame" },
        { "city_name": "Botsabelo" },
        { "city_name": "Kepi" },
        { "city_name": "Moliboeas" },
        { "city_name": "Foso" },
        { "city_name": "Motloang" },
        { "city_name": "Molefis" },
        { "city_name": "Malealea" },
        { "city_name": "Roma" },
        { "city_name": "Patrick" },
        { "city_name": "Khukuhune" },
        { "city_name": "Hlakametsas" },
        { "city_name": "Tsime" },
        { "city_name": "Makhoathi" },
        { "city_name": "Tsikoane" },
        { "city_name": "Rasekilas" },
        { "city_name": "Selomas" },
        { "city_name": "Serutle" },
        { "city_name": "Kala" },
        { "city_name": "Upper Qeme" },
        { "city_name": "Machekoaneng" },
        { "city_name": "Sekoala" },
        { "city_name": "Mantsebo" },
        { "city_name": "Tseka" },
        { "city_name": "Boqate" },
        { "city_name": "Makhalanyane" },
        { "city_name": "Thaba Bosigo" },
        { "city_name": "Hobsons" },
        { "city_name": "Berea Hills" },
        { "city_name": "Seetsas" },
        { "city_name": "Mokhathis" },
        { "city_name": "Dilli Dilli" },
        { "city_name": "Mathokoane" },
        { "city_name": "Cana" },
        { "city_name": "Phoofolo" },
        { "city_name": "Mamathes" },
        { "city_name": "Mantoetsi" },
        { "city_name": "Seutloali" },
        { "city_name": "Koeneng" },
        { "city_name": "Seshophe" },
        { "city_name": "Corn Exchange" },
        { "city_name": "Khotsi" },
        { "city_name": "Jonathans" },
        { "city_name": "Khetisas" },
        { "city_name": "Lower Qeme" },
        { "city_name": "Makhinas" },
        { "city_name": "Khabos" },
        { "city_name": "Theko" },
        { "city_name": "Ntsi" },
        { "city_name": "Matela" },
        { "city_name": "Tsehlo" },
        { "city_name": "Metolong" },
        { "city_name": "Brakfontein" },
        { "city_name": "Hangers Drift" },
        { "city_name": "Makhaketsa" },
        { "city_name": "Thokoa" },
        { "city_name": "Morameng" },
        { "city_name": "Kolonyama" },
        { "city_name": "Khamolane" },
        { "city_name": "Lekokoaneng" },
        { "city_name": "Mohlafateng" },
        { "city_name": "Tabola" },
        { "city_name": "Mokema" },
        { "city_name": "Massabiella" },
        { "city_name": "Mofokas" },
        { "city_name": "Mphoto" },
        { "city_name": "Koro-Koro" },
        { "city_name": "Leutsoa" },
        { "city_name": "Matsieng" }
      ]
    },
    {
      "province_name": "Berea",
      "cities": [
        { "city_name": "Teyateyaneng" },
        { "city_name": "Mapoteng" },
        { "city_name": "Senekane" },
        { "city_name": "Kueneng" },
        { "city_name": "Maghalleen" },
        { "city_name": "Pitseng" },
        { "city_name": "Siloe" },
        { "city_name": "Peka" },
        { "city_name": "Mokomahatsi" },
        { "city_name": "Mokhachane" },
        { "city_name": "Mapoteng" },
        { "city_name": "Makhoroana" },
        { "city_name": "Urban" },
        { "city_name": "Mamathe" }
      ]
    },
    {
      "province_name": "Leribe District",
      "cities": [
        { "city_name": "Leribe" },
        { "city_name": "Maputsoe" },
        { "city_name": "Khomokhoana Community" },
        { "city_name": "Urban" },
        { "city_name": "Hleoheng" },
        { "city_name": "Peka" },
        { "city_name": "Tsikoane" },
        { "city_name": "Rasekilas" },
        { "city_name": "Selomas" },
        { "city_name": "Serutle" },
        { "city_name": "Kala" }
      ]
    },
    {
      "province_name": "Butha-Buthe",
      "cities": [
        { "city_name": "Butha-Buthe" },
        { "city_name": "Motete" },
        { "city_name": "Qalo" }
      ]
    },
    {
      "province_name": "Quthing",
      "cities": [
        { "city_name": "Quthing" },
        { "city_name": "Nako" },
        { "city_name": "Ramabitsa" },
        { "city_name": "Rasebetsane" }
      ]
    },
    {
      "province_name": "Qacha's Nek",
      "cities": [{ "city_name": "Qacha’s Nek" }]
    },
    {
      "province_name": "Mokhotlong",
      "cities": [{ "city_name": "Mokhotlong" }]
    },
    {
      "province_name": "Mohale's Hoek District",
      "cities": [
        { "city_name": "Mohale’s Hoek" },
        { "city_name": "Old Mohales Hoek" },
        { "city_name": "Khitsane" }
      ]
    },
    {
      "province_name": "Mafeteng District",
      "cities": [{ "city_name": "Mafeteng" }]
    },
    {
      "province_name": "Thaba-Tseka",
      "cities": [{ "city_name": "Thaba-Tseka" }, { "city_name": "Liphakoeng" }]
    }
  ]
}
