{
  "country_name": "Solomon Islands",
  "country_id": "SB",
  "provinces": [
    {
      "province_name": "Western Province",
      "cities": [
        {
          "city_name": "Munda"
        },
        {
          "city_name": "Noro"
        },
        {
          "city_name": "Gizo"
        },
        {
          "city_name": "Matanganakafo"
        },
        {
          "city_name": "Mbuandoko"
        },
        {
          "city_name": "Kovare"
        },
        {
          "city_name": "Kakambona"
        },
        {
          "city_name": "Taumbaghe"
        },
        {
          "city_name": "Na Mbo"
        },
        {
          "city_name": "Kicho"
        },
        {
          "city_name": "Ngalitatae"
        },
        {
          "city_name": "Haghalu"
        },
        {
          "city_name": "Lambete"
        },
        {
          "city_name": "Monitawa"
        },
        {
          "city_name": "Tawarogha"
        },
        {
          "city_name": "Firifau"
        },
        {
          "city_name": "Logha"
        },
        {
          "city_name": "Kilufi"
        },
        {
          "city_name": "Seleo"
        },
        {
          "city_name": "Ngalitalo"
        },
        {
          "city_name": "Fo’ondo"
        },
        {
          "city_name": "Taumamae"
        },
        {
          "city_name": "Roso"
        },
        {
          "city_name": "Kokamau"
        },
        {
          "city_name": "Paru"
        },
        {
          "city_name": "Anuta"
        },
        {
          "city_name": "Mbelagha"
        },
        {
          "city_name": "Kakara"
        },
        {
          "city_name": "Takavali"
        }
      ]
    },
    {
      "province_name": "Malaita Province",
      "cities": [
        {
          "city_name": "Auki"
        },
        {
          "city_name": "Kwai"
        },
        {
          "city_name": "Ngongosila"
        },
        {
          "city_name": "Lilisiana"
        },
        {
          "city_name": "Bina"
        },
        {
          "city_name": "Buma"
        },
        {
          "city_name": "Sape"
        },
        {
          "city_name": "Talingavatu"
        },
        {
          "city_name": "Ndarangwara’u"
        },
        {
          "city_name": "Bwaunasughu"
        },
        {
          "city_name": "Ngarafata"
        },
        {
          "city_name": "Onemae"
        },
        {
          "city_name": "Kilusakwalo"
        },
        {
          "city_name": "’Aimela"
        },
        {
          "city_name": "Mbangopingo"
        },
        {
          "city_name": "Kofi"
        },
        {
          "city_name": "Raolo"
        },
        {
          "city_name": "Tit’hiro"
        },
        {
          "city_name": "Ta’alulolo"
        },
        {
          "city_name": "Lelei"
        },
        {
          "city_name": "Nudungi"
        },
        {
          "city_name": "Mbareho"
        },
        {
          "city_name": "Nono"
        },
        {
          "city_name": "Ndunde"
        },
        {
          "city_name": "Fa’arau"
        },
        {
          "city_name": "Daolusu"
        },
        {
          "city_name": "Kokenggolo"
        },
        {
          "city_name": "’Onggou"
        },
        {
          "city_name": "Nele"
        },
        {
          "city_name": "Iringgila"
        },
        {
          "city_name": "Bina"
        },
        {
          "city_name": "Aenathaia"
        },
        {
          "city_name": "Maluu"
        },
        {
          "city_name": "Fouia"
        },
        {
          "city_name": "Rerede"
        },
        {
          "city_name": "Ghupuna"
        },
        {
          "city_name": "Bulabu"
        },
        {
          "city_name": "Maluka"
        },
        {
          "city_name": "Tearoku"
        },
        {
          "city_name": "Manaambu"
        }
      ]
    },
    {
      "province_name": "Isabel Province",
      "cities": [
        {
          "city_name": "Buala"
        },
        {
          "city_name": "Kolutoha"
        },
        {
          "city_name": "Vatukolaa"
        },
        {
          "city_name": "Veralee"
        },
        {
          "city_name": "Tanakombu"
        },
        {
          "city_name": "Gouulu"
        },
        {
          "city_name": "Olevugha"
        },
        {
          "city_name": "Kwainaketo"
        },
        {
          "city_name": "Abu"
        },
        {
          "city_name": "Tambakokomu"
        },
        {
          "city_name": "Menakasapa"
        },
        {
          "city_name": "Mburuku"
        },
        {
          "city_name": "Kukumu"
        },
        {
          "city_name": "Tanahai"
        },
        {
          "city_name": "Verahoai"
        },
        {
          "city_name": "Kafoambu"
        },
        {
          "city_name": "Ndula"
        },
        {
          "city_name": "A’ama"
        }
      ]
    },
    {
      "province_name": "Guadalcanal Province",
      "cities": [
        {
          "city_name": "Kirakira"
        },
        {
          "city_name": "Lungga"
        },
        {
          "city_name": "Tanavasa"
        },
        {
          "city_name": "Tigoa"
        },
        {
          "city_name": "Simsimah"
        },
        {
          "city_name": "Al Wa‘b"
        },
        {
          "city_name": "Al Khurayţīyāt"
        },
        {
          "city_name": "Al Mashāf"
        }
      ]
    },
    {
      "province_name": "Central Province",
      "cities": [
        {
          "city_name": "Tulagi"
        },
        {
          "city_name": "Yandina"
        }
      ]
    },
    {
      "province_name": "Temotu Province",
      "cities": [
        {
          "city_name": "Lata"
        },
        {
          "city_name": "Nudungi"
        },
        {
          "city_name": "Mbareho"
        },
        {
          "city_name": "Nono"
        },
        {
          "city_name": "Ndunde"
        },
        {
          "city_name": "Fa’arau"
        },
        {
          "city_name": "Daolusu"
        },
        {
          "city_name": "Kokenggolo"
        },
        {
          "city_name": "’Onggou"
        },
        {
          "city_name": "Nele"
        },
        {
          "city_name": "Iringgila"
        },
        {
          "city_name": "Bina"
        },
        {
          "city_name": "Aenathaia"
        },
        {
          "city_name": "Maluu"
        },
        {
          "city_name": "Fouia"
        },
        {
          "city_name": "Rerede"
        },
        {
          "city_name": "Ghupuna"
        },
        {
          "city_name": "Bulabu"
        },
        {
          "city_name": "Maluka"
        },
        {
          "city_name": "Tearoku"
        },
        {
          "city_name": "Manaambu"
        }
      ]
    },
    {
      "province_name": "Makira-Ulawa Province",
      "cities": [
        {
          "city_name": "Matanganakafo"
        },
        {
          "city_name": "Mbuandoko"
        },
        {
          "city_name": "Kovare"
        },
        {
          "city_name": "Kakambona"
        },
        {
          "city_name": "Taumbaghe"
        },
        {
          "city_name": "Na Mbo"
        },
        {
          "city_name": "Kicho"
        },
        {
          "city_name": "Ngalitatae"
        },
        {
          "city_name": "Haghalu"
        }
      ]
    },
    {
      "province_name": "Choiseul",
      "cities": [
        {
          "city_name": "Taro"
        },
        {
          "city_name": "Tamatangga"
        }
      ]
    },
    {
      "province_name": "Rennell and Bellona",
      "cities": [
        {
          "city_name": "Tigoa"
        }
      ]
    },
    {
      "province_name": "Honiara",
      "cities": [
        {
          "city_name": "Honiara"
        },
        {
          "city_name": "Tuvaruhu"
        },
        {
          "city_name": "Chinatown"
        }
      ]
    }
  ]
}
