{
  "country_name": "Democratic Republic of the Congo",
  "country_id": "CD",
  "provinces": [
    {
      "province_name": "Kinshasa",
      "cities": [
        { "city_name": "Kinshasa" },
        { "city_name": "Mbuji-Mayi" },
        { "city_name": "Kananga" },
        { "city_name": "Lubumbashi" },
        { "city_name": "Katako-Kombe" },
        { "city_name": "Mbandaka" },
        { "city_name": "Bukavu" },
        { "city_name": "Kisangani" },
        { "city_name": "Kibanseke Première" },
        { "city_name": "Bunia" },
        { "city_name": "Tshikapa" },
        { "city_name": "Uvira" }
      ]
    },
    {
      "province_name": "Likasi",
      "cities": [
        { "city_name": "Likasi" },
        { "city_name": "Kolwezi" },
        { "city_name": "Kikwit" },
        { "city_name": "Ndjili" },
        { "city_name": "Kisenzi" },
        { "city_name": "Matadi" },
        { "city_name": "Goma" },
        { "city_name": "Kabinda" },
        { "city_name": "Beni" },
        { "city_name": "Butembo" }
      ]
    },
    {
      "province_name": "Gbadolite",
      "cities": [
        { "city_name": "Gbadolite" },
        { "city_name": "Mwene-Ditu" },
        { "city_name": "Isiro" },
        { "city_name": "Kindu" },
        { "city_name": "Boma" },
        { "city_name": "Kamina" },
        { "city_name": "Moanda" },
        { "city_name": "Kalemie" },
        { "city_name": "Wamba" }
      ]
    },
    {
      "province_name": "Gandajika",
      "cities": [
        { "city_name": "Gandajika" },
        { "city_name": "Bandundu" },
        { "city_name": "Nsele" },
        { "city_name": "Gemena" },
        { "city_name": "Kipushi" },
        { "city_name": "Baraka" },
        { "city_name": "Ilebo" },
        { "city_name": "Kongolo" },
        { "city_name": "Bumba" },
        { "city_name": "Lingwala" }
      ]
    },
    {
      "province_name": "Tshilenge",
      "cities": [
        { "city_name": "Tshilenge" },
        { "city_name": "Lisala" },
        { "city_name": "Buta" },
        { "city_name": "Inongo" },
        { "city_name": "Kenge" },
        { "city_name": "Lusambo" }
      ]
    },
    {
      "province_name": "Boende",
      "cities": [
        { "city_name": "Boende" },
        { "city_name": "Djugu" },
        { "city_name": "Drodro" }
      ]
    }
  ]
}
