{
  "country_name": "Central African Republic",
  "country_id": "CF",
  "provinces": [
    {
      "province_name": "Bangui",
      "cities": [{ "city_name": "Bangui" }]
    },
    {
      "province_name": "Bimbo",
      "cities": [{ "city_name": "Bimbo" }]
    },
    {
      "province_name": "Berbérati",
      "cities": [{ "city_name": "Berbérati" }]
    },
    {
      "province_name": "Bocaranga",
      "cities": [{ "city_name": "Bocaranga" }]
    },
    {
      "province_name": "Carnot",
      "cities": [{ "city_name": "Carnot" }]
    },
    {
      "province_name": "Nola",
      "cities": [{ "city_name": "Nola" }]
    },
    {
      "province_name": "Bambari",
      "cities": [{ "city_name": "Bambari" }]
    },
    {
      "province_name": "Bouar",
      "cities": [{ "city_name": "Bouar" }]
    },
    {
      "province_name": "Bossangoa",
      "cities": [{ "city_name": "Bossangoa" }]
    },
    {
      "province_name": "Bria",
      "cities": [{ "city_name": "Bria" }]
    },
    {
      "province_name": "Bangassou",
      "cities": [{ "city_name": "Bangassou" }]
    },
    {
      "province_name": "Kaga Bandoro",
      "cities": [{ "city_name": "Kaga Bandoro" }]
    },
    {
      "province_name": "Sibut",
      "cities": [{ "city_name": "Sibut" }]
    },
    {
      "province_name": "Mbaïki",
      "cities": [{ "city_name": "Mbaïki" }]
    },
    {
      "province_name": "Bozoum",
      "cities": [{ "city_name": "Bozoum" }]
    },
    {
      "province_name": "Ndélé",
      "cities": [{ "city_name": "Ndélé" }]
    },
    {
      "province_name": "Birao",
      "cities": [{ "city_name": "Birao" }]
    },
    {
      "province_name": "Obo",
      "cities": [{ "city_name": "Obo" }]
    },
    {
      "province_name": "Mobaye",
      "cities": [{ "city_name": "Mobaye" }]
    }
  ]
}
